-- MySQL dump 10.13  Distrib 8.0.45, for Linux (x86_64)
--
-- Host: localhost    Database: polachecks
-- ------------------------------------------------------
-- Server version	8.0.45-0ubuntu0.24.04.1

/*!40101 SET @OLD_CHARACTER_SET_CLIENT=@@CHARACTER_SET_CLIENT */;
/*!40101 SET @OLD_CHARACTER_SET_RESULTS=@@CHARACTER_SET_RESULTS */;
/*!40101 SET @OLD_COLLATION_CONNECTION=@@COLLATION_CONNECTION */;
/*!50503 SET NAMES utf8mb4 */;
/*!40103 SET @OLD_TIME_ZONE=@@TIME_ZONE */;
/*!40103 SET TIME_ZONE='+00:00' */;
/*!40014 SET @OLD_UNIQUE_CHECKS=@@UNIQUE_CHECKS, UNIQUE_CHECKS=0 */;
/*!40014 SET @OLD_FOREIGN_KEY_CHECKS=@@FOREIGN_KEY_CHECKS, FOREIGN_KEY_CHECKS=0 */;
/*!40101 SET @OLD_SQL_MODE=@@SQL_MODE, SQL_MODE='NO_AUTO_VALUE_ON_ZERO' */;
/*!40111 SET @OLD_SQL_NOTES=@@SQL_NOTES, SQL_NOTES=0 */;

--
-- Table structure for table `Allocation`
--

DROP TABLE IF EXISTS `Allocation`;
/*!40101 SET @saved_cs_client     = @@character_set_client */;
/*!50503 SET character_set_client = utf8mb4 */;
CREATE TABLE `Allocation` (
  `id` int NOT NULL AUTO_INCREMENT,
  `requirementId` int NOT NULL,
  `customerId` int NOT NULL,
  `stockItemId` int NOT NULL,
  `assignedByUserId` int NOT NULL,
  `assignedAt` datetime(3) NOT NULL,
  `expiresAt` datetime(3) NOT NULL,
  `status` enum('ACTIVE','SOLD','EXPIRED','CANCELLED') COLLATE utf8mb4_unicode_ci NOT NULL DEFAULT 'ACTIVE',
  `remarks` text COLLATE utf8mb4_unicode_ci,
  `createdAt` datetime(3) NOT NULL DEFAULT CURRENT_TIMESTAMP(3),
  `updatedAt` datetime(3) NOT NULL,
  PRIMARY KEY (`id`),
  KEY `Allocation_status_expiresAt_idx` (`status`,`expiresAt`),
  KEY `Allocation_requirementId_idx` (`requirementId`),
  KEY `Allocation_customerId_idx` (`customerId`),
  KEY `Allocation_stockItemId_idx` (`stockItemId`),
  KEY `Allocation_assignedByUserId_fkey` (`assignedByUserId`),
  CONSTRAINT `Allocation_assignedByUserId_fkey` FOREIGN KEY (`assignedByUserId`) REFERENCES `User` (`id`) ON DELETE RESTRICT ON UPDATE CASCADE,
  CONSTRAINT `Allocation_customerId_fkey` FOREIGN KEY (`customerId`) REFERENCES `Customer` (`id`) ON DELETE RESTRICT ON UPDATE CASCADE,
  CONSTRAINT `Allocation_requirementId_fkey` FOREIGN KEY (`requirementId`) REFERENCES `Requirement` (`id`) ON DELETE RESTRICT ON UPDATE CASCADE,
  CONSTRAINT `Allocation_stockItemId_fkey` FOREIGN KEY (`stockItemId`) REFERENCES `StockItem` (`id`) ON DELETE RESTRICT ON UPDATE CASCADE
) ENGINE=InnoDB AUTO_INCREMENT=2 DEFAULT CHARSET=utf8mb4 COLLATE=utf8mb4_unicode_ci;
/*!40101 SET character_set_client = @saved_cs_client */;

--
-- Dumping data for table `Allocation`
--

LOCK TABLES `Allocation` WRITE;
/*!40000 ALTER TABLE `Allocation` DISABLE KEYS */;
INSERT INTO `Allocation` VALUES (1,1,1,3,1,'2026-03-16 12:03:50.426','2026-03-20 12:00:00.000','ACTIVE',NULL,'2026-03-16 12:03:50.427','2026-03-16 12:03:50.427');
/*!40000 ALTER TABLE `Allocation` ENABLE KEYS */;
UNLOCK TABLES;

--
-- Table structure for table `AuditLog`
--

DROP TABLE IF EXISTS `AuditLog`;
/*!40101 SET @saved_cs_client     = @@character_set_client */;
/*!50503 SET character_set_client = utf8mb4 */;
CREATE TABLE `AuditLog` (
  `id` int NOT NULL AUTO_INCREMENT,
  `entityType` varchar(191) COLLATE utf8mb4_unicode_ci NOT NULL,
  `entityId` varchar(191) COLLATE utf8mb4_unicode_ci NOT NULL,
  `action` varchar(191) COLLATE utf8mb4_unicode_ci NOT NULL,
  `actorUserId` int DEFAULT NULL,
  `summary` varchar(191) COLLATE utf8mb4_unicode_ci NOT NULL,
  `metadata` json DEFAULT NULL,
  `createdAt` datetime(3) NOT NULL DEFAULT CURRENT_TIMESTAMP(3),
  PRIMARY KEY (`id`),
  KEY `AuditLog_entityType_entityId_idx` (`entityType`,`entityId`),
  KEY `AuditLog_actorUserId_createdAt_idx` (`actorUserId`,`createdAt`),
  KEY `AuditLog_action_createdAt_idx` (`action`,`createdAt`),
  CONSTRAINT `AuditLog_actorUserId_fkey` FOREIGN KEY (`actorUserId`) REFERENCES `User` (`id`) ON DELETE SET NULL ON UPDATE CASCADE
) ENGINE=InnoDB AUTO_INCREMENT=5 DEFAULT CHARSET=utf8mb4 COLLATE=utf8mb4_unicode_ci;
/*!40101 SET character_set_client = @saved_cs_client */;

--
-- Dumping data for table `AuditLog`
--

LOCK TABLES `AuditLog` WRITE;
/*!40000 ALTER TABLE `AuditLog` DISABLE KEYS */;
INSERT INTO `AuditLog` VALUES (1,'WATCH_REFERENCE','136','REFERENCE_MEDIA_UPDATED',1,'Updated media for reference AB0136251B1A1','{\"imageUrl\": \"/uploads/references/fadcd83d-dcee-4e0a-ae3c-ca0c2ee145bd-ab0136251b1a1-soldier_c058b981.png\"}','2026-03-17 08:36:23.944'),(2,'WATCH_REFERENCE','136','REFERENCE_MEDIA_UPDATED',1,'Updated media for reference AB0136251B1A1','{\"imageUrl\": \"/uploads/references/fadcd83d-dcee-4e0a-ae3c-ca0c2ee145bd-ab0136251b1a1-soldier_c058b981.png\"}','2026-03-17 08:36:30.894'),(3,'WATCH_REFERENCE','100','REFERENCE_MEDIA_UPDATED',1,'Updated media for reference A32398101C1A1','{\"imageUrl\": \"/uploads/references/8981d0a1-5f58-4266-932a-422abef661c2-a32398101c1a1-soldier_32d83816.png\"}','2026-03-17 08:43:56.753'),(4,'WATCH_REFERENCE','142','REFERENCE_MEDIA_UPDATED',1,'Updated media for reference AB0138211B1P1','{\"imageUrl\": \"https://www.breitling.com/api/image-proxy/www-breitling.eu.saleor.cloud/media/products/ab0138211b1p1-soldier_5ba1fffb.png?imwidth=750&format=auto\"}','2026-03-17 08:47:08.444');
/*!40000 ALTER TABLE `AuditLog` ENABLE KEYS */;
UNLOCK TABLES;

--
-- Table structure for table `Brand`
--

DROP TABLE IF EXISTS `Brand`;
/*!40101 SET @saved_cs_client     = @@character_set_client */;
/*!50503 SET character_set_client = utf8mb4 */;
CREATE TABLE `Brand` (
  `id` int NOT NULL AUTO_INCREMENT,
  `name` varchar(191) COLLATE utf8mb4_unicode_ci NOT NULL,
  `slug` varchar(191) COLLATE utf8mb4_unicode_ci NOT NULL,
  `isActive` tinyint(1) NOT NULL DEFAULT '1',
  `externalId` varchar(191) COLLATE utf8mb4_unicode_ci DEFAULT NULL,
  `createdAt` datetime(3) NOT NULL DEFAULT CURRENT_TIMESTAMP(3),
  `updatedAt` datetime(3) NOT NULL,
  PRIMARY KEY (`id`),
  UNIQUE KEY `Brand_name_key` (`name`),
  UNIQUE KEY `Brand_slug_key` (`slug`),
  UNIQUE KEY `Brand_externalId_key` (`externalId`)
) ENGINE=InnoDB AUTO_INCREMENT=9 DEFAULT CHARSET=utf8mb4 COLLATE=utf8mb4_unicode_ci;
/*!40101 SET character_set_client = @saved_cs_client */;

--
-- Dumping data for table `Brand`
--

LOCK TABLES `Brand` WRITE;
/*!40000 ALTER TABLE `Brand` DISABLE KEYS */;
INSERT INTO `Brand` VALUES (1,'Rolex','rolex',1,'rolex','2026-03-14 15:46:23.167','2026-03-14 16:29:40.532'),(2,'Patek Philippe','patek philippe',1,'patek philippe','2026-03-14 15:46:23.172','2026-03-14 16:29:40.182'),(4,'Breitling','breitling',1,'breitling','2026-03-14 16:10:52.943','2026-03-14 16:29:38.492'),(5,'Cartier','cartier',1,'cartier','2026-03-14 16:17:06.236','2026-03-14 16:29:38.919'),(6,'Panerai','panerai',1,'panerai','2026-03-14 16:17:34.605','2026-03-14 16:29:39.293'),(8,'Tudor','tudor',1,'tudor','2026-03-14 16:29:40.947','2026-03-14 16:29:40.947');
/*!40000 ALTER TABLE `Brand` ENABLE KEYS */;
UNLOCK TABLES;

--
-- Table structure for table `CatalogSyncRun`
--

DROP TABLE IF EXISTS `CatalogSyncRun`;
/*!40101 SET @saved_cs_client     = @@character_set_client */;
/*!50503 SET character_set_client = utf8mb4 */;
CREATE TABLE `CatalogSyncRun` (
  `id` int NOT NULL AUTO_INCREMENT,
  `sourceCode` varchar(191) COLLATE utf8mb4_unicode_ci NOT NULL,
  `runType` varchar(191) COLLATE utf8mb4_unicode_ci NOT NULL,
  `status` enum('STARTED','SUCCESS','FAILED','PARTIAL') COLLATE utf8mb4_unicode_ci NOT NULL,
  `startedAt` datetime(3) NOT NULL,
  `endedAt` datetime(3) DEFAULT NULL,
  `summaryJson` json DEFAULT NULL,
  `errorLog` longtext COLLATE utf8mb4_unicode_ci,
  PRIMARY KEY (`id`)
) ENGINE=InnoDB AUTO_INCREMENT=10 DEFAULT CHARSET=utf8mb4 COLLATE=utf8mb4_unicode_ci;
/*!40101 SET character_set_client = @saved_cs_client */;

--
-- Dumping data for table `CatalogSyncRun`
--

LOCK TABLES `CatalogSyncRun` WRITE;
/*!40000 ALTER TABLE `CatalogSyncRun` DISABLE KEYS */;
INSERT INTO `CatalogSyncRun` VALUES (1,'THEWATCHAPI','FULL','FAILED','2026-03-14 15:50:17.119','2026-03-14 15:50:18.053',NULL,'thewatchapi request failed: 404 {\"error\":{\"code\":\"invalid_api_endpoint\",\"message\":\"The requested API endpoint is invalid.\"}}'),(2,'THEWATCHAPI','FULL','FAILED','2026-03-14 16:00:30.131','2026-03-14 16:00:30.171',NULL,'Missing THEWATCHAPI_TOKEN'),(3,'THEWATCHAPI','FULL','FAILED','2026-03-14 16:00:54.081','2026-03-14 16:00:55.149',NULL,'\nInvalid `prisma.brand.upsert()` invocation in\n/home/ctadmin/projects/polachecks/src/lib/catalog/catalog-import-service.ts:23:40\n\n  20 \n  21 for (const brandPayload of brands) {\n  22   const brandMap = mapBrand(brandPayload);\n→ 23   const brand = await prisma.brand.upsert({\n         where: {\n           externalId: \"undefined\"\n         },\n         update: {\n           name: undefined,\n           slug: \"\",\n           isActive: true\n         },\n         create: {\n           slug: \"\",\n           externalId: \"undefined\",\n           isActive: true,\n       +   name: String\n         }\n       })\n\nArgument `name` is missing.'),(4,'THEWATCHAPI','FULL','FAILED','2026-03-14 16:04:35.657','2026-03-14 16:04:36.738',NULL,'thewatchapi request failed: 400 {\"error\":{\"code\":\"malformed_parameters\",\"message\":\"The brand parameter(s) are incorrectly formatted.\"}}'),(5,'THEWATCHAPI','FULL','FAILED','2026-03-14 16:10:52.008','2026-03-14 16:10:53.213',NULL,'Invalid model payload: \"\"'),(6,'THEWATCHAPI','FULL','FAILED','2026-03-14 16:14:22.677','2026-03-14 16:14:24.328',NULL,'Invalid reference payload: \"787\"'),(7,'THEWATCHAPI','FULL','FAILED','2026-03-14 16:16:12.179','2026-03-14 16:17:48.663',NULL,'\nInvalid `prisma.brand.upsert()` invocation in\n/home/ctadmin/projects/polachecks/src/lib/catalog/catalog-import-service.ts:56:40\n\n  53   externalId: apiBrandKey\n  54 };\n  55 \n→ 56 const brand = await prisma.brand.upsert(\nUnique constraint failed on the constraint: `Brand_name_key`'),(8,'THEWATCHAPI','FULL','FAILED','2026-03-14 16:21:58.679','2026-03-14 16:23:44.239',NULL,'thewatchapi request failed: 400 {\"error\":{\"code\":\"malformed_parameters\",\"message\":\"The brand parameter(s) are incorrectly formatted.\"}}'),(9,'THEWATCHAPI','FULL','SUCCESS','2026-03-14 16:29:37.270','2026-03-14 16:29:41.035',NULL,NULL);
/*!40000 ALTER TABLE `CatalogSyncRun` ENABLE KEYS */;
UNLOCK TABLES;

--
-- Table structure for table `Customer`
--

DROP TABLE IF EXISTS `Customer`;
/*!40101 SET @saved_cs_client     = @@character_set_client */;
/*!50503 SET character_set_client = utf8mb4 */;
CREATE TABLE `Customer` (
  `id` int NOT NULL AUTO_INCREMENT,
  `salesExecutiveId` int NOT NULL,
  `firstName` varchar(191) COLLATE utf8mb4_unicode_ci NOT NULL,
  `lastName` varchar(191) COLLATE utf8mb4_unicode_ci NOT NULL,
  `email` varchar(191) COLLATE utf8mb4_unicode_ci DEFAULT NULL,
  `phone` varchar(191) COLLATE utf8mb4_unicode_ci DEFAULT NULL,
  `city` varchar(191) COLLATE utf8mb4_unicode_ci DEFAULT NULL,
  `state` varchar(191) COLLATE utf8mb4_unicode_ci DEFAULT NULL,
  `country` varchar(191) COLLATE utf8mb4_unicode_ci DEFAULT NULL,
  `customerTier` varchar(191) COLLATE utf8mb4_unicode_ci DEFAULT NULL,
  `remarks` text COLLATE utf8mb4_unicode_ci,
  `isActive` tinyint(1) NOT NULL DEFAULT '1',
  `createdAt` datetime(3) NOT NULL DEFAULT CURRENT_TIMESTAMP(3),
  `updatedAt` datetime(3) NOT NULL,
  PRIMARY KEY (`id`),
  KEY `Customer_salesExecutiveId_idx` (`salesExecutiveId`),
  CONSTRAINT `Customer_salesExecutiveId_fkey` FOREIGN KEY (`salesExecutiveId`) REFERENCES `User` (`id`) ON DELETE RESTRICT ON UPDATE CASCADE
) ENGINE=InnoDB AUTO_INCREMENT=3 DEFAULT CHARSET=utf8mb4 COLLATE=utf8mb4_unicode_ci;
/*!40101 SET character_set_client = @saved_cs_client */;

--
-- Dumping data for table `Customer`
--

LOCK TABLES `Customer` WRITE;
/*!40000 ALTER TABLE `Customer` DISABLE KEYS */;
INSERT INTO `Customer` VALUES (1,3,'John','Collector','john.collector@example.com',NULL,'Los Angeles',NULL,'USA','Premium',NULL,1,'2026-03-14 15:46:23.219','2026-03-16 11:15:14.723'),(2,3,'Chaitanya','Tamhankar','ctamhankar@gmail.com','09158769643','Pune','Maharashtra','India',NULL,NULL,1,'2026-03-16 11:16:26.594','2026-03-16 11:16:26.594');
/*!40000 ALTER TABLE `Customer` ENABLE KEYS */;
UNLOCK TABLES;

--
-- Table structure for table `CustomerNote`
--

DROP TABLE IF EXISTS `CustomerNote`;
/*!40101 SET @saved_cs_client     = @@character_set_client */;
/*!50503 SET character_set_client = utf8mb4 */;
CREATE TABLE `CustomerNote` (
  `id` int NOT NULL AUTO_INCREMENT,
  `customerId` int NOT NULL,
  `createdByUserId` int NOT NULL,
  `note` text COLLATE utf8mb4_unicode_ci NOT NULL,
  `createdAt` datetime(3) NOT NULL DEFAULT CURRENT_TIMESTAMP(3),
  PRIMARY KEY (`id`),
  KEY `CustomerNote_customerId_idx` (`customerId`),
  KEY `CustomerNote_createdByUserId_fkey` (`createdByUserId`),
  CONSTRAINT `CustomerNote_createdByUserId_fkey` FOREIGN KEY (`createdByUserId`) REFERENCES `User` (`id`) ON DELETE RESTRICT ON UPDATE CASCADE,
  CONSTRAINT `CustomerNote_customerId_fkey` FOREIGN KEY (`customerId`) REFERENCES `Customer` (`id`) ON DELETE RESTRICT ON UPDATE CASCADE
) ENGINE=InnoDB DEFAULT CHARSET=utf8mb4 COLLATE=utf8mb4_unicode_ci;
/*!40101 SET character_set_client = @saved_cs_client */;

--
-- Dumping data for table `CustomerNote`
--

LOCK TABLES `CustomerNote` WRITE;
/*!40000 ALTER TABLE `CustomerNote` DISABLE KEYS */;
/*!40000 ALTER TABLE `CustomerNote` ENABLE KEYS */;
UNLOCK TABLES;

--
-- Table structure for table `EnrichmentRunState`
--

DROP TABLE IF EXISTS `EnrichmentRunState`;
/*!40101 SET @saved_cs_client     = @@character_set_client */;
/*!50503 SET character_set_client = utf8mb4 */;
CREATE TABLE `EnrichmentRunState` (
  `id` int NOT NULL AUTO_INCREMENT,
  `jobName` varchar(191) COLLATE utf8mb4_unicode_ci NOT NULL,
  `lastReferenceId` int DEFAULT NULL,
  `dailyQuota` int NOT NULL DEFAULT '180',
  `usedToday` int NOT NULL DEFAULT '0',
  `quotaDate` datetime(3) NOT NULL,
  `updatedAt` datetime(3) NOT NULL,
  `createdAt` datetime(3) NOT NULL DEFAULT CURRENT_TIMESTAMP(3),
  PRIMARY KEY (`id`),
  UNIQUE KEY `EnrichmentRunState_jobName_key` (`jobName`)
) ENGINE=InnoDB DEFAULT CHARSET=utf8mb4 COLLATE=utf8mb4_unicode_ci;
/*!40101 SET character_set_client = @saved_cs_client */;

--
-- Dumping data for table `EnrichmentRunState`
--

LOCK TABLES `EnrichmentRunState` WRITE;
/*!40000 ALTER TABLE `EnrichmentRunState` DISABLE KEYS */;
/*!40000 ALTER TABLE `EnrichmentRunState` ENABLE KEYS */;
UNLOCK TABLES;

--
-- Table structure for table `Model`
--

DROP TABLE IF EXISTS `Model`;
/*!40101 SET @saved_cs_client     = @@character_set_client */;
/*!50503 SET character_set_client = utf8mb4 */;
CREATE TABLE `Model` (
  `id` int NOT NULL AUTO_INCREMENT,
  `brandId` int NOT NULL,
  `name` varchar(191) COLLATE utf8mb4_unicode_ci NOT NULL,
  `slug` varchar(191) COLLATE utf8mb4_unicode_ci NOT NULL,
  `collectionName` varchar(191) COLLATE utf8mb4_unicode_ci DEFAULT NULL,
  `genderCategory` varchar(191) COLLATE utf8mb4_unicode_ci DEFAULT NULL,
  `externalId` varchar(191) COLLATE utf8mb4_unicode_ci DEFAULT NULL,
  `isActive` tinyint(1) NOT NULL DEFAULT '1',
  `createdAt` datetime(3) NOT NULL DEFAULT CURRENT_TIMESTAMP(3),
  `updatedAt` datetime(3) NOT NULL,
  PRIMARY KEY (`id`),
  UNIQUE KEY `Model_brandId_name_key` (`brandId`,`name`),
  UNIQUE KEY `Model_brandId_slug_key` (`brandId`,`slug`),
  UNIQUE KEY `Model_externalId_key` (`externalId`),
  KEY `Model_brandId_idx` (`brandId`),
  CONSTRAINT `Model_brandId_fkey` FOREIGN KEY (`brandId`) REFERENCES `Brand` (`id`) ON DELETE RESTRICT ON UPDATE CASCADE
) ENGINE=InnoDB AUTO_INCREMENT=163 DEFAULT CHARSET=utf8mb4 COLLATE=utf8mb4_unicode_ci;
/*!40101 SET character_set_client = @saved_cs_client */;

--
-- Dumping data for table `Model`
--

LOCK TABLES `Model` WRITE;
/*!40000 ALTER TABLE `Model` DISABLE KEYS */;
INSERT INTO `Model` VALUES (1,1,'Submariner','submariner',NULL,NULL,NULL,1,'2026-03-14 15:46:23.177','2026-03-14 15:46:23.177'),(2,2,'Nautilus','nautilus',NULL,NULL,NULL,1,'2026-03-14 15:46:23.182','2026-03-14 15:46:23.182'),(3,4,'Breitling Avenger','breitling-avenger',NULL,NULL,'breitling-avenger',1,'2026-03-14 16:14:24.035','2026-03-14 16:29:38.500'),(4,4,'Breitling Avenger II','breitling-avenger-ii',NULL,NULL,'breitling-avenger-ii',1,'2026-03-14 16:16:15.049','2026-03-14 16:29:38.505'),(5,4,'Breitling Avenger II Seawolf','breitling-avenger-ii-seawolf',NULL,NULL,'breitling-avenger-ii-seawolf',1,'2026-03-14 16:16:16.371','2026-03-14 16:29:38.509'),(6,4,'Breitling Aviator 8','breitling-aviator-8',NULL,NULL,'breitling-aviator-8',1,'2026-03-14 16:16:17.836','2026-03-14 16:29:38.514'),(7,4,'Breitling Bentley 6.75','breitling-bentley-675',NULL,NULL,'breitling-bentley-675',1,'2026-03-14 16:16:19.199','2026-03-14 16:29:38.518'),(8,4,'Breitling Bentley GT','breitling-bentley-gt',NULL,NULL,'breitling-bentley-gt',1,'2026-03-14 16:16:20.462','2026-03-14 16:29:38.522'),(9,4,'Breitling Bentley Motors','breitling-bentley-motors',NULL,NULL,'breitling-bentley-motors',1,'2026-03-14 16:16:21.714','2026-03-14 16:29:38.525'),(10,4,'Breitling Chrono Cockpit','breitling-chrono-cockpit',NULL,NULL,'breitling-chrono-cockpit',1,'2026-03-14 16:16:22.936','2026-03-14 16:29:38.530'),(11,4,'Breitling Chronomat','breitling-chronomat',NULL,NULL,'breitling-chronomat',1,'2026-03-14 16:16:24.193','2026-03-14 16:29:38.533'),(12,4,'Breitling Chronomat 36','breitling-chronomat-36',NULL,NULL,'breitling-chronomat-36',1,'2026-03-14 16:16:25.447','2026-03-14 16:29:38.536'),(13,4,'Breitling Chronomat 42','breitling-chronomat-42',NULL,NULL,'breitling-chronomat-42',1,'2026-03-14 16:16:26.772','2026-03-14 16:29:38.540'),(14,4,'Breitling Chronomat 44','breitling-chronomat-44',NULL,NULL,'breitling-chronomat-44',1,'2026-03-14 16:16:28.196','2026-03-14 16:29:38.545'),(15,4,'Breitling Chronomat Evolution','breitling-chronomat-evolution',NULL,NULL,'breitling-chronomat-evolution',1,'2026-03-14 16:16:29.530','2026-03-14 16:29:38.549'),(16,4,'Breitling Chronomat GMT','breitling-chronomat-gmt',NULL,NULL,'breitling-chronomat-gmt',1,'2026-03-14 16:16:30.893','2026-03-14 16:29:38.552'),(17,4,'Breitling Cockpit Lady','breitling-cockpit-lady',NULL,NULL,'breitling-cockpit-lady',1,'2026-03-14 16:16:32.157','2026-03-14 16:29:38.557'),(18,4,'Breitling Colt Oceane','breitling-colt-oceane',NULL,NULL,'breitling-colt-oceane',1,'2026-03-14 16:16:33.575','2026-03-14 16:29:38.560'),(19,4,'Breitling Duograph','breitling-duograph',NULL,NULL,'breitling-duograph',1,'2026-03-14 16:16:34.833','2026-03-14 16:29:38.564'),(20,4,'Breitling Endurance Pro','breitling-endurance-pro',NULL,NULL,'breitling-endurance-pro',1,'2026-03-14 16:16:36.188','2026-03-14 16:29:38.568'),(21,4,'Breitling Montbrillant','breitling-montbrillant',NULL,NULL,'breitling-montbrillant',1,'2026-03-14 16:16:37.453','2026-03-14 16:29:38.571'),(22,4,'Breitling Navitimer','breitling-navitimer',NULL,NULL,'breitling-navitimer',1,'2026-03-14 16:16:38.903','2026-03-14 16:29:38.575'),(23,4,'Breitling Navitimer 1 B01 Chronograph','breitling-navitimer-1-b01-chronograph',NULL,NULL,'breitling-navitimer-1-b01-chronograph',1,'2026-03-14 16:16:40.151','2026-03-14 16:29:38.578'),(24,4,'Breitling Old Navitimer','breitling-old-navitimer',NULL,NULL,'breitling-old-navitimer',1,'2026-03-14 16:18:15.727','2026-03-14 16:29:38.582'),(25,4,'Breitling Super Avenger','breitling-super-avenger',NULL,NULL,'breitling-super-avenger',1,'2026-03-14 16:16:42.813','2026-03-14 16:29:38.585'),(26,4,'Breitling Super Avenger II','breitling-super-avenger-ii',NULL,NULL,'breitling-super-avenger-ii',1,'2026-03-14 16:16:44.081','2026-03-14 16:29:38.589'),(27,4,'Breitling Super Avi','breitling-super-avi',NULL,NULL,'breitling-super-avi',1,'2026-03-14 16:16:45.331','2026-03-14 16:29:38.592'),(28,4,'Breitling Superocean','breitling-superocean',NULL,NULL,'breitling-superocean',1,'2026-03-14 16:18:20.715','2026-03-14 16:29:38.596'),(29,4,'Breitling Superocean 36','breitling-superocean-36',NULL,NULL,'breitling-superocean-36',1,'2026-03-14 16:18:22.099','2026-03-14 16:29:38.600'),(30,4,'Breitling Superocean 42','breitling-superocean-42',NULL,NULL,'breitling-superocean-42',1,'2026-03-14 16:18:23.322','2026-03-14 16:29:38.603'),(31,4,'Breitling Superocean 44','breitling-superocean-44',NULL,NULL,'breitling-superocean-44',1,'2026-03-14 16:18:24.541','2026-03-14 16:29:38.608'),(32,4,'Breitling Superocean 46','breitling-superocean-46',NULL,NULL,'breitling-superocean-46',1,'2026-03-14 16:18:25.744','2026-03-14 16:29:38.612'),(33,4,'Breitling Superocean Chronograph II','breitling-superocean-chronograph-ii',NULL,NULL,'breitling-superocean-chronograph-ii',1,'2026-03-14 16:18:26.971','2026-03-14 16:29:38.617'),(34,4,'Breitling Superocean Heritage','breitling-superocean-heritage',NULL,NULL,'breitling-superocean-heritage',1,'2026-03-14 16:18:28.165','2026-03-14 16:29:38.621'),(35,4,'Breitling Superocean Heritage 42','breitling-superocean-heritage-42',NULL,NULL,'breitling-superocean-heritage-42',1,'2026-03-14 16:18:29.398','2026-03-14 16:29:38.624'),(36,4,'Breitling Superocean Heritage 46','breitling-superocean-heritage-46',NULL,NULL,'breitling-superocean-heritage-46',1,'2026-03-14 16:18:30.686','2026-03-14 16:29:38.629'),(37,4,'Breitling Superocean Heritage Chronograph','breitling-superocean-heritage-chronograph',NULL,NULL,'breitling-superocean-heritage-chronograph',1,'2026-03-14 16:18:32.281','2026-03-14 16:29:38.632'),(38,4,'Breitling Superocean Heritage II 42','breitling-superocean-heritage-ii-42',NULL,NULL,'breitling-superocean-heritage-ii-42',1,'2026-03-14 16:18:33.706','2026-03-14 16:29:38.636'),(39,4,'Breitling Superocean Heritage II 46','breitling-superocean-heritage-ii-46',NULL,NULL,'breitling-superocean-heritage-ii-46',1,'2026-03-14 16:18:34.965','2026-03-14 16:29:38.640'),(40,4,'Breitling Superocean Heritage II Chronograph','breitling-superocean-heritage-ii-chronograph',NULL,NULL,'breitling-superocean-heritage-ii-chronograph',1,'2026-03-14 16:17:02.104','2026-03-14 16:29:38.644'),(41,4,'Breitling Superocean Steelfish','breitling-superocean-steelfish',NULL,NULL,'breitling-superocean-steelfish',1,'2026-03-14 16:17:03.500','2026-03-14 16:29:38.648'),(42,4,'Breitling Top Time','breitling-top-time',NULL,NULL,'breitling-top-time',1,'2026-03-14 16:17:04.840','2026-03-14 16:29:38.651'),(43,5,'Cartier 21 Must de Cartier','cartier-21-must-de-cartier',NULL,NULL,'cartier-21-must-de-cartier',1,'2026-03-14 16:17:06.517','2026-03-14 16:29:38.927'),(44,5,'Cartier Ballon Bleu','cartier-ballon-bleu',NULL,NULL,'cartier-ballon-bleu',1,'2026-03-14 16:17:07.609','2026-03-14 16:29:38.932'),(45,5,'Cartier Ballon Bleu 28mm','cartier-ballon-bleu-28mm',NULL,NULL,'cartier-ballon-bleu-28mm',1,'2026-03-14 16:17:08.718','2026-03-14 16:29:38.935'),(46,5,'Cartier Ballon Bleu 36mm','cartier-ballon-bleu-36mm',NULL,NULL,'cartier-ballon-bleu-36mm',1,'2026-03-14 16:17:10.098','2026-03-14 16:29:38.939'),(47,5,'Cartier Ballon Bleu 40mm','cartier-ballon-bleu-40mm',NULL,NULL,'cartier-ballon-bleu-40mm',1,'2026-03-14 16:17:11.237','2026-03-14 16:29:38.942'),(48,5,'Cartier Ballon Bleu 42mm','cartier-ballon-bleu-42mm',NULL,NULL,'cartier-ballon-bleu-42mm',1,'2026-03-14 16:17:12.415','2026-03-14 16:29:38.946'),(49,5,'Cartier Calibre de Cartier','cartier-calibre-de-cartier',NULL,NULL,'cartier-calibre-de-cartier',1,'2026-03-14 16:17:13.525','2026-03-14 16:29:38.950'),(50,5,'Cartier Panthère','cartier-panthere',NULL,NULL,'cartier-panthere',1,'2026-03-14 16:17:14.643','2026-03-14 16:29:38.954'),(51,5,'Cartier Pasha','cartier-pasha',NULL,NULL,'cartier-pasha',1,'2026-03-14 16:17:15.761','2026-03-14 16:29:38.958'),(52,5,'Cartier Pasha C','cartier-pasha-c',NULL,NULL,'cartier-pasha-c',1,'2026-03-14 16:17:16.984','2026-03-14 16:29:38.963'),(53,5,'Cartier Pasha Seatimer','cartier-pasha-seatimer',NULL,NULL,'cartier-pasha-seatimer',1,'2026-03-14 16:17:18.244','2026-03-14 16:29:38.967'),(54,5,'Cartier Roadster','cartier-roadster',NULL,NULL,'cartier-roadster',1,'2026-03-14 16:17:19.360','2026-03-14 16:29:38.971'),(55,5,'Cartier Ronde Croisière de Cartier','cartier-ronde-croisiere-de-cartier',NULL,NULL,'cartier-ronde-croisiere-de-cartier',1,'2026-03-14 16:17:20.480','2026-03-14 16:29:38.974'),(56,5,'Cartier Ronde Solo de Cartier','cartier-ronde-solo-de-cartier',NULL,NULL,'cartier-ronde-solo-de-cartier',1,'2026-03-14 16:17:21.647','2026-03-14 16:29:38.980'),(57,5,'Cartier Santos','cartier-santos',NULL,NULL,'cartier-santos',1,'2026-03-14 16:17:22.974','2026-03-14 16:29:38.984'),(58,5,'Cartier Santos 100','cartier-santos-100',NULL,NULL,'cartier-santos-100',1,'2026-03-14 16:17:24.479','2026-03-14 16:29:38.989'),(59,5,'Cartier Santos Demoiselle','cartier-santos-demoiselle',NULL,NULL,'cartier-santos-demoiselle',1,'2026-03-14 16:17:25.856','2026-03-14 16:29:38.993'),(60,5,'Cartier Santos Dumont','cartier-santos-dumont',NULL,NULL,'cartier-santos-dumont',1,'2026-03-14 16:19:00.850','2026-03-14 16:29:38.998'),(61,5,'Cartier Santos Galbée','cartier-santos-galbee',NULL,NULL,'cartier-santos-galbee',1,'2026-03-14 16:17:27.868','2026-03-14 16:29:39.001'),(62,5,'Cartier Tank','cartier-tank',NULL,NULL,'cartier-tank',1,'2026-03-14 16:17:29.008','2026-03-14 16:29:39.005'),(63,5,'Cartier Tank Française','cartier-tank-francaise',NULL,NULL,'cartier-tank-francaise',1,'2026-03-14 16:17:30.115','2026-03-14 16:29:39.009'),(64,5,'Cartier Tank Louis Cartier','cartier-tank-louis-cartier',NULL,NULL,'cartier-tank-louis-cartier',1,'2026-03-14 16:17:31.281','2026-03-14 16:29:39.014'),(65,5,'Cartier Tank Solo','cartier-tank-solo',NULL,NULL,'cartier-tank-solo',1,'2026-03-14 16:17:32.406','2026-03-14 16:29:39.018'),(66,5,'Cartier Tank Vermeil','cartier-tank-vermeil',NULL,NULL,'cartier-tank-vermeil',1,'2026-03-14 16:17:33.498','2026-03-14 16:29:39.023'),(67,6,'Panerai Luminor 1950','panerai-luminor-1950',NULL,NULL,'panerai-luminor-1950',1,'2026-03-14 16:17:34.878','2026-03-14 16:29:39.299'),(68,6,'Panerai Luminor 1950 3 Days Chrono Flyback','panerai-luminor-1950-3-days-chrono-flyback',NULL,NULL,'panerai-luminor-1950-3-days-chrono-flyback',1,'2026-03-14 16:17:35.543','2026-03-14 16:29:39.303'),(69,6,'Panerai Luminor 1950 3 Days GMT Automatic','panerai-luminor-1950-3-days-gmt-automatic',NULL,NULL,'panerai-luminor-1950-3-days-gmt-automatic',1,'2026-03-14 16:17:36.233','2026-03-14 16:29:39.309'),(70,6,'Panerai Luminor 1950 3 Days GMT Power Reserve Automatic','panerai-luminor-1950-3-days-gmt-power-reserve-automatic',NULL,NULL,'panerai-luminor-1950-3-days-gmt-power-reserve-automatic',1,'2026-03-14 16:17:36.984','2026-03-14 16:29:39.313'),(71,6,'Panerai Luminor 1950 3 Days Power Reserve','panerai-luminor-1950-3-days-power-reserve',NULL,NULL,'panerai-luminor-1950-3-days-power-reserve',1,'2026-03-14 16:17:37.650','2026-03-14 16:29:39.318'),(72,6,'Panerai Luminor 1950 8 Days GMT','panerai-luminor-1950-8-days-gmt',NULL,NULL,'panerai-luminor-1950-8-days-gmt',1,'2026-03-14 16:17:38.333','2026-03-14 16:29:39.321'),(73,6,'Panerai Luminor Base Logo','panerai-luminor-base-logo',NULL,NULL,'panerai-luminor-base-logo',1,'2026-03-14 16:17:39.025','2026-03-14 16:29:39.324'),(74,6,'Panerai Luminor Due','panerai-luminor-due',NULL,NULL,'panerai-luminor-due',1,'2026-03-14 16:17:39.682','2026-03-14 16:29:39.330'),(75,6,'Panerai Luminor Due Luna','panerai-luminor-due-luna',NULL,NULL,'panerai-luminor-due-luna',1,'2026-03-14 16:17:40.360','2026-03-14 16:29:39.333'),(76,6,'Panerai Luminor GMT Automatic','panerai-luminor-gmt-automatic',NULL,NULL,'panerai-luminor-gmt-automatic',1,'2026-03-14 16:17:41.074','2026-03-14 16:29:39.337'),(77,6,'Panerai Luminor Marina','panerai-luminor-marina',NULL,NULL,'panerai-luminor-marina',1,'2026-03-14 16:19:15.912','2026-03-14 16:29:39.340'),(78,6,'Panerai Luminor Marina 1950 3 Days Automatic','panerai-luminor-marina-1950-3-days-automatic',NULL,NULL,'panerai-luminor-marina-1950-3-days-automatic',1,'2026-03-14 16:17:42.437','2026-03-14 16:29:39.345'),(79,6,'Panerai Luminor Marina Automatic','panerai-luminor-marina-automatic',NULL,NULL,'panerai-luminor-marina-automatic',1,'2026-03-14 16:17:43.106','2026-03-14 16:29:39.348'),(80,6,'Panerai Luminor Power Reserve','panerai-luminor-power-reserve',NULL,NULL,'panerai-luminor-power-reserve',1,'2026-03-14 16:17:43.760','2026-03-14 16:29:39.351'),(81,6,'Panerai Luminor Submersible','panerai-luminor-submersible',NULL,NULL,'panerai-luminor-submersible',1,'2026-03-14 16:17:44.423','2026-03-14 16:29:39.355'),(82,6,'Panerai Luminor Submersible 1950 3 Days Automatic','panerai-luminor-submersible-1950-3-days-automatic',NULL,NULL,'panerai-luminor-submersible-1950-3-days-automatic',1,'2026-03-14 16:17:45.114','2026-03-14 16:29:39.358'),(83,6,'Panerai Radiomir','panerai-radiomir',NULL,NULL,'panerai-radiomir',1,'2026-03-14 16:17:45.895','2026-03-14 16:29:39.363'),(84,6,'Panerai Radiomir 3 Days 47mm','panerai-radiomir-3-days-47mm',NULL,NULL,'panerai-radiomir-3-days-47mm',1,'2026-03-14 16:17:46.569','2026-03-14 16:29:39.368'),(85,6,'Panerai Radiomir Black Seal','panerai-radiomir-black-seal',NULL,NULL,'panerai-radiomir-black-seal',1,'2026-03-14 16:17:47.255','2026-03-14 16:29:39.373'),(86,6,'Panerai Special Editions','panerai-special-editions',NULL,NULL,'panerai-special-editions',1,'2026-03-14 16:17:47.912','2026-03-14 16:29:39.377'),(87,2,'Patek Philippe Annual Calendar','patek-philippe-annual-calendar',NULL,NULL,'patek-philippe-annual-calendar',1,'2026-03-14 16:29:40.192','2026-03-14 16:29:40.192'),(88,2,'Patek Philippe Annual Calendar Chronograph','patek-philippe-annual-calendar-chronograph',NULL,NULL,'patek-philippe-annual-calendar-chronograph',1,'2026-03-14 16:29:40.196','2026-03-14 16:29:40.196'),(89,2,'Patek Philippe Annual Calendar Travel Time','patek-philippe-annual-calendar-travel-time',NULL,NULL,'patek-philippe-annual-calendar-travel-time',1,'2026-03-14 16:29:40.201','2026-03-14 16:29:40.201'),(90,2,'Patek Philippe Aquanaut','patek-philippe-aquanaut',NULL,NULL,'patek-philippe-aquanaut',1,'2026-03-14 16:29:40.204','2026-03-14 16:29:40.204'),(91,2,'Patek Philippe Calatrava','patek-philippe-calatrava',NULL,NULL,'patek-philippe-calatrava',1,'2026-03-14 16:29:40.209','2026-03-14 16:29:40.209'),(92,2,'Patek Philippe Celestial','patek-philippe-celestial',NULL,NULL,'patek-philippe-celestial',1,'2026-03-14 16:29:40.213','2026-03-14 16:29:40.213'),(93,2,'Patek Philippe Chronograph','patek-philippe-chronograph',NULL,NULL,'patek-philippe-chronograph',1,'2026-03-14 16:29:40.216','2026-03-14 16:29:40.216'),(94,2,'Patek Philippe Complications','patek-philippe-complications',NULL,NULL,'patek-philippe-complications',1,'2026-03-14 16:29:40.219','2026-03-14 16:29:40.219'),(95,2,'Patek Philippe Golden Ellipse','patek-philippe-golden-ellipse',NULL,NULL,'patek-philippe-golden-ellipse',1,'2026-03-14 16:29:40.237','2026-03-14 16:29:40.237'),(96,2,'Patek Philippe Grand Complications','patek-philippe-grand-complications',NULL,NULL,'patek-philippe-grand-complications',1,'2026-03-14 16:29:40.240','2026-03-14 16:29:40.240'),(97,2,'Patek Philippe Nautilus','patek-philippe-nautilus',NULL,NULL,'patek-philippe-nautilus',1,'2026-03-14 16:29:40.243','2026-03-14 16:29:40.243'),(98,2,'Patek Philippe Perpetual Calendar','patek-philippe-perpetual-calendar',NULL,NULL,'patek-philippe-perpetual-calendar',1,'2026-03-14 16:29:40.247','2026-03-14 16:29:40.247'),(99,2,'Patek Philippe Perpetual Calendar Chronograph','patek-philippe-perpetual-calendar-chronograph',NULL,NULL,'patek-philippe-perpetual-calendar-chronograph',1,'2026-03-14 16:29:40.250','2026-03-14 16:29:40.250'),(100,2,'Patek Philippe Twenty~4','patek-philippe-twenty4',NULL,NULL,'patek-philippe-twenty4',1,'2026-03-14 16:29:40.253','2026-03-14 16:29:40.253'),(101,2,'Patek Philippe World Time','patek-philippe-world-time',NULL,NULL,'patek-philippe-world-time',1,'2026-03-14 16:29:40.257','2026-03-14 16:29:40.257'),(102,2,'Patek Philippe World Time Chronograph','patek-philippe-world-time-chronograph',NULL,NULL,'patek-philippe-world-time-chronograph',1,'2026-03-14 16:29:40.262','2026-03-14 16:29:40.262'),(103,1,'Rolex Air King','rolex-air-king',NULL,NULL,'rolex-air-king',1,'2026-03-14 16:29:40.539','2026-03-14 16:29:40.539'),(104,1,'Rolex Datejust 31','rolex-datejust-31',NULL,NULL,'rolex-datejust-31',1,'2026-03-14 16:29:40.544','2026-03-14 16:29:40.544'),(105,1,'Rolex Datejust 36','rolex-datejust-36',NULL,NULL,'rolex-datejust-36',1,'2026-03-14 16:29:40.548','2026-03-14 16:29:40.548'),(106,1,'Rolex Datejust 41','rolex-datejust-41',NULL,NULL,'rolex-datejust-41',1,'2026-03-14 16:29:40.551','2026-03-14 16:29:40.551'),(107,1,'Rolex Datejust II','rolex-datejust-ii',NULL,NULL,'rolex-datejust-ii',1,'2026-03-14 16:29:40.554','2026-03-14 16:29:40.554'),(108,1,'Rolex Datejust Oysterquartz','rolex-datejust-oysterquartz',NULL,NULL,'rolex-datejust-oysterquartz',1,'2026-03-14 16:29:40.558','2026-03-14 16:29:40.558'),(109,1,'Rolex Datejust Turn-O-Graph','rolex-datejust-turn-o-graph',NULL,NULL,'rolex-datejust-turn-o-graph',1,'2026-03-14 16:29:40.561','2026-03-14 16:29:40.561'),(110,1,'Rolex Day-Date 36','rolex-day-date-36',NULL,NULL,'rolex-day-date-36',1,'2026-03-14 16:29:40.565','2026-03-14 16:29:40.565'),(111,1,'Rolex Day-Date 40','rolex-day-date-40',NULL,NULL,'rolex-day-date-40',1,'2026-03-14 16:29:40.568','2026-03-14 16:29:40.568'),(112,1,'Rolex Day-Date II','rolex-day-date-ii',NULL,NULL,'rolex-day-date-ii',1,'2026-03-14 16:29:40.572','2026-03-14 16:29:40.572'),(113,1,'Rolex Daytona','rolex-daytona',NULL,NULL,'rolex-daytona',1,'2026-03-14 16:29:40.575','2026-03-14 16:29:40.575'),(114,1,'Rolex Explorer','rolex-explorer',NULL,NULL,'rolex-explorer',1,'2026-03-14 16:29:40.579','2026-03-14 16:29:40.579'),(115,1,'Rolex Explorer II','rolex-explorer-ii',NULL,NULL,'rolex-explorer-ii',1,'2026-03-14 16:29:40.582','2026-03-14 16:29:40.582'),(116,1,'Rolex GMT-Master','rolex-gmt-master',NULL,NULL,'rolex-gmt-master',1,'2026-03-14 16:29:40.585','2026-03-14 16:29:40.585'),(117,1,'Rolex GMT-Master II','rolex-gmt-master-ii',NULL,NULL,'rolex-gmt-master-ii',1,'2026-03-14 16:29:40.590','2026-03-14 16:29:40.590'),(118,1,'Rolex Lady-Datejust','rolex-lady-datejust',NULL,NULL,'rolex-lady-datejust',1,'2026-03-14 16:29:40.593','2026-03-14 16:29:40.593'),(119,1,'Rolex Milgauss','rolex-milgauss',NULL,NULL,'rolex-milgauss',1,'2026-03-14 16:29:40.597','2026-03-14 16:29:40.597'),(120,1,'Rolex Oyster Perpetual','rolex-oyster-perpetual',NULL,NULL,'rolex-oyster-perpetual',1,'2026-03-14 16:29:40.600','2026-03-14 16:29:40.600'),(121,1,'Rolex Oyster Perpetual 26','rolex-oyster-perpetual-26',NULL,NULL,'rolex-oyster-perpetual-26',1,'2026-03-14 16:29:40.604','2026-03-14 16:29:40.604'),(122,1,'Rolex Oyster Perpetual 28','rolex-oyster-perpetual-28',NULL,NULL,'rolex-oyster-perpetual-28',1,'2026-03-14 16:29:40.607','2026-03-14 16:29:40.607'),(123,1,'Rolex Oyster Perpetual 31','rolex-oyster-perpetual-31',NULL,NULL,'rolex-oyster-perpetual-31',1,'2026-03-14 16:29:40.611','2026-03-14 16:29:40.611'),(124,1,'Rolex Oyster Perpetual 34','rolex-oyster-perpetual-34',NULL,NULL,'rolex-oyster-perpetual-34',1,'2026-03-14 16:29:40.614','2026-03-14 16:29:40.614'),(125,1,'Rolex Oyster Perpetual 36','rolex-oyster-perpetual-36',NULL,NULL,'rolex-oyster-perpetual-36',1,'2026-03-14 16:29:40.617','2026-03-14 16:29:40.617'),(126,1,'Rolex Oyster Perpetual 39','rolex-oyster-perpetual-39',NULL,NULL,'rolex-oyster-perpetual-39',1,'2026-03-14 16:29:40.620','2026-03-14 16:29:40.620'),(127,1,'Rolex Oyster Perpetual 41','rolex-oyster-perpetual-41',NULL,NULL,'rolex-oyster-perpetual-41',1,'2026-03-14 16:29:40.624','2026-03-14 16:29:40.624'),(128,1,'Rolex Oyster Perpetual Date','rolex-oyster-perpetual-date',NULL,NULL,'rolex-oyster-perpetual-date',1,'2026-03-14 16:29:40.628','2026-03-14 16:29:40.628'),(129,1,'Rolex Oyster Perpetual Lady Date','rolex-oyster-perpetual-lady-date',NULL,NULL,'rolex-oyster-perpetual-lady-date',1,'2026-03-14 16:29:40.635','2026-03-14 16:29:40.635'),(130,1,'Rolex Oysterdate Precision','rolex-oysterdate-precision',NULL,NULL,'rolex-oysterdate-precision',1,'2026-03-14 16:29:40.638','2026-03-14 16:29:40.638'),(131,1,'Rolex Sea-Dweller','rolex-sea-dweller',NULL,NULL,'rolex-sea-dweller',1,'2026-03-14 16:29:40.642','2026-03-14 16:29:40.642'),(132,1,'Rolex Sea-Dweller 4000','rolex-sea-dweller-4000',NULL,NULL,'rolex-sea-dweller-4000',1,'2026-03-14 16:29:40.646','2026-03-14 16:29:40.646'),(133,1,'Rolex Sea-Dweller Deepsea','rolex-sea-dweller-deepsea',NULL,NULL,'rolex-sea-dweller-deepsea',1,'2026-03-14 16:29:40.649','2026-03-14 16:29:40.649'),(134,1,'Rolex Sky-Dweller','rolex-sky-dweller',NULL,NULL,'rolex-sky-dweller',1,'2026-03-14 16:29:40.652','2026-03-14 16:29:40.652'),(135,1,'Rolex Submariner (No Date)','rolex-submariner-no-date',NULL,NULL,'rolex-submariner-no-date',1,'2026-03-14 16:29:40.657','2026-03-14 16:29:40.657'),(136,1,'Rolex Submariner Date','rolex-submariner-date',NULL,NULL,'rolex-submariner-date',1,'2026-03-14 16:29:40.661','2026-03-14 16:29:40.661'),(137,1,'Rolex Yacht-Master','rolex-yacht-master',NULL,NULL,'rolex-yacht-master',1,'2026-03-14 16:29:40.664','2026-03-14 16:29:40.664'),(138,1,'Rolex Yacht-Master 37','rolex-yacht-master-37',NULL,NULL,'rolex-yacht-master-37',1,'2026-03-14 16:29:40.668','2026-03-14 16:29:40.668'),(139,1,'Rolex Yacht-Master 40','rolex-yacht-master-40',NULL,NULL,'rolex-yacht-master-40',1,'2026-03-14 16:29:40.671','2026-03-14 16:29:40.671'),(140,1,'Rolex Yacht-Master 42','rolex-yacht-master-42',NULL,NULL,'rolex-yacht-master-42',1,'2026-03-14 16:29:40.675','2026-03-14 16:29:40.675'),(141,1,'Rolex Yacht-Master II','rolex-yacht-master-ii',NULL,NULL,'rolex-yacht-master-ii',1,'2026-03-14 16:29:40.678','2026-03-14 16:29:40.678'),(142,8,'Tudor Black Bay','tudor-black-bay',NULL,NULL,'tudor-black-bay',1,'2026-03-14 16:29:40.954','2026-03-14 16:29:40.954'),(143,8,'Tudor Black Bay 36','tudor-black-bay-36',NULL,NULL,'tudor-black-bay-36',1,'2026-03-14 16:29:40.958','2026-03-14 16:29:40.958'),(144,8,'Tudor Black Bay 41','tudor-black-bay-41',NULL,NULL,'tudor-black-bay-41',1,'2026-03-14 16:29:40.963','2026-03-14 16:29:40.963'),(145,8,'Tudor Black Bay Bronze','tudor-black-bay-bronze',NULL,NULL,'tudor-black-bay-bronze',1,'2026-03-14 16:29:40.967','2026-03-14 16:29:40.967'),(146,8,'Tudor Black Bay Chrono','tudor-black-bay-chrono',NULL,NULL,'tudor-black-bay-chrono',1,'2026-03-14 16:29:40.971','2026-03-14 16:29:40.971'),(147,8,'Tudor Black Bay Dark','tudor-black-bay-dark',NULL,NULL,'tudor-black-bay-dark',1,'2026-03-14 16:29:40.974','2026-03-14 16:29:40.974'),(148,8,'Tudor Black Bay Fifty-Eight','tudor-black-bay-fifty-eight',NULL,NULL,'tudor-black-bay-fifty-eight',1,'2026-03-14 16:29:40.978','2026-03-14 16:29:40.978'),(149,8,'Tudor Black Bay GMT','tudor-black-bay-gmt',NULL,NULL,'tudor-black-bay-gmt',1,'2026-03-14 16:29:40.981','2026-03-14 16:29:40.981'),(150,8,'Tudor Black Bay S&G','tudor-black-bay-sg',NULL,NULL,'tudor-black-bay-sg',1,'2026-03-14 16:29:40.985','2026-03-14 16:29:40.985'),(151,8,'Tudor Black Bay Steel','tudor-black-bay-steel',NULL,NULL,'tudor-black-bay-steel',1,'2026-03-14 16:29:40.989','2026-03-14 16:29:40.989'),(152,8,'Tudor Heritage Chrono','tudor-heritage-chrono',NULL,NULL,'tudor-heritage-chrono',1,'2026-03-14 16:29:40.992','2026-03-14 16:29:40.992'),(153,8,'Tudor Heritage Chrono Blue','tudor-heritage-chrono-blue',NULL,NULL,'tudor-heritage-chrono-blue',1,'2026-03-14 16:29:40.998','2026-03-14 16:29:40.998'),(154,8,'Tudor Heritage Ranger','tudor-heritage-ranger',NULL,NULL,'tudor-heritage-ranger',1,'2026-03-14 16:29:41.003','2026-03-14 16:29:41.003'),(155,8,'Tudor Oysterdate Big Block','tudor-oysterdate-big-block',NULL,NULL,'tudor-oysterdate-big-block',1,'2026-03-14 16:29:41.007','2026-03-14 16:29:41.007'),(156,8,'Tudor Pelagos','tudor-pelagos',NULL,NULL,'tudor-pelagos',1,'2026-03-14 16:29:41.011','2026-03-14 16:29:41.011'),(157,8,'Tudor Prince Date','tudor-prince-date',NULL,NULL,'tudor-prince-date',1,'2026-03-14 16:29:41.014','2026-03-14 16:29:41.014'),(158,8,'Tudor Prince Date Day','tudor-prince-date-day',NULL,NULL,'tudor-prince-date-day',1,'2026-03-14 16:29:41.018','2026-03-14 16:29:41.018'),(159,8,'Tudor Prince Oysterdate','tudor-prince-oysterdate',NULL,NULL,'tudor-prince-oysterdate',1,'2026-03-14 16:29:41.021','2026-03-14 16:29:41.021'),(160,8,'Tudor Ranger','tudor-ranger',NULL,NULL,'tudor-ranger',1,'2026-03-14 16:29:41.024','2026-03-14 16:29:41.024'),(161,8,'Tudor Royal','tudor-royal',NULL,NULL,'tudor-royal',1,'2026-03-14 16:29:41.029','2026-03-14 16:29:41.029'),(162,8,'Tudor Submariner','tudor-submariner',NULL,NULL,'tudor-submariner',1,'2026-03-14 16:29:41.033','2026-03-14 16:29:41.033');
/*!40000 ALTER TABLE `Model` ENABLE KEYS */;
UNLOCK TABLES;

--
-- Table structure for table `Notification`
--

DROP TABLE IF EXISTS `Notification`;
/*!40101 SET @saved_cs_client     = @@character_set_client */;
/*!50503 SET character_set_client = utf8mb4 */;
CREATE TABLE `Notification` (
  `id` int NOT NULL AUTO_INCREMENT,
  `userId` int DEFAULT NULL,
  `type` varchar(191) COLLATE utf8mb4_unicode_ci NOT NULL,
  `title` varchar(191) COLLATE utf8mb4_unicode_ci NOT NULL,
  `message` text COLLATE utf8mb4_unicode_ci NOT NULL,
  `link` varchar(191) COLLATE utf8mb4_unicode_ci DEFAULT NULL,
  `status` enum('UNREAD','READ','DISMISSED') COLLATE utf8mb4_unicode_ci NOT NULL DEFAULT 'UNREAD',
  `metadata` json DEFAULT NULL,
  `readAt` datetime(3) DEFAULT NULL,
  `createdAt` datetime(3) NOT NULL DEFAULT CURRENT_TIMESTAMP(3),
  `updatedAt` datetime(3) NOT NULL,
  PRIMARY KEY (`id`),
  KEY `Notification_userId_status_idx` (`userId`,`status`),
  KEY `Notification_type_createdAt_idx` (`type`,`createdAt`),
  CONSTRAINT `Notification_userId_fkey` FOREIGN KEY (`userId`) REFERENCES `User` (`id`) ON DELETE SET NULL ON UPDATE CASCADE
) ENGINE=InnoDB DEFAULT CHARSET=utf8mb4 COLLATE=utf8mb4_unicode_ci;
/*!40101 SET character_set_client = @saved_cs_client */;

--
-- Dumping data for table `Notification`
--

LOCK TABLES `Notification` WRITE;
/*!40000 ALTER TABLE `Notification` DISABLE KEYS */;
/*!40000 ALTER TABLE `Notification` ENABLE KEYS */;
UNLOCK TABLES;

--
-- Table structure for table `Requirement`
--

DROP TABLE IF EXISTS `Requirement`;
/*!40101 SET @saved_cs_client     = @@character_set_client */;
/*!50503 SET character_set_client = utf8mb4 */;
CREATE TABLE `Requirement` (
  `id` int NOT NULL AUTO_INCREMENT,
  `customerId` int NOT NULL,
  `salesExecutiveId` int NOT NULL,
  `brandId` int NOT NULL,
  `modelId` int DEFAULT NULL,
  `watchReferenceId` int DEFAULT NULL,
  `priorityRank` int DEFAULT NULL,
  `status` enum('WAITING','ASSIGNED','SOLD','CANCELLED') COLLATE utf8mb4_unicode_ci NOT NULL DEFAULT 'WAITING',
  `notes` text COLLATE utf8mb4_unicode_ci,
  `createdAt` datetime(3) NOT NULL DEFAULT CURRENT_TIMESTAMP(3),
  `updatedAt` datetime(3) NOT NULL,
  PRIMARY KEY (`id`),
  KEY `Requirement_customerId_idx` (`customerId`),
  KEY `Requirement_salesExecutiveId_idx` (`salesExecutiveId`),
  KEY `Requirement_brandId_idx` (`brandId`),
  KEY `Requirement_modelId_idx` (`modelId`),
  KEY `Requirement_watchReferenceId_idx` (`watchReferenceId`),
  CONSTRAINT `Requirement_brandId_fkey` FOREIGN KEY (`brandId`) REFERENCES `Brand` (`id`) ON DELETE RESTRICT ON UPDATE CASCADE,
  CONSTRAINT `Requirement_customerId_fkey` FOREIGN KEY (`customerId`) REFERENCES `Customer` (`id`) ON DELETE RESTRICT ON UPDATE CASCADE,
  CONSTRAINT `Requirement_modelId_fkey` FOREIGN KEY (`modelId`) REFERENCES `Model` (`id`) ON DELETE SET NULL ON UPDATE CASCADE,
  CONSTRAINT `Requirement_salesExecutiveId_fkey` FOREIGN KEY (`salesExecutiveId`) REFERENCES `User` (`id`) ON DELETE RESTRICT ON UPDATE CASCADE,
  CONSTRAINT `Requirement_watchReferenceId_fkey` FOREIGN KEY (`watchReferenceId`) REFERENCES `WatchReference` (`id`) ON DELETE SET NULL ON UPDATE CASCADE
) ENGINE=InnoDB AUTO_INCREMENT=5 DEFAULT CHARSET=utf8mb4 COLLATE=utf8mb4_unicode_ci;
/*!40101 SET character_set_client = @saved_cs_client */;

--
-- Dumping data for table `Requirement`
--

LOCK TABLES `Requirement` WRITE;
/*!40000 ALTER TABLE `Requirement` DISABLE KEYS */;
INSERT INTO `Requirement` VALUES (1,1,3,1,1,1,NULL,'ASSIGNED','Customer interested in black dial sports model.','2026-03-14 15:46:23.226','2026-03-16 12:03:50.436'),(2,1,3,5,50,416,NULL,'WAITING',NULL,'2026-03-16 09:58:20.581','2026-03-16 10:07:50.698'),(3,2,3,4,4,31,NULL,'WAITING',NULL,'2026-03-16 11:17:07.192','2026-03-16 11:17:07.192'),(4,2,3,5,48,295,NULL,'WAITING',NULL,'2026-03-17 08:50:18.420','2026-03-17 08:50:18.420');
/*!40000 ALTER TABLE `Requirement` ENABLE KEYS */;
UNLOCK TABLES;

--
-- Table structure for table `StockItem`
--

DROP TABLE IF EXISTS `StockItem`;
/*!40101 SET @saved_cs_client     = @@character_set_client */;
/*!50503 SET character_set_client = utf8mb4 */;
CREATE TABLE `StockItem` (
  `id` int NOT NULL AUTO_INCREMENT,
  `brandId` int NOT NULL,
  `modelId` int NOT NULL,
  `watchReferenceId` int DEFAULT NULL,
  `serialNumber` varchar(191) COLLATE utf8mb4_unicode_ci NOT NULL,
  `storeSku` varchar(191) COLLATE utf8mb4_unicode_ci DEFAULT NULL,
  `dateReceived` datetime(3) DEFAULT NULL,
  `purchaseCost` decimal(12,2) DEFAULT NULL,
  `currentStatus` enum('AVAILABLE','ASSIGNED','SOLD','CANCELLED','HOLD_EXPIRED') COLLATE utf8mb4_unicode_ci NOT NULL DEFAULT 'AVAILABLE',
  `isActive` tinyint(1) NOT NULL DEFAULT '1',
  `createdAt` datetime(3) NOT NULL DEFAULT CURRENT_TIMESTAMP(3),
  `updatedAt` datetime(3) NOT NULL,
  PRIMARY KEY (`id`),
  UNIQUE KEY `StockItem_serialNumber_key` (`serialNumber`),
  KEY `StockItem_brandId_idx` (`brandId`),
  KEY `StockItem_modelId_idx` (`modelId`),
  KEY `StockItem_watchReferenceId_idx` (`watchReferenceId`),
  CONSTRAINT `StockItem_brandId_fkey` FOREIGN KEY (`brandId`) REFERENCES `Brand` (`id`) ON DELETE RESTRICT ON UPDATE CASCADE,
  CONSTRAINT `StockItem_modelId_fkey` FOREIGN KEY (`modelId`) REFERENCES `Model` (`id`) ON DELETE RESTRICT ON UPDATE CASCADE,
  CONSTRAINT `StockItem_watchReferenceId_fkey` FOREIGN KEY (`watchReferenceId`) REFERENCES `WatchReference` (`id`) ON DELETE SET NULL ON UPDATE CASCADE
) ENGINE=InnoDB AUTO_INCREMENT=15 DEFAULT CHARSET=utf8mb4 COLLATE=utf8mb4_unicode_ci;
/*!40101 SET character_set_client = @saved_cs_client */;

--
-- Dumping data for table `StockItem`
--

LOCK TABLES `StockItem` WRITE;
/*!40000 ALTER TABLE `StockItem` DISABLE KEYS */;
INSERT INTO `StockItem` VALUES (1,1,1,1,'SER-ROLEX-0001','POL-ROLEX-126610LN-1',NULL,NULL,'AVAILABLE',1,'2026-03-14 15:46:23.231','2026-03-14 15:46:23.231'),(2,2,2,2,'SER-PATEK-0001','POL-PATEK-5711-1',NULL,NULL,'AVAILABLE',1,'2026-03-14 15:46:23.238','2026-03-14 15:46:23.238'),(3,1,1,1,'RLX-SUB-0001',NULL,'2026-03-10 00:00:00.000',NULL,'ASSIGNED',1,'2026-03-16 11:20:25.208','2026-03-16 12:03:50.439'),(4,2,2,2,'PP-NAU-0003',NULL,'2026-03-12 00:00:00.000',NULL,'AVAILABLE',1,'2026-03-16 11:20:25.214','2026-03-16 11:20:25.214'),(5,1,136,1,'ROL-126610LN-1001',NULL,'2026-03-16 00:00:00.000',NULL,'AVAILABLE',1,'2026-03-17 12:27:52.823','2026-03-17 12:27:52.823'),(6,1,135,555,'ROL-114060-1002',NULL,'2026-03-16 00:00:00.000',NULL,'AVAILABLE',1,'2026-03-17 12:27:52.921','2026-03-17 12:27:52.921'),(7,1,103,556,'ROL-114200-1003',NULL,'2026-03-16 00:00:00.000',NULL,'AVAILABLE',1,'2026-03-17 12:27:52.931','2026-03-17 12:27:52.931'),(8,1,114,559,'ROL-114270-1004',NULL,'2026-03-16 00:00:00.000',NULL,'AVAILABLE',1,'2026-03-17 12:27:52.940','2026-03-17 12:27:52.940'),(9,2,97,2,'PAT-5711/1A-010-1005',NULL,'2026-03-16 00:00:00.000',NULL,'AVAILABLE',1,'2026-03-17 12:27:52.948','2026-03-17 12:27:52.948'),(10,4,22,4,'BRE-806-1006',NULL,'2026-03-16 00:00:00.000',NULL,'AVAILABLE',1,'2026-03-17 12:27:52.954','2026-03-17 12:27:52.954'),(11,4,11,5,'BRE-81950-1007',NULL,'2026-03-16 00:00:00.000',NULL,'AVAILABLE',1,'2026-03-17 12:27:52.960','2026-03-17 12:27:52.960'),(12,4,12,6,'BRE-A10380-1008',NULL,'2026-03-16 00:00:00.000',NULL,'AVAILABLE',1,'2026-03-17 12:27:52.964','2026-03-17 12:27:52.964'),(13,4,12,7,'BRE-A10380101C1A1-1009',NULL,'2026-03-16 00:00:00.000',NULL,'AVAILABLE',1,'2026-03-17 12:27:52.970','2026-03-17 12:27:52.970'),(14,5,57,243,'CAR-0902-1010',NULL,'2026-03-16 00:00:00.000',NULL,'AVAILABLE',1,'2026-03-17 12:27:52.976','2026-03-17 12:27:52.976');
/*!40000 ALTER TABLE `StockItem` ENABLE KEYS */;
UNLOCK TABLES;

--
-- Table structure for table `User`
--

DROP TABLE IF EXISTS `User`;
/*!40101 SET @saved_cs_client     = @@character_set_client */;
/*!50503 SET character_set_client = utf8mb4 */;
CREATE TABLE `User` (
  `id` int NOT NULL AUTO_INCREMENT,
  `firstName` varchar(191) COLLATE utf8mb4_unicode_ci NOT NULL,
  `lastName` varchar(191) COLLATE utf8mb4_unicode_ci NOT NULL,
  `email` varchar(191) COLLATE utf8mb4_unicode_ci NOT NULL,
  `passwordHash` varchar(191) COLLATE utf8mb4_unicode_ci NOT NULL,
  `role` enum('ADMIN','MANAGER','SALES_EXECUTIVE') COLLATE utf8mb4_unicode_ci NOT NULL,
  `phone` varchar(191) COLLATE utf8mb4_unicode_ci DEFAULT NULL,
  `isActive` tinyint(1) NOT NULL DEFAULT '1',
  `lastLoginAt` datetime(3) DEFAULT NULL,
  `createdAt` datetime(3) NOT NULL DEFAULT CURRENT_TIMESTAMP(3),
  `updatedAt` datetime(3) NOT NULL,
  PRIMARY KEY (`id`),
  UNIQUE KEY `User_email_key` (`email`)
) ENGINE=InnoDB AUTO_INCREMENT=4 DEFAULT CHARSET=utf8mb4 COLLATE=utf8mb4_unicode_ci;
/*!40101 SET character_set_client = @saved_cs_client */;

--
-- Dumping data for table `User`
--

LOCK TABLES `User` WRITE;
/*!40000 ALTER TABLE `User` DISABLE KEYS */;
INSERT INTO `User` VALUES (1,'Admin','User','admin@polachecks.local','$2a$10$4ZlRAXzuNy1vdTdneX.8rOflQ.ZGXH/Lql4bSFB1ofoisUICD3Q.O','ADMIN',NULL,1,NULL,'2026-03-14 15:46:23.159','2026-03-14 15:46:23.159'),(2,'Manager','User','manager@polachecks.local','$2a$10$4ZlRAXzuNy1vdTdneX.8rOflQ.ZGXH/Lql4bSFB1ofoisUICD3Q.O','MANAGER',NULL,1,NULL,'2026-03-14 15:46:23.159','2026-03-14 15:46:23.159'),(3,'Sales','Executive','sales@polachecks.local','$2a$10$4ZlRAXzuNy1vdTdneX.8rOflQ.ZGXH/Lql4bSFB1ofoisUICD3Q.O','SALES_EXECUTIVE',NULL,1,NULL,'2026-03-14 15:46:23.159','2026-03-14 15:46:23.159');
/*!40000 ALTER TABLE `User` ENABLE KEYS */;
UNLOCK TABLES;

--
-- Table structure for table `WatchReference`
--

DROP TABLE IF EXISTS `WatchReference`;
/*!40101 SET @saved_cs_client     = @@character_set_client */;
/*!50503 SET character_set_client = utf8mb4 */;
CREATE TABLE `WatchReference` (
  `id` int NOT NULL AUTO_INCREMENT,
  `brandId` int NOT NULL,
  `modelId` int DEFAULT NULL,
  `referenceNumber` varchar(191) COLLATE utf8mb4_unicode_ci NOT NULL,
  `displayName` varchar(191) COLLATE utf8mb4_unicode_ci NOT NULL,
  `description` longtext COLLATE utf8mb4_unicode_ci,
  `movement` varchar(191) COLLATE utf8mb4_unicode_ci DEFAULT NULL,
  `caseMaterial` varchar(191) COLLATE utf8mb4_unicode_ci DEFAULT NULL,
  `dialColor` varchar(191) COLLATE utf8mb4_unicode_ci DEFAULT NULL,
  `braceletMaterial` varchar(191) COLLATE utf8mb4_unicode_ci DEFAULT NULL,
  `caseSizeMm` decimal(8,2) DEFAULT NULL,
  `waterResistanceM` int DEFAULT NULL,
  `productionYearStart` int DEFAULT NULL,
  `productionYearEnd` int DEFAULT NULL,
  `msrpUsd` decimal(12,2) DEFAULT NULL,
  `currencyCode` varchar(191) COLLATE utf8mb4_unicode_ci DEFAULT NULL,
  `imageUrl` varchar(191) COLLATE utf8mb4_unicode_ci DEFAULT NULL,
  `externalId` varchar(191) COLLATE utf8mb4_unicode_ci DEFAULT NULL,
  `isActive` tinyint(1) NOT NULL DEFAULT '1',
  `lastSyncedAt` datetime(3) DEFAULT NULL,
  `createdAt` datetime(3) NOT NULL DEFAULT CURRENT_TIMESTAMP(3),
  `updatedAt` datetime(3) NOT NULL,
  PRIMARY KEY (`id`),
  UNIQUE KEY `WatchReference_modelId_referenceNumber_key` (`modelId`,`referenceNumber`),
  UNIQUE KEY `WatchReference_externalId_key` (`externalId`),
  KEY `WatchReference_brandId_idx` (`brandId`),
  KEY `WatchReference_modelId_idx` (`modelId`),
  CONSTRAINT `WatchReference_brandId_fkey` FOREIGN KEY (`brandId`) REFERENCES `Brand` (`id`) ON DELETE RESTRICT ON UPDATE CASCADE,
  CONSTRAINT `WatchReference_modelId_fkey` FOREIGN KEY (`modelId`) REFERENCES `Model` (`id`) ON DELETE SET NULL ON UPDATE CASCADE
) ENGINE=InnoDB AUTO_INCREMENT=1239 DEFAULT CHARSET=utf8mb4 COLLATE=utf8mb4_unicode_ci;
/*!40101 SET character_set_client = @saved_cs_client */;

--
-- Dumping data for table `WatchReference`
--

LOCK TABLES `WatchReference` WRITE;
/*!40000 ALTER TABLE `WatchReference` DISABLE KEYS */;
INSERT INTO `WatchReference` VALUES (1,1,136,'126610LN','Rolex Submariner Date','Seed catalog reference for demo use','Automatic','Steel','Black','Oystersteel',41.00,NULL,NULL,NULL,NULL,'USD',NULL,NULL,1,'2026-03-17 05:55:35.495','2026-03-14 15:46:23.200','2026-03-17 05:55:35.496'),(2,2,97,'5711/1A-010','Patek Philippe Nautilus','Seed catalog reference for demo use','Automatic','Steel','Blue','Steel',40.00,NULL,NULL,NULL,NULL,'USD',NULL,NULL,1,'2026-03-17 05:55:36.776','2026-03-14 15:46:23.211','2026-03-17 05:55:36.777'),(3,4,NULL,'787','Breguet Classique',NULL,'Automatic','Rose gold',NULL,NULL,39.00,NULL,NULL,NULL,NULL,NULL,NULL,'787',1,'2026-03-16 07:12:05.263','2026-03-14 16:16:13.639','2026-03-16 07:12:05.264'),(4,4,22,'806','Breitling Navitimer',NULL,'Manual winding','Steel',NULL,NULL,41.00,NULL,NULL,NULL,NULL,NULL,NULL,'806',1,'2026-03-16 07:12:06.595','2026-03-14 16:16:13.651','2026-03-16 07:12:06.597'),(5,4,11,'81950','Breitling Chronomat',NULL,'Automatic','Gold/Steel',NULL,NULL,39.00,NULL,NULL,NULL,NULL,NULL,NULL,'81950',1,'2026-03-16 07:12:07.958','2026-03-14 16:16:13.659','2026-03-16 07:12:07.959'),(6,4,12,'A10380','Breitling Chronomat 36',NULL,'Automatic','Steel',NULL,NULL,36.00,NULL,NULL,NULL,NULL,NULL,NULL,'A10380',1,'2026-03-16 07:12:09.276','2026-03-14 16:16:13.662','2026-03-16 07:12:09.278'),(7,4,12,'A10380101C1A1','Breitling Chronomat 36',NULL,'Automatic','Steel',NULL,NULL,36.00,NULL,NULL,NULL,NULL,NULL,NULL,'A10380101C1A1',1,'2026-03-16 07:13:48.379','2026-03-14 16:16:13.667','2026-03-16 07:13:48.380'),(8,4,24,'A13022','Breitling Old Navitimer',NULL,'Automatic','Steel',NULL,NULL,41.00,NULL,NULL,NULL,NULL,NULL,NULL,'A13022',1,'2026-03-16 07:12:12.162','2026-03-14 16:16:13.671','2026-03-16 07:12:12.163'),(9,4,NULL,'A13050.1','',NULL,'Automatic','Steel',NULL,NULL,39.00,NULL,NULL,NULL,NULL,NULL,NULL,'A13050.1',1,'2026-03-16 07:12:13.489','2026-03-14 16:16:13.675','2026-03-16 07:12:13.490'),(10,4,40,'A13313','Breitling Superocean Heritage II Chronograph',NULL,'Automatic','Steel',NULL,NULL,44.00,NULL,NULL,NULL,NULL,NULL,NULL,'A13313',1,'2026-03-16 07:12:14.823','2026-03-14 16:16:13.678','2026-03-16 07:12:14.824'),(11,4,40,'A13313121B1A1','Breitling Superocean Heritage II Chronograph',NULL,'Automatic','Steel',NULL,NULL,44.00,NULL,NULL,NULL,NULL,NULL,NULL,'A13313121B1A1',1,'2026-03-16 07:12:16.174','2026-03-14 16:16:13.681','2026-03-16 07:12:16.175'),(12,4,34,'A13313161C1S1','Breitling Superocean Heritage',NULL,'Automatic','Steel',NULL,NULL,44.00,NULL,NULL,NULL,NULL,NULL,NULL,'A13313161C1S1',1,'2026-03-16 07:12:17.504','2026-03-14 16:16:13.689','2026-03-16 07:12:17.505'),(13,4,42,'A13317','A13317',NULL,NULL,NULL,NULL,NULL,NULL,NULL,NULL,NULL,NULL,NULL,NULL,'A13317',1,'2026-03-17 05:16:37.493','2026-03-14 16:16:13.693','2026-03-17 05:16:37.565'),(14,4,37,'A13320','Breitling Superocean Heritage Chronograph',NULL,'Automatic','Steel',NULL,NULL,46.00,NULL,NULL,NULL,NULL,NULL,NULL,'A13320',1,'2026-03-16 07:12:20.141','2026-03-14 16:16:13.697','2026-03-16 07:12:20.142'),(15,4,24,'A13322','Breitling Old Navitimer',NULL,'Automatic','Steel',NULL,NULL,41.00,NULL,NULL,NULL,NULL,NULL,NULL,'A13322',1,'2026-03-16 07:12:21.468','2026-03-14 16:16:13.702','2026-03-16 07:12:21.469'),(16,4,42,'A13324','A13324',NULL,NULL,NULL,NULL,NULL,NULL,NULL,NULL,NULL,NULL,NULL,NULL,'A13324',1,'2026-03-17 05:16:37.493','2026-03-14 16:16:13.706','2026-03-17 05:16:37.565'),(17,4,42,'A13330','A13330',NULL,NULL,NULL,NULL,NULL,NULL,NULL,NULL,NULL,NULL,NULL,NULL,'A13330',1,'2026-03-17 05:16:37.493','2026-03-14 16:16:13.710','2026-03-17 05:16:37.565'),(18,4,33,'A13340','Breitling Superocean Chronograph II',NULL,'Automatic','Steel',NULL,NULL,42.00,NULL,NULL,NULL,NULL,NULL,NULL,'A13340',1,'2026-03-16 07:12:25.438','2026-03-14 16:16:13.714','2026-03-16 07:12:25.439'),(19,4,42,'A13341','A13341',NULL,NULL,NULL,NULL,NULL,NULL,NULL,NULL,NULL,NULL,NULL,NULL,'A13341',1,'2026-03-17 05:16:37.493','2026-03-14 16:16:13.718','2026-03-17 05:16:37.565'),(20,4,42,'A13352','A13352',NULL,NULL,NULL,NULL,NULL,NULL,NULL,NULL,NULL,NULL,NULL,NULL,'A13352',1,'2026-03-17 05:16:37.493','2026-03-14 16:16:13.722','2026-03-17 05:16:37.565'),(21,4,42,'A13355','A13355',NULL,NULL,NULL,NULL,NULL,NULL,NULL,NULL,NULL,NULL,NULL,NULL,'A13355',1,'2026-03-17 05:16:37.493','2026-03-14 16:16:13.727','2026-03-17 05:16:37.565'),(22,4,15,'A13356','Breitling Chronomat Evolution',NULL,'Automatic','Steel',NULL,NULL,44.00,NULL,NULL,NULL,NULL,NULL,NULL,'A13356',1,'2026-03-16 07:12:30.781','2026-03-14 16:16:13.731','2026-03-16 07:12:30.786'),(23,4,10,'A13358','Breitling Chrono Cockpit',NULL,'Automatic','Steel',NULL,NULL,39.00,NULL,NULL,NULL,NULL,NULL,NULL,'A13358',1,'2026-03-16 07:12:32.086','2026-03-14 16:16:13.737','2026-03-16 07:12:32.087'),(24,4,8,'A13362','Breitling Bentley GT',NULL,'Automatic','Steel',NULL,NULL,45.00,NULL,NULL,NULL,NULL,NULL,NULL,'A13362',1,'2026-03-16 05:00:40.070','2026-03-14 16:16:13.741','2026-03-16 05:00:40.070'),(25,4,42,'A13363','A13363',NULL,NULL,NULL,NULL,NULL,NULL,NULL,NULL,NULL,NULL,NULL,NULL,'A13363',1,'2026-03-17 05:16:37.493','2026-03-14 16:16:13.745','2026-03-17 05:16:37.565'),(26,4,25,'A13370','Breitling Super Avenger',NULL,'Automatic','Steel',NULL,NULL,48.00,NULL,NULL,NULL,NULL,NULL,NULL,'A13370',1,'2026-03-16 05:00:42.591','2026-03-14 16:16:13.748','2026-03-16 05:00:42.592'),(27,4,26,'A13371','Breitling Super Avenger II',NULL,'Automatic','Steel',NULL,NULL,48.00,NULL,NULL,NULL,NULL,NULL,NULL,'A13371',1,'2026-03-16 05:00:43.891','2026-03-14 16:16:13.752','2026-03-16 05:00:43.892'),(28,4,25,'A13375','Breitling Super Avenger',NULL,'Automatic','Steel',NULL,NULL,48.00,NULL,NULL,NULL,NULL,NULL,NULL,'A13375',1,'2026-03-16 05:00:45.099','2026-03-14 16:16:13.757','2026-03-16 05:00:45.100'),(29,4,25,'A13375101B1A1','Breitling Super Avenger',NULL,'Automatic','Steel',NULL,NULL,48.00,NULL,NULL,NULL,NULL,NULL,NULL,'A13375101B1A1',1,'2026-03-16 05:00:46.381','2026-03-14 16:16:13.761','2026-03-16 05:00:46.382'),(30,4,42,'A13380','A13380',NULL,NULL,NULL,NULL,NULL,NULL,NULL,NULL,NULL,NULL,NULL,NULL,'A13380',1,'2026-03-17 05:16:37.493','2026-03-14 16:16:13.765','2026-03-17 05:16:37.565'),(31,4,4,'A13381','Breitling Avenger II',NULL,'Automatic','Steel',NULL,NULL,43.00,NULL,NULL,NULL,NULL,NULL,NULL,'A13381',1,'2026-03-16 05:00:48.938','2026-03-14 16:16:13.771','2026-03-16 05:00:48.939'),(32,4,42,'A13385','A13385',NULL,NULL,NULL,NULL,NULL,NULL,NULL,NULL,NULL,NULL,NULL,NULL,'A13385',1,'2026-03-17 05:16:37.493','2026-03-14 16:16:13.774','2026-03-17 05:16:37.565'),(33,4,42,'A13388','A13388',NULL,NULL,NULL,NULL,NULL,NULL,NULL,NULL,NULL,NULL,NULL,NULL,'A13388',1,'2026-03-17 05:16:37.493','2026-03-14 16:16:13.778','2026-03-17 05:16:37.565'),(34,4,42,'A17035','A17035',NULL,NULL,NULL,NULL,NULL,NULL,NULL,NULL,NULL,NULL,NULL,NULL,'A17035',1,'2026-03-17 05:16:37.493','2026-03-14 16:16:13.782','2026-03-17 05:16:37.565'),(35,4,42,'A17040','A17040',NULL,NULL,NULL,NULL,NULL,NULL,NULL,NULL,NULL,NULL,NULL,NULL,'A17040',1,'2026-03-17 05:16:37.493','2026-03-14 16:16:13.789','2026-03-17 05:16:37.565'),(36,4,42,'A17316','A17316',NULL,NULL,NULL,NULL,NULL,NULL,NULL,NULL,NULL,NULL,NULL,NULL,'A17316',1,'2026-03-17 05:16:37.493','2026-03-14 16:16:13.793','2026-03-17 05:16:37.565'),(37,4,3,'A17318','Breitling Avenger',NULL,'Automatic','Steel',NULL,NULL,43.00,NULL,NULL,NULL,NULL,NULL,NULL,'A17318',1,'2026-03-16 05:00:56.520','2026-03-14 16:16:13.797','2026-03-16 05:00:56.521'),(38,4,3,'A17318101B1A1','Breitling Avenger',NULL,'Automatic','Steel',NULL,NULL,43.00,NULL,NULL,NULL,NULL,NULL,NULL,'A17318101B1A1',1,'2026-03-16 05:00:57.785','2026-03-14 16:16:13.801','2026-03-16 05:00:57.786'),(39,4,42,'A17318101B1X1','A17318101B1X1',NULL,NULL,NULL,NULL,NULL,NULL,NULL,NULL,NULL,NULL,NULL,NULL,'A17318101B1X1',1,'2026-03-17 05:16:37.493','2026-03-14 16:16:13.806','2026-03-17 05:16:37.565'),(40,4,42,'A17318101C1A1','A17318101C1A1',NULL,NULL,NULL,NULL,NULL,NULL,NULL,NULL,NULL,NULL,NULL,NULL,'A17318101C1A1',1,'2026-03-17 05:16:37.493','2026-03-14 16:16:13.809','2026-03-17 05:16:37.565'),(41,4,3,'A17318101C1X1','Breitling Avenger',NULL,'Automatic','Steel',NULL,NULL,43.00,NULL,NULL,NULL,NULL,NULL,NULL,'A17318101C1X1',1,'2026-03-16 05:01:01.585','2026-03-14 16:16:13.813','2026-03-16 05:01:01.586'),(42,4,42,'A17319','A17319',NULL,NULL,NULL,NULL,NULL,NULL,NULL,NULL,NULL,NULL,NULL,NULL,'A17319',1,'2026-03-17 05:16:37.493','2026-03-14 16:16:13.817','2026-03-17 05:16:37.565'),(43,4,42,'A17319101I1A1','A17319101I1A1',NULL,NULL,NULL,NULL,NULL,NULL,NULL,NULL,NULL,NULL,NULL,NULL,'A17319101I1A1',1,'2026-03-17 05:16:37.493','2026-03-14 16:16:13.822','2026-03-17 05:16:37.565'),(44,4,42,'A17319101I1X1','A17319101I1X1',NULL,NULL,NULL,NULL,NULL,NULL,NULL,NULL,NULL,NULL,NULL,NULL,'A17319101I1X1',1,'2026-03-17 05:16:37.493','2026-03-14 16:16:13.827','2026-03-17 05:16:37.565'),(45,4,36,'A17320','Breitling Superocean Heritage 46',NULL,'Automatic','Steel',NULL,NULL,46.00,NULL,NULL,NULL,NULL,NULL,NULL,'A17320',1,'2026-03-16 05:01:06.654','2026-03-14 16:16:13.831','2026-03-16 05:01:06.655'),(46,4,42,'A1732024','A1732024',NULL,NULL,NULL,NULL,NULL,NULL,NULL,NULL,NULL,NULL,NULL,NULL,'A1732024',1,'2026-03-17 05:16:37.493','2026-03-14 16:16:13.835','2026-03-17 05:16:37.565'),(47,4,42,'A17328101B1A1','A17328101B1A1',NULL,NULL,NULL,NULL,NULL,NULL,NULL,NULL,NULL,NULL,NULL,NULL,'A17328101B1A1',1,'2026-03-17 05:16:37.493','2026-03-14 16:16:13.839','2026-03-17 05:16:37.565'),(48,4,42,'A17328101B1X1','A17328101B1X1',NULL,NULL,NULL,NULL,NULL,NULL,NULL,NULL,NULL,NULL,NULL,NULL,'A17328101B1X1',1,'2026-03-17 05:16:37.493','2026-03-14 16:16:13.843','2026-03-17 05:16:37.565'),(49,4,NULL,'A17328101L1A1','',NULL,'Automatic','Steel',NULL,NULL,42.00,NULL,NULL,NULL,NULL,NULL,NULL,'A17328101L1A1',1,'2026-03-16 05:01:11.676','2026-03-14 16:16:13.847','2026-03-16 05:01:11.678'),(50,4,42,'A17329161C1A1','A17329161C1A1',NULL,NULL,NULL,NULL,NULL,NULL,NULL,NULL,NULL,NULL,NULL,NULL,'A17329161C1A1',1,'2026-03-17 05:16:37.493','2026-03-14 16:16:13.850','2026-03-17 05:16:37.565'),(51,4,42,'A17329161C1P1','A17329161C1P1',NULL,NULL,NULL,NULL,NULL,NULL,NULL,NULL,NULL,NULL,NULL,NULL,'A17329161C1P1',1,'2026-03-17 05:16:37.493','2026-03-14 16:16:13.854','2026-03-17 05:16:37.565'),(52,4,42,'A17329171C1A1','A17329171C1A1',NULL,NULL,NULL,NULL,NULL,NULL,NULL,NULL,NULL,NULL,NULL,NULL,'A17329171C1A1',1,'2026-03-17 05:16:37.493','2026-03-14 16:16:13.858','2026-03-17 05:16:37.565'),(53,4,42,'A17329171C1P1','A17329171C1P1',NULL,NULL,NULL,NULL,NULL,NULL,NULL,NULL,NULL,NULL,NULL,NULL,'A17329171C1P1',1,'2026-03-17 05:16:37.493','2026-03-14 16:16:13.861','2026-03-17 05:16:37.565'),(54,4,5,'A17331','Breitling Avenger II Seawolf',NULL,'Automatic','Steel',NULL,NULL,45.00,NULL,NULL,NULL,NULL,NULL,NULL,'A17331',1,'2026-03-16 05:01:18.214','2026-03-14 16:16:13.865','2026-03-16 05:01:18.215'),(55,4,28,'A17360','Breitling Superocean',NULL,'Automatic','Steel',NULL,NULL,42.00,NULL,NULL,NULL,NULL,NULL,NULL,'A17360',1,'2026-03-16 05:02:56.717','2026-03-14 16:16:13.870','2026-03-16 05:02:56.718'),(56,4,NULL,'A17364','',NULL,'Automatic','Steel',NULL,NULL,42.00,NULL,NULL,NULL,NULL,NULL,NULL,'A17364',1,'2026-03-16 05:01:20.429','2026-03-14 16:16:13.874','2026-03-16 05:01:20.430'),(57,4,42,'A17366','A17366',NULL,NULL,NULL,NULL,NULL,NULL,NULL,NULL,NULL,NULL,NULL,NULL,'A17366',1,'2026-03-17 05:16:37.493','2026-03-14 16:16:13.879','2026-03-17 05:16:37.565'),(58,4,42,'A17366D71O1S1','A17366D71O1S1',NULL,NULL,NULL,NULL,NULL,NULL,NULL,NULL,NULL,NULL,NULL,NULL,'A17366D71O1S1',1,'2026-03-17 05:16:37.493','2026-03-14 16:16:13.885','2026-03-17 05:16:37.565'),(59,4,42,'A17367','A17367',NULL,NULL,NULL,NULL,NULL,NULL,NULL,NULL,NULL,NULL,NULL,NULL,'A17367',1,'2026-03-17 05:16:37.493','2026-03-14 16:16:13.889','2026-03-17 05:16:37.565'),(60,4,42,'A17367D81C1A1','A17367D81C1A1',NULL,NULL,NULL,NULL,NULL,NULL,NULL,NULL,NULL,NULL,NULL,NULL,'A17367D81C1A1',1,'2026-03-17 05:16:37.493','2026-03-14 16:16:13.893','2026-03-17 05:16:37.565'),(61,4,42,'A17367D81C1S2','A17367D81C1S2',NULL,NULL,NULL,NULL,NULL,NULL,NULL,NULL,NULL,NULL,NULL,NULL,'A17367D81C1S2',1,'2026-03-17 05:16:37.493','2026-03-14 16:16:13.897','2026-03-17 05:16:37.565'),(62,4,30,'A17375','Breitling Superocean 42',NULL,'Automatic','Steel',NULL,NULL,42.00,NULL,NULL,NULL,NULL,NULL,NULL,'A17375',1,'2026-03-16 05:01:28.093','2026-03-14 16:16:13.901','2026-03-16 05:01:28.094'),(63,4,30,'A17375211B1A1','Breitling Superocean 42',NULL,'Automatic','Steel',NULL,NULL,42.00,NULL,NULL,NULL,NULL,NULL,NULL,'A17375211B1A1',1,'2026-03-16 05:01:29.355','2026-03-14 16:16:13.906','2026-03-16 05:01:29.356'),(64,4,30,'A17375211B1S1','Breitling Superocean 42',NULL,'Automatic','Steel',NULL,NULL,42.00,NULL,NULL,NULL,NULL,NULL,NULL,'A17375211B1S1',1,'2026-03-16 05:01:30.616','2026-03-14 16:16:13.910','2026-03-16 05:01:30.616'),(65,4,30,'A17375E71C1A1','Breitling Superocean 42',NULL,'Automatic','Steel',NULL,NULL,42.00,NULL,NULL,NULL,NULL,NULL,NULL,'A17375E71C1A1',1,'2026-03-16 05:01:31.879','2026-03-14 16:16:13.913','2026-03-16 05:01:31.880'),(66,4,30,'A17375E71C1S1','Breitling Superocean 42',NULL,'Automatic','Steel',NULL,NULL,42.00,NULL,NULL,NULL,NULL,NULL,NULL,'A17375E71C1S1',1,'2026-03-16 05:01:33.157','2026-03-14 16:16:13.917','2026-03-16 05:01:33.158'),(67,4,30,'A17375E71G1A1','Breitling Superocean 42',NULL,'Automatic','Steel',NULL,NULL,42.00,NULL,NULL,NULL,NULL,NULL,NULL,'A17375E71G1A1',1,'2026-03-16 05:01:34.416','2026-03-14 16:16:13.921','2026-03-16 05:01:34.417'),(68,4,30,'A17375E71G1S1','Breitling Superocean 42',NULL,'Automatic','Steel',NULL,NULL,42.00,NULL,NULL,NULL,NULL,NULL,NULL,'A17375E71G1S1',1,'2026-03-16 05:01:36.317','2026-03-14 16:16:13.925','2026-03-16 05:01:36.319'),(69,4,31,'A17376','Breitling Superocean 44',NULL,'Automatic','Steel',NULL,NULL,44.00,NULL,NULL,NULL,NULL,NULL,NULL,'A17376',1,'2026-03-16 05:01:37.580','2026-03-14 16:16:13.929','2026-03-16 05:01:37.581'),(70,4,31,'A17376211B1A1','Breitling Superocean 44',NULL,'Automatic','Steel',NULL,NULL,44.00,NULL,NULL,NULL,NULL,NULL,NULL,'A17376211B1A1',1,'2026-03-16 05:01:38.847','2026-03-14 16:16:13.933','2026-03-16 05:01:38.848'),(71,4,31,'A17376211C1S1','Breitling Superocean 44',NULL,'Automatic','Steel',NULL,NULL,44.00,NULL,NULL,NULL,NULL,NULL,NULL,'A17376211C1S1',1,'2026-03-16 05:01:40.103','2026-03-14 16:16:13.938','2026-03-16 05:01:40.105'),(72,4,31,'A17376211L2S1','Breitling Superocean 44',NULL,'Automatic','Steel',NULL,NULL,44.00,NULL,NULL,NULL,NULL,NULL,NULL,'A17376211L2S1',1,'2026-03-16 05:01:41.365','2026-03-14 16:16:13.942','2026-03-16 05:01:41.366'),(73,4,31,'A17376A31L1A1','Breitling Superocean 44',NULL,'Automatic','Steel',NULL,NULL,44.00,NULL,NULL,NULL,NULL,NULL,NULL,'A17376A31L1A1',1,'2026-03-16 05:01:42.619','2026-03-14 16:16:13.946','2026-03-16 05:01:42.620'),(74,4,31,'A17376A31L1S1','Breitling Superocean 44',NULL,'Automatic','Steel',NULL,NULL,44.00,NULL,NULL,NULL,NULL,NULL,NULL,'A17376A31L1S1',1,'2026-03-16 05:01:43.883','2026-03-14 16:16:13.950','2026-03-16 05:01:43.884'),(75,4,29,'A17377211C1A1','Breitling Superocean 36',NULL,'Automatic','Steel',NULL,NULL,36.00,NULL,NULL,NULL,NULL,NULL,NULL,'A17377211C1A1',1,'2026-03-16 05:01:45.157','2026-03-14 16:16:13.954','2026-03-16 05:01:45.159'),(76,4,32,'A17378211B1S1','Breitling Superocean 46',NULL,'Automatic','Steel',NULL,NULL,46.00,NULL,NULL,NULL,NULL,NULL,NULL,'A17378211B1S1',1,'2026-03-16 05:01:46.425','2026-03-14 16:16:13.957','2026-03-16 05:01:46.426'),(77,4,32,'A17378E71C1S1','Breitling Superocean 46',NULL,'Automatic','Steel',NULL,NULL,46.00,NULL,NULL,NULL,NULL,NULL,NULL,'A17378E71C1S1',1,'2026-03-16 05:01:47.688','2026-03-14 16:16:13.961','2026-03-16 05:01:47.689'),(78,4,42,'A17380','A17380',NULL,NULL,NULL,NULL,NULL,NULL,NULL,NULL,NULL,NULL,NULL,NULL,'A17380',1,'2026-03-17 05:16:37.493','2026-03-14 16:16:13.966','2026-03-17 05:16:37.565'),(79,4,42,'A17388','A17388',NULL,NULL,NULL,NULL,NULL,NULL,NULL,NULL,NULL,NULL,NULL,NULL,'A17388',1,'2026-03-17 05:16:37.493','2026-03-14 16:16:13.970','2026-03-17 05:16:37.565'),(80,4,41,'A17390','Breitling Superocean Steelfish',NULL,'Automatic','Steel',NULL,NULL,44.00,NULL,NULL,NULL,NULL,NULL,NULL,'A17390',1,'2026-03-16 05:01:51.463','2026-03-14 16:16:13.974','2026-03-16 05:01:51.464'),(81,4,42,'A17395361L1A1','A17395361L1A1',NULL,NULL,NULL,NULL,NULL,NULL,NULL,NULL,NULL,NULL,NULL,NULL,'A17395361L1A1',1,'2026-03-17 05:16:37.493','2026-03-14 16:16:13.977','2026-03-17 05:16:37.565'),(82,4,42,'A19380','A19380',NULL,NULL,NULL,NULL,NULL,NULL,NULL,NULL,NULL,NULL,NULL,NULL,'A19380',1,'2026-03-17 05:16:37.493','2026-03-14 16:16:13.981','2026-03-17 05:16:37.565'),(83,4,42,'A21330','A21330',NULL,NULL,NULL,NULL,NULL,NULL,NULL,NULL,NULL,NULL,NULL,NULL,'A21330',1,'2026-03-17 05:16:37.493','2026-03-14 16:16:13.985','2026-03-17 05:16:37.565'),(84,4,22,'A23322','Breitling Navitimer',NULL,'Automatic','Steel',NULL,NULL,42.00,NULL,NULL,NULL,NULL,NULL,NULL,'A23322',1,'2026-03-16 05:01:56.524','2026-03-14 16:16:13.989','2026-03-16 05:01:56.525'),(85,4,42,'A24315101C1X2','A24315101C1X2',NULL,NULL,NULL,NULL,NULL,NULL,NULL,NULL,NULL,NULL,NULL,NULL,'A24315101C1X2',1,'2026-03-17 05:16:37.493','2026-03-14 16:16:14.002','2026-03-17 05:16:37.565'),(86,4,NULL,'A24322','A24322',NULL,'Automatic','Steel',NULL,NULL,46.00,NULL,NULL,NULL,NULL,NULL,NULL,'A24322',1,'2026-03-16 05:01:59.048','2026-03-14 16:16:14.009','2026-03-16 05:01:59.049'),(87,4,42,'A24322121B2A1','A24322121B2A1',NULL,NULL,NULL,NULL,NULL,NULL,NULL,NULL,NULL,NULL,NULL,NULL,'A24322121B2A1',1,'2026-03-17 05:16:37.493','2026-03-14 16:16:14.019','2026-03-17 05:16:37.565'),(88,4,9,'A25362','Breitling Bentley Motors',NULL,'Automatic','Steel',NULL,NULL,48.00,NULL,NULL,NULL,NULL,NULL,NULL,'A25362',1,'2026-03-16 05:02:01.614','2026-03-14 16:16:14.029','2026-03-16 05:02:01.615'),(89,4,9,'A25363','Breitling Bentley Motors',NULL,'Automatic','Steel',NULL,NULL,48.00,NULL,NULL,NULL,NULL,NULL,NULL,'A25363',1,'2026-03-16 05:02:02.942','2026-03-14 16:16:14.036','2026-03-16 05:02:02.943'),(90,4,42,'A32310171C1A1','A32310171C1A1',NULL,NULL,NULL,NULL,NULL,NULL,NULL,NULL,NULL,NULL,NULL,NULL,'A32310171C1A1',1,'2026-03-17 05:16:37.493','2026-03-14 16:16:14.042','2026-03-17 05:16:37.565'),(91,4,NULL,'A32310171C1P1','A32310171C1P1',NULL,'Automatic','Steel',NULL,NULL,41.00,NULL,NULL,NULL,NULL,NULL,NULL,'A32310171C1P1',1,'2026-03-16 05:02:05.577','2026-03-14 16:16:14.051','2026-03-16 05:02:05.578'),(92,4,42,'A32310211G1P1','A32310211G1P1',NULL,NULL,NULL,NULL,NULL,NULL,NULL,NULL,NULL,NULL,NULL,NULL,'A32310211G1P1',1,'2026-03-17 05:16:37.493','2026-03-14 16:16:14.058','2026-03-17 05:16:37.565'),(93,4,42,'A32310251B1A1','A32310251B1A1',NULL,NULL,NULL,NULL,NULL,NULL,NULL,NULL,NULL,NULL,NULL,NULL,'A32310251B1A1',1,'2026-03-17 05:16:37.493','2026-03-14 16:16:14.062','2026-03-17 05:16:37.565'),(94,4,42,'A32310251B1P1','A32310251B1P1',NULL,NULL,NULL,NULL,NULL,NULL,NULL,NULL,NULL,NULL,NULL,NULL,'A32310251B1P1',1,'2026-03-17 05:16:37.493','2026-03-14 16:16:14.067','2026-03-17 05:16:37.565'),(95,4,NULL,'A32390','A32390',NULL,'Automatic','Steel',NULL,NULL,43.00,NULL,NULL,NULL,NULL,NULL,NULL,'A32390',1,'2026-03-16 05:02:10.297','2026-03-14 16:16:14.071','2026-03-16 05:02:10.299'),(96,4,3,'A32395','Breitling Avenger',NULL,'Automatic','Steel',NULL,NULL,45.00,NULL,NULL,NULL,NULL,NULL,NULL,'A32395',1,'2026-03-16 05:02:11.731','2026-03-14 16:16:14.074','2026-03-16 05:02:11.732'),(97,4,3,'A32395101C1A1','Breitling Avenger',NULL,'Automatic','Steel',NULL,NULL,45.00,NULL,NULL,NULL,NULL,NULL,NULL,'A32395101C1A1',1,'2026-03-16 05:02:13.016','2026-03-14 16:16:14.078','2026-03-16 05:02:13.017'),(98,4,42,'A32397101A1A1','A32397101A1A1',NULL,NULL,NULL,NULL,NULL,NULL,NULL,NULL,NULL,NULL,NULL,NULL,'A32397101A1A1',1,'2026-03-17 05:16:37.493','2026-03-14 16:16:14.082','2026-03-17 05:16:37.565'),(99,4,16,'A32398101B1A1','Breitling Chronomat GMT',NULL,'Automatic','Steel',NULL,NULL,40.00,NULL,NULL,NULL,NULL,NULL,NULL,'A32398101B1A1',1,'2026-03-16 05:02:15.535','2026-03-14 16:16:14.087','2026-03-16 05:02:15.537'),(100,4,16,'A32398101C1A1','Breitling Chronomat GMT',NULL,'Automatic','Steel',NULL,NULL,40.00,NULL,NULL,NULL,NULL,NULL,'/uploads/references/8981d0a1-5f58-4266-932a-422abef661c2-a32398101c1a1-soldier_32d83816.png','A32398101C1A1',1,'2026-03-17 08:43:59.653','2026-03-14 16:16:14.091','2026-03-17 08:43:59.654'),(101,4,42,'A35360','A35360',NULL,NULL,NULL,NULL,NULL,NULL,NULL,NULL,NULL,NULL,NULL,NULL,'A35360',1,'2026-03-17 05:16:37.493','2026-03-14 16:16:14.097','2026-03-17 05:16:37.565'),(102,4,42,'A41330','A41330',NULL,NULL,NULL,NULL,NULL,NULL,NULL,NULL,NULL,NULL,NULL,NULL,'A41330',1,'2026-03-17 05:16:37.493','2026-03-14 16:16:14.102','2026-03-17 05:16:37.565'),(103,4,21,'A41370','Breitling Montbrillant',NULL,'Automatic','Steel',NULL,NULL,38.00,NULL,NULL,NULL,NULL,NULL,NULL,'A41370',1,'2026-03-16 05:02:20.669','2026-03-14 16:16:14.106','2026-03-16 05:02:20.669'),(104,4,42,'A44355','A44355',NULL,NULL,NULL,NULL,NULL,NULL,NULL,NULL,NULL,NULL,NULL,NULL,'A44355',1,'2026-03-17 05:16:37.493','2026-03-14 16:16:14.110','2026-03-17 05:16:37.565'),(105,4,7,'A44362','Breitling Bentley 6.75',NULL,'Automatic','Steel',NULL,NULL,48.00,NULL,NULL,NULL,NULL,NULL,NULL,'A44362',1,'2026-03-16 05:02:23.185','2026-03-14 16:16:14.114','2026-03-16 05:02:23.186'),(106,4,42,'A45340211G1P2','A45340211G1P2',NULL,NULL,NULL,NULL,NULL,NULL,NULL,NULL,NULL,NULL,NULL,NULL,'A45340211G1P2',1,'2026-03-17 05:16:37.493','2026-03-14 16:16:14.118','2026-03-17 05:16:37.565'),(107,4,NULL,'A49350','A49350',NULL,'Automatic','Steel',NULL,NULL,41.00,NULL,NULL,NULL,NULL,NULL,NULL,'A49350',1,'2026-03-16 05:02:25.686','2026-03-14 16:16:14.122','2026-03-16 05:02:25.688'),(108,4,42,'A68362','A68362',NULL,NULL,NULL,NULL,NULL,NULL,NULL,NULL,NULL,NULL,NULL,NULL,'A68362',1,'2026-03-17 05:16:37.493','2026-03-14 16:16:14.126','2026-03-17 05:16:37.565'),(109,4,17,'A71356','Breitling Cockpit Lady',NULL,'Quartz','Steel',NULL,NULL,32.00,NULL,NULL,NULL,NULL,NULL,NULL,'A71356',1,'2026-03-16 05:02:28.299','2026-03-14 16:16:14.129','2026-03-16 05:02:28.300'),(110,4,42,'A73350','A73350',NULL,NULL,NULL,NULL,NULL,NULL,NULL,NULL,NULL,NULL,NULL,NULL,'A73350',1,'2026-03-17 05:16:37.493','2026-03-14 16:16:14.135','2026-03-17 05:16:37.565'),(111,4,42,'A73380','A73380',NULL,NULL,NULL,NULL,NULL,NULL,NULL,NULL,NULL,NULL,NULL,NULL,'A73380',1,'2026-03-17 05:16:37.493','2026-03-14 16:16:14.140','2026-03-17 05:16:37.565'),(112,4,42,'A73388','A73388',NULL,NULL,NULL,NULL,NULL,NULL,NULL,NULL,NULL,NULL,NULL,NULL,'A73388',1,'2026-03-17 05:16:37.493','2026-03-14 16:16:14.143','2026-03-17 05:16:37.565'),(113,4,42,'A74380','A74380',NULL,NULL,NULL,NULL,NULL,NULL,NULL,NULL,NULL,NULL,NULL,NULL,'A74380',1,'2026-03-17 05:16:37.493','2026-03-14 16:16:14.147','2026-03-17 05:16:37.565'),(114,4,42,'A74388','A74388',NULL,NULL,NULL,NULL,NULL,NULL,NULL,NULL,NULL,NULL,NULL,NULL,'A74388',1,'2026-03-17 05:16:37.493','2026-03-14 16:16:14.151','2026-03-17 05:16:37.565'),(115,4,18,'A77380','Breitling Colt Oceane',NULL,'Quartz','Steel',NULL,NULL,33.00,NULL,NULL,NULL,NULL,NULL,NULL,'A77380',1,'2026-03-16 05:02:35.905','2026-03-14 16:16:14.154','2026-03-16 05:02:35.906'),(116,4,14,'AB0110','Breitling Chronomat 44',NULL,'Automatic','Steel',NULL,NULL,44.00,NULL,NULL,NULL,NULL,NULL,NULL,'AB0110',1,'2026-03-16 05:02:37.171','2026-03-14 16:16:14.159','2026-03-16 05:02:37.172'),(117,4,NULL,'AB0115','AB0115',NULL,'Automatic','Steel',NULL,NULL,44.00,NULL,NULL,NULL,NULL,NULL,NULL,'AB0115',1,'2026-03-16 05:02:38.429','2026-03-14 16:16:14.162','2026-03-16 05:02:38.430'),(118,4,11,'AB0115101C1A1','Breitling Chronomat',NULL,'Automatic','Steel',NULL,NULL,44.00,NULL,NULL,NULL,NULL,NULL,NULL,'AB0115101C1A1',1,'2026-03-16 05:02:39.699','2026-03-14 16:16:14.166','2026-03-16 05:02:39.700'),(119,4,NULL,'AB0117131B1A1','AB0117131B1A1',NULL,'Automatic','Steel',NULL,NULL,43.00,NULL,NULL,NULL,NULL,NULL,NULL,'AB0117131B1A1',1,'2026-03-16 05:02:40.979','2026-03-14 16:16:14.170','2026-03-16 05:02:40.981'),(120,4,NULL,'AB0118','Breitling',NULL,'Automatic','Steel',NULL,NULL,42.00,NULL,NULL,NULL,NULL,NULL,NULL,'AB0118',1,'2026-03-16 05:02:42.248','2026-03-14 16:16:14.174','2026-03-16 05:02:42.249'),(121,4,NULL,'AB0118221G1P1','Breitling',NULL,'Automatic','Steel',NULL,NULL,42.00,NULL,NULL,NULL,NULL,NULL,NULL,'AB0118221G1P1',1,'2026-03-16 05:02:43.512','2026-03-14 16:16:14.178','2026-03-16 05:02:43.513'),(122,4,NULL,'AB0118A61C1A1','Breitling',NULL,'Automatic','Steel',NULL,NULL,42.00,NULL,NULL,NULL,NULL,NULL,NULL,'AB0118A61C1A1',1,'2026-03-16 05:02:44.769','2026-03-14 16:16:14.181','2026-03-16 05:02:44.770'),(123,4,42,'AB01192A1L1A1','AB01192A1L1A1',NULL,NULL,NULL,NULL,NULL,NULL,NULL,NULL,NULL,NULL,NULL,NULL,'AB01192A1L1A1',1,'2026-03-17 05:16:37.493','2026-03-14 16:16:14.187','2026-03-17 05:16:37.565'),(124,4,NULL,'AB0120','Breitling',NULL,'Automatic','Steel',NULL,NULL,43.00,NULL,NULL,NULL,NULL,NULL,NULL,'AB0120',1,'2026-03-16 05:02:47.277','2026-03-14 16:16:14.191','2026-03-16 05:02:47.278'),(125,4,NULL,'AB0121','AB0121',NULL,'Automatic','Steel',NULL,NULL,43.00,NULL,NULL,NULL,NULL,NULL,NULL,'AB0121',1,'2026-03-16 05:02:48.529','2026-03-14 16:16:14.194','2026-03-16 05:02:48.530'),(126,4,42,'AB0127','AB0127',NULL,NULL,NULL,NULL,NULL,NULL,NULL,NULL,NULL,NULL,NULL,NULL,'AB0127',1,'2026-03-17 05:16:37.493','2026-03-14 16:16:14.198','2026-03-17 05:16:37.565'),(127,4,13,'AB0134','Breitling Chronomat 42',NULL,'Automatic','Steel',NULL,NULL,42.00,NULL,NULL,NULL,NULL,NULL,NULL,'AB0134',1,'2026-03-16 05:02:51.337','2026-03-14 16:16:14.202','2026-03-16 05:02:51.338'),(128,4,13,'AB0134101B1A1','Breitling Chronomat 42',NULL,'Automatic','Steel',NULL,NULL,42.00,NULL,NULL,NULL,NULL,NULL,NULL,'AB0134101B1A1',1,'2026-03-16 05:02:52.594','2026-03-14 16:16:14.207','2026-03-16 05:02:52.595'),(129,4,13,'AB0134101C1A1','Breitling Chronomat 42',NULL,'Automatic','Steel',NULL,NULL,42.00,NULL,NULL,NULL,NULL,NULL,NULL,'AB0134101C1A1',1,'2026-03-16 05:02:53.855','2026-03-14 16:16:14.210','2026-03-16 05:02:53.856'),(130,4,13,'AB0134101G1A1','Breitling Chronomat 42',NULL,'Automatic','Steel',NULL,NULL,42.00,NULL,NULL,NULL,NULL,NULL,NULL,'AB0134101G1A1',1,'2026-03-16 05:02:55.118','2026-03-14 16:16:14.214','2026-03-16 05:02:55.120'),(131,4,13,'AB0134101K1A1','Breitling Chronomat 42',NULL,'Automatic','Steel',NULL,NULL,42.00,NULL,NULL,NULL,NULL,NULL,NULL,'AB0134101K1A1',1,'2026-03-16 05:02:56.384','2026-03-14 16:16:14.220','2026-03-16 05:02:56.385'),(132,4,13,'AB0134101L1A1','Breitling Chronomat 42',NULL,'Automatic','Steel',NULL,NULL,42.00,NULL,NULL,NULL,NULL,NULL,NULL,'AB0134101L1A1',1,'2026-03-16 05:02:57.651','2026-03-14 16:16:14.223','2026-03-16 05:02:57.652'),(133,4,11,'AB0136','Breitling Chronomat',NULL,'Automatic','Steel',NULL,NULL,44.00,NULL,NULL,NULL,NULL,NULL,NULL,'AB0136',1,'2026-03-16 05:02:58.914','2026-03-14 16:16:14.227','2026-03-16 05:02:58.915'),(134,4,11,'AB0136161C1A1','Breitling Chronomat',NULL,'Automatic','Steel',NULL,NULL,44.00,NULL,NULL,NULL,NULL,NULL,NULL,'AB0136161C1A1',1,'2026-03-16 05:03:00.221','2026-03-14 16:16:14.231','2026-03-16 05:03:00.222'),(135,4,11,'AB0136161C1S1','Breitling Chronomat',NULL,'Automatic','Steel',NULL,NULL,44.00,NULL,NULL,NULL,NULL,NULL,NULL,'AB0136161C1S1',1,'2026-03-16 05:03:01.506','2026-03-14 16:16:14.236','2026-03-16 05:03:01.507'),(136,4,11,'AB0136251B1A1','Breitling Chronomat',NULL,'Automatic','Steel',NULL,NULL,44.00,NULL,NULL,NULL,NULL,NULL,'/uploads/references/fadcd83d-dcee-4e0a-ae3c-ca0c2ee145bd-ab0136251b1a1-soldier_c058b981.png','AB0136251B1A1',1,'2026-03-17 08:39:35.824','2026-03-14 16:16:14.240','2026-03-17 08:39:35.825'),(137,4,11,'AB0136251B1S1','Breitling Chronomat',NULL,'Automatic','Steel',NULL,NULL,44.00,NULL,NULL,NULL,NULL,NULL,NULL,'AB0136251B1S1',1,'2026-03-16 05:03:04.030','2026-03-14 16:16:14.243','2026-03-16 05:03:04.031'),(138,4,23,'AB0137211C1A1','Breitling Navitimer 1 B01 Chronograph',NULL,'Automatic','Steel',NULL,NULL,46.00,NULL,NULL,NULL,NULL,NULL,'https://www.breitling.com/api/image-proxy/www-breitling.eu.saleor.cloud/media/products/ab0137211c1a1-soldier_e5ed96cd.png?imwidth=750&format=auto','AB0137211C1A1',1,'2026-03-16 14:15:52.664','2026-03-14 16:16:14.247','2026-03-16 14:15:52.666'),(139,4,23,'AB0137241L1P1','Breitling Navitimer 1 B01 Chronograph',NULL,'Automatic','Steel',NULL,NULL,46.00,NULL,NULL,NULL,NULL,NULL,'https://www.breitling.com/api/image-proxy/www-breitling.eu.saleor.cloud/media/products/ab0137241l1p1-soldier_1f3baa75.png?imwidth=750&format=auto','AB0137241L1P1',1,'2026-03-16 14:17:38.942','2026-03-14 16:16:14.251','2026-03-16 14:17:38.943'),(140,4,23,'AB0138','Breitling Navitimer 1 B01 Chronograph',NULL,'Automatic','Steel',NULL,NULL,43.00,NULL,NULL,NULL,NULL,NULL,NULL,'AB0138',1,'2026-03-16 05:03:08.051','2026-03-14 16:16:14.256','2026-03-16 05:03:08.052'),(141,4,23,'AB0138211B1A1','Breitling Navitimer 1 B01 Chronograph',NULL,'Automatic','Steel',NULL,NULL,43.00,NULL,NULL,NULL,NULL,NULL,NULL,'AB0138211B1A1',1,'2026-03-16 05:03:09.345','2026-03-14 16:16:14.260','2026-03-16 05:03:09.346'),(142,4,23,'AB0138211B1P1','Breitling Navitimer 1 B01 Chronograph',NULL,'Automatic','Steel',NULL,NULL,43.00,NULL,NULL,NULL,NULL,NULL,'https://www.breitling.com/api/image-proxy/www-breitling.eu.saleor.cloud/media/products/ab0138211b1p1-soldier_5ba1fffb.png?imwidth=750&format=auto','AB0138211B1P1',1,'2026-03-17 08:47:10.424','2026-03-14 16:16:14.263','2026-03-17 08:47:10.425'),(143,4,23,'AB0138241C1A1','Breitling Navitimer 1 B01 Chronograph',NULL,'Automatic','Steel',NULL,NULL,43.00,NULL,NULL,NULL,NULL,NULL,NULL,'AB0138241C1A1',1,'2026-03-16 05:03:11.881','2026-03-14 16:16:14.268','2026-03-16 05:03:11.882'),(144,4,23,'AB0138241C1P1','Breitling Navitimer 1 B01 Chronograph',NULL,'Automatic','Steel',NULL,NULL,43.00,NULL,NULL,NULL,NULL,NULL,NULL,'AB0138241C1P1',1,'2026-03-16 05:03:13.159','2026-03-14 16:16:14.272','2026-03-16 05:03:13.160'),(145,4,23,'AB0138241G1A1','Breitling Navitimer 1 B01 Chronograph',NULL,'Automatic','Steel',NULL,NULL,43.00,NULL,NULL,NULL,NULL,NULL,NULL,'AB0138241G1A1',1,'2026-03-16 05:04:51.966','2026-03-14 16:16:14.277','2026-03-16 05:04:51.968'),(146,4,23,'AB0138241G1P1','Breitling Navitimer 1 B01 Chronograph',NULL,'Automatic','Steel',NULL,NULL,43.00,NULL,NULL,NULL,NULL,NULL,NULL,'AB0138241G1P1',1,'2026-03-16 05:03:15.680','2026-03-14 16:16:14.280','2026-03-16 05:03:15.681'),(147,4,23,'AB0138241K1P1','Breitling Navitimer 1 B01 Chronograph',NULL,'Automatic','Steel',NULL,NULL,43.00,NULL,NULL,NULL,NULL,NULL,NULL,'AB0138241K1P1',1,'2026-03-16 05:03:16.963','2026-03-14 16:16:14.284','2026-03-16 05:03:16.964'),(148,4,23,'AB0139211G1A1','Breitling Navitimer 1 B01 Chronograph',NULL,'Automatic','Steel',NULL,NULL,41.00,NULL,NULL,NULL,NULL,NULL,NULL,'AB0139211G1A1',1,'2026-03-16 05:03:18.225','2026-03-14 16:16:14.289','2026-03-16 05:03:18.226'),(149,4,23,'AB0139211G1P1','Breitling Navitimer 1 B01 Chronograph',NULL,'Automatic','Steel',NULL,NULL,41.00,NULL,NULL,NULL,NULL,NULL,NULL,'AB0139211G1P1',1,'2026-03-16 05:04:57.042','2026-03-14 16:16:14.292','2026-03-16 05:04:57.043'),(150,4,23,'AB0139241C1A1','Breitling Navitimer 1 B01 Chronograph',NULL,'Automatic','Steel',NULL,NULL,41.00,NULL,NULL,NULL,NULL,NULL,NULL,'AB0139241C1A1',1,'2026-03-16 05:03:20.742','2026-03-14 16:16:14.297','2026-03-16 05:03:20.743'),(151,4,23,'AB0139241C1P1','Breitling Navitimer 1 B01 Chronograph',NULL,'Automatic','Steel',NULL,NULL,41.00,NULL,NULL,NULL,NULL,NULL,NULL,'AB0139241C1P1',1,'2026-03-16 05:03:22.011','2026-03-14 16:16:14.300','2026-03-16 05:03:22.012'),(152,4,42,'AB0145221B1P1','AB0145221B1P1',NULL,NULL,NULL,NULL,NULL,NULL,NULL,NULL,NULL,NULL,NULL,NULL,'AB0145221B1P1',1,'2026-03-17 05:16:37.493','2026-03-14 16:16:14.305','2026-03-17 05:16:37.565'),(153,4,NULL,'AB0145371L1P1','Breitling',NULL,'Automatic','Steel',NULL,NULL,42.00,NULL,NULL,NULL,NULL,NULL,NULL,'AB0145371L1P1',1,'2026-03-16 05:05:02.113','2026-03-14 16:16:14.308','2026-03-16 05:05:02.114'),(154,4,42,'AB0147101A1X1','AB0147101A1X1',NULL,NULL,NULL,NULL,NULL,NULL,NULL,NULL,NULL,NULL,NULL,NULL,'AB0147101A1X1',1,'2026-03-17 05:16:37.493','2026-03-14 16:16:14.312','2026-03-17 05:16:37.565'),(155,4,3,'AB0147101C1A1','Breitling Avenger',NULL,'Automatic','Steel',NULL,NULL,44.00,NULL,NULL,NULL,NULL,NULL,NULL,'AB0147101C1A1',1,'2026-03-16 05:03:27.150','2026-03-14 16:16:14.316','2026-03-16 05:03:27.151'),(156,4,42,'AB0147101C1X1','AB0147101C1X1',NULL,NULL,NULL,NULL,NULL,NULL,NULL,NULL,NULL,NULL,NULL,NULL,'AB0147101C1X1',1,'2026-03-17 05:16:37.493','2026-03-14 16:16:14.320','2026-03-17 05:16:37.565'),(157,4,40,'AB0162121B1S1','Breitling Superocean Heritage II Chronograph',NULL,'Automatic','Steel',NULL,NULL,44.00,NULL,NULL,NULL,NULL,NULL,NULL,'AB0162121B1S1',1,'2026-03-16 05:03:29.999','2026-03-14 16:16:14.323','2026-03-16 05:03:30.000'),(158,4,40,'AB0162121C1S1','Breitling Superocean Heritage II Chronograph',NULL,'Automatic','Steel',NULL,NULL,44.00,NULL,NULL,NULL,NULL,NULL,NULL,'AB0162121C1S1',1,'2026-03-16 05:03:31.269','2026-03-14 16:16:14.327','2026-03-16 05:03:31.270'),(159,4,42,'AB01762A1L1X1','AB01762A1L1X1',NULL,NULL,NULL,NULL,NULL,NULL,NULL,NULL,NULL,NULL,NULL,NULL,'AB01762A1L1X1',1,'2026-03-17 05:16:37.493','2026-03-14 16:16:14.331','2026-03-17 05:16:37.565'),(160,4,42,'AB01763A1C1X1','Breitling Top Time',NULL,'Automatic','Steel',NULL,NULL,41.00,NULL,NULL,NULL,NULL,NULL,NULL,'AB01763A1C1X1',1,'2026-03-16 05:03:33.790','2026-03-14 16:16:14.335','2026-03-16 05:03:33.791'),(161,4,42,'AB0410','AB0410',NULL,NULL,NULL,NULL,NULL,NULL,NULL,NULL,NULL,NULL,NULL,NULL,'AB0410',1,'2026-03-17 05:16:37.493','2026-03-14 16:16:14.338','2026-03-17 05:16:37.565'),(162,4,42,'AB0420','AB0420',NULL,NULL,NULL,NULL,NULL,NULL,NULL,NULL,NULL,NULL,NULL,NULL,'AB0420',1,'2026-03-17 05:16:37.493','2026-03-14 16:16:14.342','2026-03-17 05:16:37.565'),(163,4,27,'AB04452A1L1X1','Breitling Super Avi',NULL,'Automatic','Steel',NULL,NULL,46.00,NULL,NULL,NULL,NULL,NULL,NULL,'AB04452A1L1X1',1,'2026-03-16 05:03:37.586','2026-03-14 16:16:14.346','2026-03-16 05:03:37.587'),(164,4,27,'AB04453A1B1X1','Breitling Super Avi',NULL,'Automatic','Steel',NULL,NULL,46.00,NULL,NULL,NULL,NULL,NULL,NULL,'AB04453A1B1X1',1,'2026-03-16 05:03:38.851','2026-03-14 16:16:14.350','2026-03-16 05:03:38.852'),(165,4,6,'AB0920131B1X1','Breitling Aviator 8',NULL,'Manual winding','Steel',NULL,NULL,41.00,NULL,NULL,NULL,NULL,NULL,NULL,'AB0920131B1X1',1,'2026-03-16 05:03:40.188','2026-03-14 16:16:14.354','2026-03-16 05:03:40.189'),(166,4,NULL,'AB0930D31L1P1','Breitling',NULL,'Manual winding','Steel',NULL,NULL,40.00,NULL,NULL,NULL,NULL,NULL,NULL,'AB0930D31L1P1',1,'2026-03-16 05:03:41.569','2026-03-14 16:16:14.357','2026-03-16 05:03:41.570'),(167,4,19,'AB1510171C1P1','Breitling Duograph',NULL,'Manual winding','Steel',NULL,NULL,42.00,NULL,NULL,NULL,NULL,NULL,NULL,'AB1510171C1P1',1,'2026-03-16 05:03:42.834','2026-03-14 16:16:14.361','2026-03-16 05:03:42.835'),(168,4,38,'AB2010','Breitling Superocean Heritage II 42',NULL,'Automatic','Steel',NULL,NULL,42.00,NULL,NULL,NULL,NULL,NULL,NULL,'AB2010',1,'2026-03-16 05:03:44.094','2026-03-14 16:16:14.364','2026-03-16 05:03:44.095'),(169,4,38,'AB2010121B1A1','Breitling Superocean Heritage II 42',NULL,'Automatic','Steel',NULL,NULL,42.00,NULL,NULL,NULL,NULL,NULL,NULL,'AB2010121B1A1',1,'2026-03-16 05:03:45.345','2026-03-14 16:16:14.370','2026-03-16 05:03:45.346'),(170,4,38,'AB2010121B1S1','Breitling Superocean Heritage II 42',NULL,'Automatic','Steel',NULL,NULL,42.00,NULL,NULL,NULL,NULL,NULL,NULL,'AB2010121B1S1',1,'2026-03-16 05:03:46.627','2026-03-14 16:16:14.373','2026-03-16 05:03:46.628'),(171,4,38,'AB2010121L1A1','Breitling Superocean Heritage II 42',NULL,'Automatic','Steel',NULL,NULL,42.00,NULL,NULL,NULL,NULL,NULL,NULL,'AB2010121L1A1',1,'2026-03-16 05:03:47.894','2026-03-14 16:16:14.378','2026-03-16 05:03:47.894'),(172,4,38,'AB2010121L1S1','Breitling Superocean Heritage II 42',NULL,'Automatic','Steel',NULL,NULL,42.00,NULL,NULL,NULL,NULL,NULL,NULL,'AB2010121L1S1',1,'2026-03-16 05:03:49.185','2026-03-14 16:16:14.381','2026-03-16 05:03:49.186'),(173,4,38,'AB2010161C1A1','Breitling Superocean Heritage II 42',NULL,'Automatic','Steel',NULL,NULL,42.00,NULL,NULL,NULL,NULL,NULL,NULL,'AB2010161C1A1',1,'2026-03-16 05:03:50.715','2026-03-14 16:16:14.386','2026-03-16 05:03:50.716'),(174,4,39,'AB2020','Breitling Superocean Heritage II 46',NULL,'Automatic','Steel',NULL,NULL,46.00,NULL,NULL,NULL,NULL,NULL,NULL,'AB2020',1,'2026-03-16 05:03:52.002','2026-03-14 16:16:14.390','2026-03-16 05:03:52.004'),(175,4,39,'AB2020121B1A1','Breitling Superocean Heritage II 46',NULL,'Automatic','Steel',NULL,NULL,46.00,NULL,NULL,NULL,NULL,NULL,NULL,'AB2020121B1A1',1,'2026-03-16 05:03:53.270','2026-03-14 16:16:14.396','2026-03-16 05:03:53.271'),(176,4,42,'AB2020121L1A1','AB2020121L1A1',NULL,NULL,NULL,NULL,NULL,NULL,NULL,NULL,NULL,NULL,NULL,NULL,'AB2020121L1A1',1,'2026-03-17 05:16:37.493','2026-03-14 16:16:14.401','2026-03-17 05:16:37.565'),(177,4,42,'AB2020121L1S1','AB2020121L1S1',NULL,NULL,NULL,NULL,NULL,NULL,NULL,NULL,NULL,NULL,NULL,NULL,'AB2020121L1S1',1,'2026-03-17 05:16:37.493','2026-03-14 16:16:14.405','2026-03-17 05:16:37.565'),(178,4,39,'AB2020161C1S1','Breitling Superocean Heritage II 46',NULL,'Automatic','Steel',NULL,NULL,46.00,NULL,NULL,NULL,NULL,NULL,NULL,'AB2020161C1S1',1,'2026-03-16 05:03:57.048','2026-03-14 16:16:14.410','2026-03-16 05:03:57.049'),(179,4,34,'AB2030121B1A1','Breitling Superocean Heritage',NULL,'Automatic','Steel',NULL,NULL,44.00,NULL,NULL,NULL,NULL,NULL,NULL,'AB2030121B1A1',1,'2026-03-16 05:03:58.347','2026-03-14 16:16:14.413','2026-03-16 05:03:58.348'),(180,4,34,'AB2030121B1S1','Breitling Superocean Heritage',NULL,'Automatic','Steel',NULL,NULL,44.00,NULL,NULL,NULL,NULL,NULL,NULL,'AB2030121B1S1',1,'2026-03-16 05:05:37.164','2026-03-14 16:16:14.417','2026-03-16 05:05:37.165'),(181,4,34,'AB2030161C1A1','Breitling Superocean Heritage',NULL,'Automatic','Steel',NULL,NULL,44.00,NULL,NULL,NULL,NULL,NULL,NULL,'AB2030161C1A1',1,'2026-03-16 05:04:00.882','2026-03-14 16:16:14.421','2026-03-16 05:04:00.883'),(182,4,NULL,'AB2510201K1P1','Breitling',NULL,'Automatic','Steel',NULL,NULL,42.00,NULL,NULL,NULL,NULL,NULL,NULL,'AB2510201K1P1',1,'2026-03-16 05:04:02.207','2026-03-14 16:16:14.424','2026-03-16 05:04:02.207'),(183,4,11,'B13050','Breitling Chronomat',NULL,'Automatic','Gold/Steel',NULL,NULL,39.00,NULL,NULL,NULL,NULL,NULL,NULL,'B13050',1,'2026-03-16 05:04:03.482','2026-03-14 16:16:14.428','2026-03-16 05:04:03.483'),(184,4,11,'B13050.1','Breitling Chronomat',NULL,'Automatic','Gold/Steel',NULL,NULL,39.00,NULL,NULL,NULL,NULL,NULL,NULL,'B13050.1',1,'2026-03-16 05:04:05.261','2026-03-14 16:16:14.431','2026-03-16 05:04:05.262'),(185,4,15,'B13356','Breitling Chronomat Evolution',NULL,'Automatic','Gold/Steel',NULL,NULL,44.00,NULL,NULL,NULL,NULL,NULL,NULL,'B13356',1,'2026-03-16 05:04:06.526','2026-03-14 16:16:14.437','2026-03-16 05:04:06.528'),(186,4,42,'C13356','C13356',NULL,NULL,NULL,NULL,NULL,NULL,NULL,NULL,NULL,NULL,NULL,NULL,'C13356',1,'2026-03-17 05:16:37.493','2026-03-14 16:16:14.440','2026-03-17 05:16:37.565'),(187,4,42,'CB0140','CB0140',NULL,NULL,NULL,NULL,NULL,NULL,NULL,NULL,NULL,NULL,NULL,NULL,'CB0140',1,'2026-03-17 05:16:37.493','2026-03-14 16:16:14.446','2026-03-17 05:16:37.565'),(188,4,42,'E79362','E79362',NULL,NULL,NULL,NULL,NULL,NULL,NULL,NULL,NULL,NULL,NULL,NULL,'E79362',1,'2026-03-17 05:16:37.493','2026-03-14 16:16:14.451','2026-03-17 05:16:37.565'),(189,4,42,'E79363','E79363',NULL,NULL,NULL,NULL,NULL,NULL,NULL,NULL,NULL,NULL,NULL,NULL,'E79363',1,'2026-03-17 05:16:37.493','2026-03-14 16:16:14.456','2026-03-17 05:16:37.565'),(190,4,42,'EB0134101M1E1','EB0134101M1E1',NULL,NULL,NULL,NULL,NULL,NULL,NULL,NULL,NULL,NULL,NULL,NULL,'EB0134101M1E1',1,'2026-03-17 05:16:37.493','2026-03-14 16:16:14.460','2026-03-17 05:16:37.565'),(191,4,42,'EB0134101M1S1','EB0134101M1S1',NULL,NULL,NULL,NULL,NULL,NULL,NULL,NULL,NULL,NULL,NULL,NULL,'EB0134101M1S1',1,'2026-03-17 05:16:37.493','2026-03-14 16:16:14.463','2026-03-17 05:16:37.565'),(192,4,42,'EB0136251M1E1','EB0136251M1E1',NULL,NULL,NULL,NULL,NULL,NULL,NULL,NULL,NULL,NULL,NULL,NULL,'EB0136251M1E1',1,'2026-03-17 05:16:37.493','2026-03-14 16:16:14.469','2026-03-17 05:16:37.565'),(193,4,42,'EB0136251M1S1','EB0136251M1S1',NULL,NULL,NULL,NULL,NULL,NULL,NULL,NULL,NULL,NULL,NULL,NULL,'EB0136251M1S1',1,'2026-03-17 05:16:37.493','2026-03-14 16:16:14.473','2026-03-17 05:16:37.565'),(194,4,42,'EB2040101L1X1','EB2040101L1X1',NULL,NULL,NULL,NULL,NULL,NULL,NULL,NULL,NULL,NULL,NULL,NULL,'EB2040101L1X1',1,'2026-03-17 05:16:37.493','2026-03-14 16:16:14.477','2026-03-17 05:16:37.565'),(195,4,42,'F56062','F56062',NULL,NULL,NULL,NULL,NULL,NULL,NULL,NULL,NULL,NULL,NULL,NULL,'F56062',1,'2026-03-17 05:16:37.493','2026-03-14 16:16:14.481','2026-03-17 05:16:37.565'),(196,4,NULL,'F65062','F65062',NULL,'Quartz','Titanium',NULL,NULL,40.00,NULL,NULL,NULL,NULL,NULL,NULL,'F65062',1,'2026-03-16 05:04:20.444','2026-03-14 16:16:14.488','2026-03-16 05:04:20.446'),(197,4,13,'IB0134101G1A1','Breitling Chronomat 42',NULL,'Automatic','Gold/Steel',NULL,NULL,42.00,NULL,NULL,NULL,NULL,NULL,NULL,'IB0134101G1A1',1,'2026-03-16 05:04:21.711','2026-03-14 16:16:14.492','2026-03-16 05:04:21.712'),(198,4,42,'K44362','K44362',NULL,NULL,NULL,NULL,NULL,NULL,NULL,NULL,NULL,NULL,NULL,NULL,'K44362',1,'2026-03-17 05:16:37.493','2026-03-14 16:16:14.496','2026-03-17 05:16:37.565'),(199,4,40,'M133132A1C1W1','Breitling Superocean Heritage II Chronograph',NULL,'Automatic','Steel',NULL,NULL,44.00,NULL,NULL,NULL,NULL,NULL,NULL,'M133132A1C1W1',1,'2026-03-16 05:04:24.405','2026-03-14 16:16:14.501','2026-03-16 05:04:24.406'),(200,4,32,'M17368','Breitling Superocean 46',NULL,'Automatic','Steel',NULL,NULL,46.00,NULL,NULL,NULL,NULL,NULL,NULL,'M17368',1,'2026-03-16 05:04:25.711','2026-03-14 16:16:14.505','2026-03-16 05:04:25.711'),(201,4,30,'N17375201L1S1','Breitling Superocean 42',NULL,'Automatic','Bronze',NULL,NULL,42.00,NULL,NULL,NULL,NULL,NULL,NULL,'N17375201L1S1',1,'2026-03-16 05:04:26.973','2026-03-14 16:16:14.508','2026-03-16 05:04:26.974'),(202,4,42,'N17376','N17376',NULL,NULL,NULL,NULL,NULL,NULL,NULL,NULL,NULL,NULL,NULL,NULL,'N17376',1,'2026-03-17 05:16:37.493','2026-03-14 16:16:14.512','2026-03-17 05:16:37.565'),(203,4,42,'N17376201Q1S1','N17376201Q1S1',NULL,NULL,NULL,NULL,NULL,NULL,NULL,NULL,NULL,NULL,NULL,NULL,'N17376201Q1S1',1,'2026-03-17 05:16:37.493','2026-03-14 16:16:14.517','2026-03-17 05:16:37.565'),(204,4,NULL,'PB0134','PB0134',NULL,'Automatic','Steel',NULL,NULL,42.00,NULL,NULL,NULL,NULL,NULL,NULL,'PB0134',1,'2026-03-17 04:35:21.833','2026-03-14 16:16:14.521','2026-03-17 04:35:21.835'),(205,4,NULL,'PB0134101C1S1','PB0134101C1S1',NULL,'Automatic','Steel',NULL,NULL,42.00,NULL,NULL,NULL,NULL,NULL,NULL,'PB0134101C1S1',1,'2026-03-17 04:35:23.163','2026-03-14 16:16:14.525','2026-03-17 04:35:23.164'),(206,4,42,'PB0136251C1S1','PB0136251C1S1',NULL,NULL,NULL,NULL,NULL,NULL,NULL,NULL,NULL,NULL,NULL,NULL,'PB0136251C1S1',1,'2026-03-17 05:16:37.493','2026-03-14 16:16:14.530','2026-03-17 05:16:37.565'),(207,4,NULL,'RB0134101B1S1','RB0134101B1S1',NULL,'Automatic','Red gold',NULL,NULL,42.00,NULL,NULL,NULL,NULL,NULL,NULL,'RB0134101B1S1',1,'2026-03-17 04:35:25.709','2026-03-14 16:16:14.534','2026-03-17 04:35:25.710'),(208,4,42,'RB0138211B1P1','RB0138211B1P1',NULL,NULL,NULL,NULL,NULL,NULL,NULL,NULL,NULL,NULL,NULL,NULL,'RB0138211B1P1',1,'2026-03-17 05:16:37.493','2026-03-14 16:16:14.539','2026-03-17 05:16:37.565'),(209,4,42,'RB0311E61F1P1','RB0311E61F1P1',NULL,NULL,NULL,NULL,NULL,NULL,NULL,NULL,NULL,NULL,NULL,NULL,'RB0311E61F1P1',1,'2026-03-17 05:16:37.493','2026-03-14 16:16:14.543','2026-03-17 05:16:37.565'),(210,4,42,'RB0431','RB0431',NULL,NULL,NULL,NULL,NULL,NULL,NULL,NULL,NULL,NULL,NULL,NULL,'RB0431',1,'2026-03-17 05:16:37.493','2026-03-14 16:16:14.548','2026-03-17 05:16:37.565'),(211,4,42,'SB0147101B1X1','SB0147101B1X1',NULL,NULL,NULL,NULL,NULL,NULL,NULL,NULL,NULL,NULL,NULL,NULL,'SB0147101B1X1',1,'2026-03-17 05:16:37.493','2026-03-14 16:16:14.553','2026-03-17 05:16:37.565'),(212,4,12,'U10380101A1U1','Breitling Chronomat 36',NULL,'Automatic','Gold/Steel',NULL,NULL,36.00,NULL,NULL,NULL,NULL,NULL,NULL,'U10380101A1U1',1,'2026-03-17 04:35:32.075','2026-03-14 16:16:14.557','2026-03-17 04:35:32.076'),(213,4,42,'U13324211B1X1','U13324211B1X1',NULL,NULL,NULL,NULL,NULL,NULL,NULL,NULL,NULL,NULL,NULL,NULL,'U13324211B1X1',1,'2026-03-17 05:16:37.493','2026-03-14 16:16:14.560','2026-03-17 05:16:37.565'),(214,4,30,'U17375211B1S1','Breitling Superocean 42',NULL,'Automatic','Gold/Steel',NULL,NULL,42.00,NULL,NULL,NULL,NULL,NULL,NULL,'U17375211B1S1',1,'2026-03-17 04:35:34.674','2026-03-14 16:16:14.564','2026-03-17 04:35:34.675'),(215,4,42,'U17395211A1U1','U17395211A1U1',NULL,NULL,NULL,NULL,NULL,NULL,NULL,NULL,NULL,NULL,NULL,NULL,'U17395211A1U1',1,'2026-03-17 05:16:37.493','2026-03-14 16:16:14.569','2026-03-17 05:16:37.565'),(216,4,42,'UB0134','UB0134',NULL,NULL,NULL,NULL,NULL,NULL,NULL,NULL,NULL,NULL,NULL,NULL,'UB0134',1,'2026-03-17 05:16:37.493','2026-03-14 16:16:14.573','2026-03-17 05:16:37.565'),(217,4,42,'UB0134101B1U1','UB0134101B1U1',NULL,NULL,NULL,NULL,NULL,NULL,NULL,NULL,NULL,NULL,NULL,NULL,'UB0134101B1U1',1,'2026-03-17 05:16:37.493','2026-03-14 16:16:14.577','2026-03-17 05:16:37.565'),(218,4,42,'UB0134101C1U1','UB0134101C1U1',NULL,NULL,NULL,NULL,NULL,NULL,NULL,NULL,NULL,NULL,NULL,NULL,'UB0134101C1U1',1,'2026-03-17 05:16:37.493','2026-03-14 16:16:14.581','2026-03-17 05:16:37.565'),(219,4,42,'UB0136251L1U1','UB0136251L1U1',NULL,NULL,NULL,NULL,NULL,NULL,NULL,NULL,NULL,NULL,NULL,NULL,'UB0136251L1U1',1,'2026-03-17 05:16:37.493','2026-03-14 16:16:14.585','2026-03-17 05:16:37.565'),(220,4,42,'UB2010121B1S1','UB2010121B1S1',NULL,NULL,NULL,NULL,NULL,NULL,NULL,NULL,NULL,NULL,NULL,NULL,'UB2010121B1S1',1,'2026-03-17 05:16:37.493','2026-03-14 16:16:14.589','2026-03-17 05:16:37.565'),(221,4,35,'UB2010161C1A1','Breitling Superocean Heritage 42',NULL,'Automatic','Gold/Steel',NULL,NULL,42.00,NULL,NULL,NULL,NULL,NULL,NULL,'UB2010161C1A1',1,'2026-03-17 04:37:21.864','2026-03-14 16:16:14.593','2026-03-17 04:37:21.866'),(222,4,42,'UB2010161C1S1','UB2010161C1S1',NULL,NULL,NULL,NULL,NULL,NULL,NULL,NULL,NULL,NULL,NULL,NULL,'UB2010161C1S1',1,'2026-03-17 05:16:37.493','2026-03-14 16:16:14.596','2026-03-17 05:16:37.565'),(223,4,34,'UB2030121B1S1','Breitling Superocean Heritage',NULL,'Automatic','Gold/Steel',NULL,NULL,44.00,NULL,NULL,NULL,NULL,NULL,NULL,'UB2030121B1S1',1,'2026-03-17 04:35:46.439','2026-03-14 16:16:14.600','2026-03-17 04:35:46.439'),(224,4,42,'V13317101B1X1','V13317101B1X1',NULL,NULL,NULL,NULL,NULL,NULL,NULL,NULL,NULL,NULL,NULL,NULL,'V13317101B1X1',1,'2026-03-17 05:16:37.493','2026-03-14 16:16:14.604','2026-03-17 05:16:37.565'),(225,4,42,'V13317101B1X2','V13317101B1X2',NULL,NULL,NULL,NULL,NULL,NULL,NULL,NULL,NULL,NULL,NULL,NULL,'V13317101B1X2',1,'2026-03-17 05:16:37.493','2026-03-14 16:16:14.754','2026-03-17 05:16:37.565'),(226,4,42,'V13317101L1X1','V13317101L1X1',NULL,NULL,NULL,NULL,NULL,NULL,NULL,NULL,NULL,NULL,NULL,NULL,'V13317101L1X1',1,'2026-03-17 05:16:37.493','2026-03-14 16:16:14.973','2026-03-17 05:16:37.565'),(227,4,42,'V13375101C1X2','V13375101C1X2',NULL,NULL,NULL,NULL,NULL,NULL,NULL,NULL,NULL,NULL,NULL,NULL,'V13375101C1X2',1,'2026-03-17 05:16:37.493','2026-03-14 16:16:14.979','2026-03-17 05:16:37.565'),(228,4,42,'V17310','V17310',NULL,NULL,NULL,NULL,NULL,NULL,NULL,NULL,NULL,NULL,NULL,NULL,'V17310',1,'2026-03-17 05:16:37.493','2026-03-14 16:16:14.986','2026-03-17 05:16:37.565'),(229,4,42,'V17319101B1X2','V17319101B1X2',NULL,NULL,NULL,NULL,NULL,NULL,NULL,NULL,NULL,NULL,NULL,NULL,'V17319101B1X2',1,'2026-03-17 05:16:37.493','2026-03-14 16:16:14.991','2026-03-17 05:16:37.565'),(230,4,42,'V76325','V76325',NULL,NULL,NULL,NULL,NULL,NULL,NULL,NULL,NULL,NULL,NULL,NULL,'V76325',1,'2026-03-17 05:16:37.493','2026-03-14 16:16:14.995','2026-03-17 05:16:37.565'),(231,4,42,'VB5010','VB5010',NULL,NULL,NULL,NULL,NULL,NULL,NULL,NULL,NULL,NULL,NULL,NULL,'VB5010',1,'2026-03-17 05:16:37.493','2026-03-14 16:16:15.002','2026-03-17 05:16:37.565'),(232,4,NULL,'X82310','X82310',NULL,'Quartz','-',NULL,NULL,44.00,NULL,NULL,NULL,NULL,NULL,NULL,'X82310',1,'2026-03-17 04:35:57.957','2026-03-14 16:16:15.007','2026-03-17 04:35:57.958'),(233,4,42,'X823101B1B1S1','X823101B1B1S1',NULL,NULL,NULL,NULL,NULL,NULL,NULL,NULL,NULL,NULL,NULL,NULL,'X823101B1B1S1',1,'2026-03-17 05:16:37.493','2026-03-14 16:16:15.010','2026-03-17 05:16:37.565'),(234,4,20,'X82310281B1S1','Breitling Endurance Pro',NULL,'Quartz','Carbon',NULL,NULL,44.00,NULL,NULL,NULL,NULL,NULL,NULL,'X82310281B1S1',1,'2026-03-17 04:36:00.546','2026-03-14 16:16:15.013','2026-03-17 04:36:00.547'),(235,4,20,'X823109A1K1S1','Breitling Endurance Pro',NULL,'Quartz','Titanium',NULL,NULL,44.00,NULL,NULL,NULL,NULL,NULL,NULL,'X823109A1K1S1',1,'2026-03-17 04:36:01.898','2026-03-14 16:16:15.019','2026-03-17 04:36:01.900'),(236,4,20,'X82310A41B1S1','Breitling Endurance Pro',NULL,'Quartz','Plastic',NULL,NULL,44.00,NULL,NULL,NULL,NULL,NULL,NULL,'X82310A41B1S1',1,'2026-03-17 04:36:03.232','2026-03-14 16:16:15.022','2026-03-17 04:36:03.233'),(237,4,20,'X82310A51B1S1','Breitling Endurance Pro',NULL,'Quartz','Plastic',NULL,NULL,44.00,NULL,NULL,NULL,NULL,NULL,NULL,'X82310A51B1S1',1,'2026-03-17 04:36:04.511','2026-03-14 16:16:15.026','2026-03-17 04:36:04.512'),(238,4,20,'X82310A71B1S1','Breitling Endurance Pro',NULL,'Quartz','Plastic',NULL,NULL,44.00,NULL,NULL,NULL,NULL,NULL,NULL,'X82310A71B1S1',1,'2026-03-17 04:36:05.798','2026-03-14 16:16:15.029','2026-03-17 04:36:05.799'),(239,4,42,'X82310D31B1S1','X82310D31B1S1',NULL,NULL,NULL,NULL,NULL,NULL,NULL,NULL,NULL,NULL,NULL,NULL,'X82310D31B1S1',1,'2026-03-17 05:16:37.493','2026-03-14 16:16:15.033','2026-03-17 05:16:37.565'),(240,4,20,'X82310D51B1S1','Breitling Endurance Pro',NULL,'Quartz','Plastic',NULL,NULL,44.00,NULL,NULL,NULL,NULL,NULL,NULL,'X82310D51B1S1',1,'2026-03-17 04:36:08.361','2026-03-14 16:16:15.038','2026-03-17 04:36:08.362'),(241,4,20,'X82310D91B1S1','Breitling Endurance Pro',NULL,'Quartz','Plastic',NULL,NULL,44.00,NULL,NULL,NULL,NULL,NULL,NULL,'X82310D91B1S1',1,'2026-03-17 04:36:09.675','2026-03-14 16:16:15.041','2026-03-17 04:36:09.676'),(242,4,27,'YB04451A1B1X1','Breitling Super Avi',NULL,'Automatic','Steel',NULL,NULL,46.00,NULL,NULL,NULL,NULL,NULL,NULL,'YB04451A1B1X1',1,'2026-03-17 04:36:10.978','2026-03-14 16:16:15.045','2026-03-17 04:36:10.979'),(243,5,57,'0902','Cartier Santos',NULL,'Automatic','Gold/Steel',NULL,NULL,24.00,NULL,NULL,NULL,NULL,NULL,NULL,'0902',1,'2026-03-17 04:36:12.254','2026-03-14 16:17:06.791','2026-03-17 04:36:12.254'),(244,5,66,'0907','0907',NULL,NULL,NULL,NULL,NULL,NULL,NULL,NULL,NULL,NULL,NULL,NULL,'0907',1,'2026-03-17 05:16:37.493','2026-03-14 16:17:06.797','2026-03-17 05:16:37.565'),(245,5,66,'1057917','1057917',NULL,NULL,NULL,NULL,NULL,NULL,NULL,NULL,NULL,NULL,NULL,NULL,'1057917',1,'2026-03-17 05:16:37.493','2026-03-14 16:17:06.803','2026-03-17 05:16:37.565'),(246,5,NULL,'1070','Girard Perregaux Laureato',NULL,'Automatic','Titanium',NULL,NULL,44.00,NULL,NULL,NULL,NULL,NULL,NULL,'1070',1,'2026-03-17 04:36:16.107','2026-03-14 16:17:06.808','2026-03-17 04:36:16.109'),(247,5,NULL,'1120','1120',NULL,'Quartz','-',NULL,NULL,41.00,NULL,NULL,NULL,NULL,NULL,NULL,'1120',1,'2026-03-17 04:36:17.385','2026-03-14 16:17:06.817','2026-03-17 04:36:17.386'),(248,5,66,'1310','1310',NULL,NULL,NULL,NULL,NULL,NULL,NULL,NULL,NULL,NULL,NULL,NULL,'1310',1,'2026-03-17 05:16:37.493','2026-03-14 16:17:06.821','2026-03-17 05:16:37.565'),(249,5,NULL,'1320','Audemars Piguet Royal Oak Selfwinding',NULL,'Automatic','Steel',NULL,NULL,41.00,NULL,NULL,NULL,NULL,NULL,NULL,'1320',1,'2026-03-17 04:36:19.945','2026-03-14 16:17:06.825','2026-03-17 04:36:19.946'),(250,5,43,'1330','Cartier 21 Must de Cartier',NULL,'Quartz','Steel',NULL,NULL,31.00,NULL,NULL,NULL,NULL,NULL,NULL,'1330',1,'2026-03-17 04:36:21.220','2026-03-14 16:17:06.830','2026-03-17 04:36:21.221'),(251,5,43,'1340','Cartier 21 Must de Cartier',NULL,'Quartz','Steel',NULL,NULL,28.00,NULL,NULL,NULL,NULL,NULL,NULL,'1340',1,'2026-03-17 04:36:22.499','2026-03-14 16:17:06.835','2026-03-17 04:36:22.500'),(252,5,61,'1564','Cartier Santos Galbée',NULL,'Quartz','Steel',NULL,NULL,29.00,NULL,NULL,NULL,NULL,NULL,NULL,'1564',1,'2026-03-17 04:36:23.774','2026-03-14 16:17:06.839','2026-03-17 04:36:23.775'),(253,5,61,'1565','Cartier Santos Galbée',NULL,'Quartz','Steel',NULL,NULL,24.00,NULL,NULL,NULL,NULL,NULL,NULL,'1565',1,'2026-03-17 04:36:25.293','2026-03-14 16:17:06.844','2026-03-17 04:36:25.294'),(254,5,66,'1566','1566',NULL,NULL,NULL,NULL,NULL,NULL,NULL,NULL,NULL,NULL,NULL,NULL,'1566',1,'2026-03-17 05:16:37.493','2026-03-14 16:17:06.848','2026-03-17 05:16:37.565'),(255,5,61,'1567','Cartier Santos Galbée',NULL,'Quartz','Gold/Steel',NULL,NULL,24.00,NULL,NULL,NULL,NULL,NULL,NULL,'1567',1,'2026-03-17 04:36:28.203','2026-03-14 16:17:06.852','2026-03-17 04:36:28.204'),(256,5,66,'166921','166921',NULL,NULL,NULL,NULL,NULL,NULL,NULL,NULL,NULL,NULL,NULL,NULL,'166921',1,'2026-03-17 05:16:37.493','2026-03-14 16:17:06.856','2026-03-17 05:16:37.565'),(257,5,66,'1710','1710',NULL,NULL,NULL,NULL,NULL,NULL,NULL,NULL,NULL,NULL,NULL,NULL,'1710',1,'2026-03-17 05:16:37.493','2026-03-14 16:17:06.861','2026-03-17 05:16:37.565'),(258,5,NULL,'1713','1713',NULL,'Automatic','Steel',NULL,NULL,43.00,NULL,NULL,NULL,NULL,NULL,NULL,'1713',1,'2026-03-17 04:38:10.002','2026-03-14 16:17:06.865','2026-03-17 04:38:10.003'),(259,5,63,'1820','Cartier Tank Française',NULL,'Quartz','Yellow gold',NULL,NULL,20.00,NULL,NULL,NULL,NULL,NULL,NULL,'1820',1,'2026-03-17 04:36:33.638','2026-03-14 16:17:06.870','2026-03-17 04:36:33.639'),(260,5,66,'183964','183964',NULL,NULL,NULL,NULL,NULL,NULL,NULL,NULL,NULL,NULL,NULL,NULL,'183964',1,'2026-03-17 05:16:37.493','2026-03-14 16:17:06.873','2026-03-17 05:16:37.565'),(261,5,66,'1840','1840',NULL,NULL,NULL,NULL,NULL,NULL,NULL,NULL,NULL,NULL,NULL,NULL,'1840',1,'2026-03-17 05:16:37.493','2026-03-14 16:17:06.881','2026-03-17 05:16:37.565'),(262,5,61,'187901','Cartier Santos Galbée',NULL,'Quartz','Gold/Steel',NULL,NULL,29.00,NULL,NULL,NULL,NULL,NULL,NULL,'187901',1,'2026-03-17 04:36:37.427','2026-03-14 16:17:06.885','2026-03-17 04:36:37.428'),(263,5,66,'187903','187903',NULL,NULL,NULL,NULL,NULL,NULL,NULL,NULL,NULL,NULL,NULL,NULL,'187903',1,'2026-03-17 05:16:37.493','2026-03-14 16:17:06.889','2026-03-17 05:16:37.565'),(264,5,66,'187949','187949',NULL,NULL,NULL,NULL,NULL,NULL,NULL,NULL,NULL,NULL,NULL,NULL,'187949',1,'2026-03-17 05:16:37.493','2026-03-14 16:17:06.892','2026-03-17 05:16:37.565'),(265,5,66,'1954','1954',NULL,NULL,NULL,NULL,NULL,NULL,NULL,NULL,NULL,NULL,NULL,NULL,'1954',1,'2026-03-17 05:16:37.493','2026-03-14 16:17:06.896','2026-03-17 05:16:37.565'),(266,5,63,'2300','Cartier Tank Française',NULL,'Quartz','Steel',NULL,NULL,20.00,NULL,NULL,NULL,NULL,NULL,NULL,'2300',1,'2026-03-17 04:36:42.517','2026-03-14 16:17:06.900','2026-03-17 04:36:42.518'),(267,5,66,'2301','2301',NULL,NULL,NULL,NULL,NULL,NULL,NULL,NULL,NULL,NULL,NULL,NULL,'2301',1,'2026-03-17 05:16:37.493','2026-03-14 16:17:06.904','2026-03-17 05:16:37.565'),(268,5,63,'2302','Cartier Tank Française',NULL,'Automatic','Steel',NULL,NULL,28.00,NULL,NULL,NULL,NULL,NULL,NULL,'2302',1,'2026-03-17 04:36:45.080','2026-03-14 16:17:06.907','2026-03-17 04:36:45.081'),(269,5,61,'2319','Cartier Santos Galbée',NULL,'Automatic','Steel',NULL,NULL,29.00,NULL,NULL,NULL,NULL,NULL,NULL,'2319',1,'2026-03-17 04:36:46.361','2026-03-14 16:17:06.911','2026-03-17 04:36:46.362'),(270,5,52,'2324','Cartier Pasha C',NULL,'Automatic','Steel',NULL,NULL,35.00,NULL,NULL,NULL,NULL,NULL,NULL,'2324',1,'2026-03-17 04:36:47.642','2026-03-14 16:17:06.915','2026-03-17 04:36:47.643'),(271,5,63,'2384','Cartier Tank Française',NULL,'Quartz','Steel',NULL,NULL,20.00,NULL,NULL,NULL,NULL,NULL,NULL,'2384',1,'2026-03-17 04:36:48.920','2026-03-14 16:17:06.920','2026-03-17 04:36:48.921'),(272,5,63,'2385','Cartier Tank Française',NULL,'Quartz','Yellow gold',NULL,NULL,20.00,NULL,NULL,NULL,NULL,NULL,NULL,'2385',1,'2026-03-17 04:36:50.187','2026-03-14 16:17:06.924','2026-03-17 04:36:50.188'),(273,5,66,'2403','2403',NULL,NULL,NULL,NULL,NULL,NULL,NULL,NULL,NULL,NULL,NULL,NULL,'2403',1,'2026-03-17 05:16:37.493','2026-03-14 16:17:06.928','2026-03-17 05:16:37.565'),(274,5,66,'2405','2405',NULL,NULL,NULL,NULL,NULL,NULL,NULL,NULL,NULL,NULL,NULL,NULL,'2405',1,'2026-03-17 05:16:37.493','2026-03-14 16:17:06.932','2026-03-17 05:16:37.565'),(275,5,66,'2412','2412',NULL,NULL,NULL,NULL,NULL,NULL,NULL,NULL,NULL,NULL,NULL,NULL,'2412',1,'2026-03-17 05:16:37.493','2026-03-14 16:17:06.935','2026-03-17 05:16:37.565'),(276,5,62,'2415','Cartier Tank',NULL,'Quartz','Silver',NULL,NULL,22.00,NULL,NULL,NULL,NULL,NULL,NULL,'2415',1,'2026-03-17 04:36:55.244','2026-03-14 16:17:06.939','2026-03-17 04:36:55.245'),(277,5,61,'2423','Cartier Santos Galbée',NULL,'Automatic','Steel',NULL,NULL,24.00,NULL,NULL,NULL,NULL,NULL,NULL,'2423',1,'2026-03-17 04:36:56.522','2026-03-14 16:17:06.943','2026-03-17 04:36:56.523'),(278,5,NULL,'2441','Hamilton Ventura',NULL,'Quartz','Steel',NULL,NULL,50.30,NULL,NULL,NULL,NULL,NULL,NULL,'2441',1,'2026-03-17 04:36:57.809','2026-03-14 16:17:06.947','2026-03-17 04:36:57.810'),(279,5,66,'2442','2442',NULL,NULL,NULL,NULL,NULL,NULL,NULL,NULL,NULL,NULL,NULL,NULL,'2442',1,'2026-03-17 05:16:37.493','2026-03-14 16:17:06.951','2026-03-17 05:16:37.565'),(280,5,63,'2465','Cartier Tank Française',NULL,'Quartz','Steel',NULL,NULL,25.00,NULL,NULL,NULL,NULL,NULL,NULL,'2465',1,'2026-03-17 04:37:00.373','2026-03-14 16:17:06.954','2026-03-17 04:37:00.375'),(281,5,52,'2475','Cartier Pasha C',NULL,'Automatic','Steel',NULL,NULL,35.00,NULL,NULL,NULL,NULL,NULL,NULL,'2475',1,'2026-03-17 04:37:01.677','2026-03-14 16:17:06.958','2026-03-17 04:37:01.678'),(282,5,NULL,'2510','Breitling',NULL,'Automatic','Steel',NULL,NULL,42.00,NULL,NULL,NULL,NULL,NULL,NULL,'2510',1,'2026-03-17 04:37:02.958','2026-03-14 16:17:06.962','2026-03-17 04:37:02.959'),(283,5,66,'2524','2524',NULL,NULL,NULL,NULL,NULL,NULL,NULL,NULL,NULL,NULL,NULL,NULL,'2524',1,'2026-03-17 05:16:37.493','2026-03-14 16:17:06.965','2026-03-17 05:16:37.565'),(284,5,54,'2618','Cartier Roadster',NULL,'Automatic','Steel',NULL,NULL,40.00,NULL,NULL,NULL,NULL,NULL,NULL,'2618',1,'2026-03-17 04:37:05.516','2026-03-14 16:17:06.970','2026-03-17 04:37:05.517'),(285,5,NULL,'2656','Audemars Piguet Royal Oak Offshore Chronograph',NULL,'Automatic','Titanium',NULL,NULL,44.00,NULL,NULL,NULL,NULL,NULL,NULL,'2656',1,'2026-03-17 04:37:06.794','2026-03-14 16:17:06.973','2026-03-17 04:37:06.795'),(286,5,54,'2675','Cartier Roadster',NULL,'Quartz','Steel',NULL,NULL,31.00,NULL,NULL,NULL,NULL,NULL,NULL,'2675',1,'2026-03-17 04:37:08.074','2026-03-14 16:17:06.978','2026-03-17 04:37:08.075'),(287,5,59,'2698','Cartier Santos Demoiselle',NULL,'Quartz','Steel',NULL,NULL,20.00,NULL,NULL,NULL,NULL,NULL,NULL,'2698',1,'2026-03-17 04:37:09.364','2026-03-14 16:17:06.981','2026-03-17 04:37:09.367'),(288,5,66,'2740','2740',NULL,NULL,NULL,NULL,NULL,NULL,NULL,NULL,NULL,NULL,NULL,NULL,'2740',1,'2026-03-17 05:16:37.493','2026-03-14 16:17:06.985','2026-03-17 05:16:37.565'),(289,5,NULL,'2823','2823',NULL,'Automatic','Platinum',NULL,NULL,40.00,NULL,NULL,NULL,NULL,NULL,NULL,'2823',1,'2026-03-17 04:37:11.912','2026-03-14 16:17:06.989','2026-03-17 04:37:11.913'),(290,5,58,'2878','Cartier Santos 100',NULL,'Automatic','Steel',NULL,NULL,33.00,NULL,NULL,NULL,NULL,NULL,NULL,'2878',1,'2026-03-17 04:37:13.192','2026-03-14 16:17:06.993','2026-03-17 04:37:13.193'),(291,5,66,'2960','2960',NULL,NULL,NULL,NULL,NULL,NULL,NULL,NULL,NULL,NULL,NULL,NULL,'2960',1,'2026-03-17 05:16:37.493','2026-03-14 16:17:06.997','2026-03-17 05:16:37.565'),(292,5,57,'2961','Cartier Santos',NULL,'Automatic','Gold/Steel',NULL,NULL,29.00,NULL,NULL,NULL,NULL,NULL,NULL,'2961',1,'2026-03-17 04:37:15.735','2026-03-14 16:17:07.001','2026-03-17 04:37:15.736'),(293,5,66,'2966','2966',NULL,NULL,NULL,NULL,NULL,NULL,NULL,NULL,NULL,NULL,NULL,NULL,'2966',1,'2026-03-17 05:16:37.493','2026-03-14 16:17:07.004','2026-03-17 05:16:37.565'),(294,5,51,'2973','Cartier Pasha',NULL,'Quartz','Steel',NULL,NULL,27.00,NULL,NULL,NULL,NULL,NULL,NULL,'2973',1,'2026-03-17 04:37:18.273','2026-03-14 16:17:07.008','2026-03-17 04:37:18.274'),(295,5,48,'3001','Cartier Ballon Bleu 42mm',NULL,'Automatic','Steel',NULL,NULL,42.00,NULL,NULL,NULL,NULL,NULL,NULL,'3001',1,'2026-03-17 04:37:19.561','2026-03-14 16:17:07.012','2026-03-17 04:37:19.562'),(296,5,NULL,'3005','Chopard Happy Sport',NULL,'Quartz','Steel',NULL,NULL,36.00,NULL,NULL,NULL,NULL,NULL,NULL,'3005',1,'2026-03-17 04:37:20.833','2026-03-14 16:17:07.016','2026-03-17 04:37:20.833'),(297,5,NULL,'3168','Oris Big Crown Pointer Date',NULL,'Automatic','Bronze',NULL,NULL,40.00,NULL,NULL,NULL,NULL,NULL,NULL,'3168',1,'2026-03-17 04:37:22.103','2026-03-14 16:17:07.020','2026-03-17 04:37:22.104'),(298,5,65,'3169','Cartier Tank Solo',NULL,'Quartz','Steel',NULL,NULL,27.00,NULL,NULL,NULL,NULL,NULL,NULL,'3169',1,'2026-03-17 04:37:23.372','2026-03-14 16:17:07.023','2026-03-17 04:37:23.373'),(299,5,65,'3170','Cartier Tank Solo',NULL,'Quartz','Steel',NULL,NULL,24.00,NULL,NULL,NULL,NULL,NULL,NULL,'3170',1,'2026-03-17 04:37:24.659','2026-03-14 16:17:07.030','2026-03-17 04:37:24.660'),(300,5,66,'3217','3217',NULL,NULL,NULL,NULL,NULL,NULL,NULL,NULL,NULL,NULL,NULL,NULL,'3217',1,'2026-03-17 05:16:37.493','2026-03-14 16:17:07.035','2026-03-17 05:16:37.565'),(301,5,66,'3284','3284',NULL,NULL,NULL,NULL,NULL,NULL,NULL,NULL,NULL,NULL,NULL,NULL,'3284',1,'2026-03-17 05:16:37.493','2026-03-14 16:17:07.040','2026-03-17 05:16:37.565'),(302,5,66,'3514','3514',NULL,NULL,NULL,NULL,NULL,NULL,NULL,NULL,NULL,NULL,NULL,NULL,'3514',1,'2026-03-17 05:16:37.493','2026-03-14 16:17:07.044','2026-03-17 05:16:37.565'),(303,5,66,'3515','3515',NULL,NULL,NULL,NULL,NULL,NULL,NULL,NULL,NULL,NULL,NULL,NULL,'3515',1,'2026-03-17 05:16:37.493','2026-03-14 16:17:07.048','2026-03-17 05:16:37.565'),(304,5,66,'3802','3802',NULL,NULL,NULL,NULL,NULL,NULL,NULL,NULL,NULL,NULL,NULL,NULL,'3802',1,'2026-03-17 05:16:37.493','2026-03-14 16:17:07.052','2026-03-17 05:16:37.565'),(305,5,66,'4324','4324',NULL,NULL,NULL,NULL,NULL,NULL,NULL,NULL,NULL,NULL,NULL,NULL,'4324',1,'2026-03-17 05:16:37.493','2026-03-14 16:17:07.056','2026-03-17 05:16:37.565'),(306,5,66,'5057001','Cartier Tank Vermeil',NULL,'Quartz','Silver',NULL,NULL,20.00,NULL,NULL,NULL,NULL,NULL,NULL,'5057001',1,'2026-03-17 04:37:33.563','2026-03-14 16:17:07.061','2026-03-17 04:37:33.564'),(307,5,66,'590005','Cartier Tank Vermeil',NULL,'Quartz','Silver',NULL,NULL,23.00,NULL,NULL,NULL,NULL,NULL,NULL,'590005',1,'2026-03-17 04:37:34.837','2026-03-14 16:17:07.065','2026-03-17 04:37:34.838'),(308,5,66,'681006','681006',NULL,NULL,NULL,NULL,NULL,NULL,NULL,NULL,NULL,NULL,NULL,NULL,'681006',1,'2026-03-17 05:16:37.493','2026-03-14 16:17:07.069','2026-03-17 05:16:37.565'),(309,5,66,'78086','78086',NULL,NULL,NULL,NULL,NULL,NULL,NULL,NULL,NULL,NULL,NULL,NULL,'78086',1,'2026-03-17 05:16:37.493','2026-03-14 16:17:07.072','2026-03-17 05:16:37.565'),(310,5,66,'78087','78087',NULL,NULL,NULL,NULL,NULL,NULL,NULL,NULL,NULL,NULL,NULL,NULL,'78087',1,'2026-03-17 05:16:37.493','2026-03-14 16:17:07.077','2026-03-17 05:16:37.565'),(311,5,57,'8191','Cartier Santos',NULL,'Quartz','Gold/Steel',NULL,NULL,27.00,NULL,NULL,NULL,NULL,NULL,NULL,'8191',1,'2026-03-17 04:37:39.985','2026-03-14 16:17:07.081','2026-03-17 04:37:39.986'),(312,5,66,'8839','8839',NULL,NULL,NULL,NULL,NULL,NULL,NULL,NULL,NULL,NULL,NULL,NULL,'8839',1,'2026-03-17 05:16:37.493','2026-03-14 16:17:07.085','2026-03-17 05:16:37.565'),(313,5,66,'887968','887968',NULL,NULL,NULL,NULL,NULL,NULL,NULL,NULL,NULL,NULL,NULL,NULL,'887968',1,'2026-03-17 05:16:37.493','2026-03-14 16:17:07.089','2026-03-17 05:16:37.565'),(314,5,66,'987901','987901',NULL,NULL,NULL,NULL,NULL,NULL,NULL,NULL,NULL,NULL,NULL,NULL,'987901',1,'2026-03-17 05:16:37.493','2026-03-14 16:17:07.093','2026-03-17 05:16:37.565'),(315,5,66,'W10184U2','W10184U2',NULL,NULL,NULL,NULL,NULL,NULL,NULL,NULL,NULL,NULL,NULL,NULL,'W10184U2',1,'2026-03-17 05:16:37.493','2026-03-14 16:17:07.097','2026-03-17 05:16:37.565'),(316,5,65,'W1018855','Cartier Tank Solo',NULL,'Quartz','Yellow gold',NULL,NULL,34.00,NULL,NULL,NULL,NULL,NULL,NULL,'W1018855',1,'2026-03-17 04:37:46.327','2026-03-14 16:17:07.100','2026-03-17 04:37:46.328'),(317,5,64,'W1529756','Cartier Tank Louis Cartier',NULL,'Quartz','Yellow gold',NULL,NULL,25.50,NULL,NULL,NULL,NULL,NULL,NULL,'W1529756',1,'2026-03-17 04:37:47.604','2026-03-14 16:17:07.104','2026-03-17 04:37:47.605'),(318,5,64,'W1529856','Cartier Tank Louis Cartier',NULL,'Quartz','Yellow gold',NULL,NULL,29.50,NULL,NULL,NULL,NULL,NULL,NULL,'W1529856',1,'2026-03-17 04:37:48.887','2026-03-14 16:17:07.107','2026-03-17 04:37:48.888'),(319,5,66,'W1556368','W1556368',NULL,NULL,NULL,NULL,NULL,NULL,NULL,NULL,NULL,NULL,NULL,NULL,'W1556368',1,'2026-03-17 05:16:37.493','2026-03-14 16:17:07.112','2026-03-17 05:16:37.565'),(320,5,66,'W20011C4','W20011C4',NULL,NULL,NULL,NULL,NULL,NULL,NULL,NULL,NULL,NULL,NULL,NULL,'W20011C4',1,'2026-03-17 05:16:37.493','2026-03-14 16:17:07.115','2026-03-17 05:16:37.565'),(321,5,66,'W20012C4','W20012C4',NULL,NULL,NULL,NULL,NULL,NULL,NULL,NULL,NULL,NULL,NULL,NULL,'W20012C4',1,'2026-03-17 05:16:37.493','2026-03-14 16:17:07.120','2026-03-17 05:16:37.565'),(322,5,66,'W20040D6','W20040D6',NULL,NULL,NULL,NULL,NULL,NULL,NULL,NULL,NULL,NULL,NULL,NULL,'W20040D6',1,'2026-03-17 05:16:37.493','2026-03-14 16:17:07.124','2026-03-17 05:16:37.565'),(323,5,66,'W20056D6','W20056D6',NULL,NULL,NULL,NULL,NULL,NULL,NULL,NULL,NULL,NULL,NULL,NULL,'W20056D6',1,'2026-03-17 05:16:37.493','2026-03-14 16:17:07.128','2026-03-17 05:16:37.565'),(324,5,66,'W2006951','W2006951',NULL,NULL,NULL,NULL,NULL,NULL,NULL,NULL,NULL,NULL,NULL,NULL,'W2006951',1,'2026-03-17 05:16:37.493','2026-03-14 16:17:07.132','2026-03-17 05:16:37.565'),(325,5,58,'W20072X7','Cartier Santos 100',NULL,'Automatic','Gold/Steel',NULL,NULL,38.00,NULL,NULL,NULL,NULL,NULL,NULL,'W20072X7',1,'2026-03-17 04:37:57.910','2026-03-14 16:17:07.136','2026-03-17 04:37:57.911'),(326,5,58,'W20073X8','Cartier Santos 100',NULL,'Automatic','Steel',NULL,NULL,38.00,NULL,NULL,NULL,NULL,NULL,NULL,'W20073X8',1,'2026-03-17 04:39:37.174','2026-03-14 16:17:07.140','2026-03-17 04:39:37.175'),(327,5,66,'W20076X8','W20076X8',NULL,NULL,NULL,NULL,NULL,NULL,NULL,NULL,NULL,NULL,NULL,NULL,'W20076X8',1,'2026-03-17 05:16:37.493','2026-03-14 16:17:07.144','2026-03-17 05:16:37.565'),(328,5,66,'W20098D6','W20098D6',NULL,NULL,NULL,NULL,NULL,NULL,NULL,NULL,NULL,NULL,NULL,NULL,'W20098D6',1,'2026-03-17 05:16:37.493','2026-03-14 16:17:07.148','2026-03-17 05:16:37.565'),(329,5,66,'W20106X8','W20106X8',NULL,NULL,NULL,NULL,NULL,NULL,NULL,NULL,NULL,NULL,NULL,NULL,'W20106X8',1,'2026-03-17 05:16:37.493','2026-03-14 16:17:07.152','2026-03-17 05:16:37.565'),(330,5,66,'W25014B9','W25014B9',NULL,NULL,NULL,NULL,NULL,NULL,NULL,NULL,NULL,NULL,NULL,NULL,'W25014B9',1,'2026-03-17 05:16:37.493','2026-03-14 16:17:07.155','2026-03-17 05:16:37.565'),(331,5,66,'W25022B9','W25022B9',NULL,NULL,NULL,NULL,NULL,NULL,NULL,NULL,NULL,NULL,NULL,NULL,'W25022B9',1,'2026-03-17 05:16:37.493','2026-03-14 16:17:07.160','2026-03-17 05:16:37.565'),(332,5,66,'W2603156','W2603156',NULL,NULL,NULL,NULL,NULL,NULL,NULL,NULL,NULL,NULL,NULL,NULL,'W2603156',1,'2026-03-17 05:16:37.493','2026-03-14 16:17:07.164','2026-03-17 05:16:37.565'),(333,5,66,'W2607456','W2607456',NULL,NULL,NULL,NULL,NULL,NULL,NULL,NULL,NULL,NULL,NULL,NULL,'W2607456',1,'2026-03-17 05:16:37.493','2026-03-14 16:17:07.167','2026-03-17 05:16:37.565'),(334,5,66,'W2BB0012','W2BB0012',NULL,NULL,NULL,NULL,NULL,NULL,NULL,NULL,NULL,NULL,NULL,NULL,'W2BB0012',1,'2026-03-17 05:16:37.493','2026-03-14 16:17:07.171','2026-03-17 05:16:37.565'),(335,5,66,'W2PN0006','W2PN0006',NULL,NULL,NULL,NULL,NULL,NULL,NULL,NULL,NULL,NULL,NULL,NULL,'W2PN0006',1,'2026-03-17 05:16:37.493','2026-03-14 16:17:07.174','2026-03-17 05:16:37.565'),(336,5,66,'W2PN0007','W2PN0007',NULL,NULL,NULL,NULL,NULL,NULL,NULL,NULL,NULL,NULL,NULL,NULL,'W2PN0007',1,'2026-03-17 05:16:37.493','2026-03-14 16:17:07.179','2026-03-17 05:16:37.565'),(337,5,57,'W2SA0008','Cartier Santos',NULL,'Automatic','Gold/Steel',NULL,NULL,43.30,NULL,NULL,NULL,NULL,NULL,NULL,'W2SA0008',1,'2026-03-17 04:38:13.289','2026-03-14 16:17:07.182','2026-03-17 04:38:13.290'),(338,5,57,'W2SA0009','Cartier Santos',NULL,'Automatic','Gold/Steel',NULL,NULL,39.80,NULL,NULL,NULL,NULL,NULL,NULL,'W2SA0009',1,'2026-03-17 04:38:14.591','2026-03-14 16:17:07.186','2026-03-17 04:38:14.592'),(339,5,60,'W2SA0011','Cartier Santos Dumont',NULL,'Quartz','Steel',NULL,NULL,43.50,NULL,NULL,NULL,NULL,NULL,NULL,'W2SA0011',1,'2026-03-17 04:38:15.882','2026-03-14 16:17:07.189','2026-03-17 04:38:15.883'),(340,5,57,'W2SA0016','Cartier Santos',NULL,'Automatic','Gold/Steel',NULL,NULL,35.10,NULL,NULL,NULL,NULL,NULL,NULL,'W2SA0016',1,'2026-03-17 04:38:17.166','2026-03-14 16:17:07.192','2026-03-17 04:38:17.167'),(341,5,66,'W2SA0017','W2SA0017',NULL,NULL,NULL,NULL,NULL,NULL,NULL,NULL,NULL,NULL,NULL,NULL,'W2SA0017',1,'2026-03-17 05:16:37.493','2026-03-14 16:17:07.197','2026-03-17 05:16:37.565'),(342,5,66,'W31015M7','W31015M7',NULL,NULL,NULL,NULL,NULL,NULL,NULL,NULL,NULL,NULL,NULL,NULL,'W31015M7',1,'2026-03-17 05:16:37.493','2026-03-14 16:17:07.200','2026-03-17 05:16:37.565'),(343,5,52,'W31044M7','Cartier Pasha C',NULL,'Automatic','Steel',NULL,NULL,35.00,NULL,NULL,NULL,NULL,NULL,NULL,'W31044M7',1,'2026-03-17 04:38:20.976','2026-03-14 16:17:07.204','2026-03-17 04:38:20.977'),(344,5,52,'W31074M7','Cartier Pasha C',NULL,'Automatic','Steel',NULL,NULL,35.00,NULL,NULL,NULL,NULL,NULL,NULL,'W31074M7',1,'2026-03-17 04:38:22.268','2026-03-14 16:17:07.207','2026-03-17 04:38:22.270'),(345,5,53,'W31080M7','Cartier Pasha Seatimer',NULL,'Automatic','Steel',NULL,NULL,40.00,NULL,NULL,NULL,NULL,NULL,NULL,'W31080M7',1,'2026-03-17 04:38:23.548','2026-03-14 16:17:07.211','2026-03-17 04:38:23.550'),(346,5,51,'W3140007','Cartier Pasha',NULL,'Quartz','Steel',NULL,NULL,27.00,NULL,NULL,NULL,NULL,NULL,NULL,'W3140007',1,'2026-03-17 04:38:24.835','2026-03-14 16:17:07.214','2026-03-17 04:38:24.836'),(347,5,51,'W3140008','Cartier Pasha',NULL,'Quartz','Steel',NULL,NULL,27.00,NULL,NULL,NULL,NULL,NULL,NULL,'W3140008',1,'2026-03-17 04:38:26.232','2026-03-14 16:17:07.218','2026-03-17 04:38:26.233'),(348,5,66,'W3PN0006','W3PN0006',NULL,NULL,NULL,NULL,NULL,NULL,NULL,NULL,NULL,NULL,NULL,NULL,'W3PN0006',1,'2026-03-17 05:16:37.493','2026-03-14 16:17:07.221','2026-03-17 05:16:37.565'),(349,5,66,'W4BB0023','W4BB0023',NULL,NULL,NULL,NULL,NULL,NULL,NULL,NULL,NULL,NULL,NULL,NULL,'W4BB0023',1,'2026-03-17 05:16:37.493','2026-03-14 16:17:07.225','2026-03-17 05:16:37.565'),(350,5,50,'W4PN0007','Cartier Panthère',NULL,'Quartz','Steel',NULL,NULL,22.00,NULL,NULL,NULL,NULL,NULL,NULL,'W4PN0007',1,'2026-03-16 07:18:32.179','2026-03-14 16:17:07.229','2026-03-16 07:18:32.180'),(351,5,66,'W4SA0005','W4SA0005',NULL,NULL,NULL,NULL,NULL,NULL,NULL,NULL,NULL,NULL,NULL,NULL,'W4SA0005',1,'2026-03-17 05:16:37.493','2026-03-14 16:17:07.233','2026-03-17 05:16:37.565'),(352,5,66,'W4TA0008','W4TA0008',NULL,NULL,NULL,NULL,NULL,NULL,NULL,NULL,NULL,NULL,NULL,NULL,'W4TA0008',1,'2026-03-17 05:16:37.493','2026-03-14 16:17:07.236','2026-03-17 05:16:37.565'),(353,5,66,'W5000256','W5000256',NULL,NULL,NULL,NULL,NULL,NULL,NULL,NULL,NULL,NULL,NULL,NULL,'W5000256',1,'2026-03-17 05:16:37.493','2026-03-14 16:17:07.240','2026-03-17 05:16:37.565'),(354,5,66,'W50002N2','W50002N2',NULL,NULL,NULL,NULL,NULL,NULL,NULL,NULL,NULL,NULL,NULL,NULL,'W50002N2',1,'2026-03-17 05:16:37.493','2026-03-14 16:17:07.244','2026-03-17 05:16:37.565'),(355,5,NULL,'W51002Q3','W51002Q3',NULL,'Automatic','Steel',NULL,NULL,28.00,NULL,NULL,NULL,NULL,NULL,NULL,'W51002Q3',1,'2026-03-16 07:18:25.847','2026-03-14 16:17:07.247','2026-03-16 07:18:25.848'),(356,5,63,'W51005Q4','Cartier Tank Française',NULL,'Automatic','-',NULL,NULL,28.00,NULL,NULL,NULL,NULL,NULL,NULL,'W51005Q4',1,'2026-03-16 07:18:24.558','2026-03-14 16:17:07.252','2026-03-16 07:18:24.559'),(357,5,66,'W51007Q4','W51007Q4',NULL,NULL,NULL,NULL,NULL,NULL,NULL,NULL,NULL,NULL,NULL,NULL,'W51007Q4',1,'2026-03-17 05:16:37.493','2026-03-14 16:17:07.255','2026-03-17 05:16:37.565'),(358,5,63,'W51008Q3','Cartier Tank Française',NULL,'Quartz','Steel',NULL,NULL,20.00,NULL,NULL,NULL,NULL,NULL,NULL,'W51008Q3',1,'2026-03-16 07:18:22.025','2026-03-14 16:17:07.259','2026-03-16 07:18:22.026'),(359,5,63,'W51011Q3','Cartier Tank Française',NULL,'Quartz','Steel',NULL,NULL,25.00,NULL,NULL,NULL,NULL,NULL,NULL,'W51011Q3',1,'2026-03-16 07:18:20.763','2026-03-14 16:17:07.263','2026-03-16 07:18:20.764'),(360,5,NULL,'W51012Q4','W51012Q4',NULL,'Quartz','Gold/Steel',NULL,NULL,25.00,NULL,NULL,NULL,NULL,NULL,NULL,'W51012Q4',1,'2026-03-16 07:18:19.172','2026-03-14 16:17:07.266','2026-03-16 07:18:19.173'),(361,5,66,'W51027Q4','W51027Q4',NULL,NULL,NULL,NULL,NULL,NULL,NULL,NULL,NULL,NULL,NULL,NULL,'W51027Q4',1,'2026-03-17 05:16:37.493','2026-03-14 16:17:07.270','2026-03-17 05:16:37.565'),(362,5,63,'W51028Q3','Cartier Tank Française',NULL,'Quartz','Steel',NULL,NULL,20.00,NULL,NULL,NULL,NULL,NULL,NULL,'W51028Q3',1,'2026-03-16 07:19:54.164','2026-03-14 16:17:07.273','2026-03-16 07:19:54.165'),(363,5,66,'W5200002','W5200002',NULL,NULL,NULL,NULL,NULL,NULL,NULL,NULL,NULL,NULL,NULL,NULL,'W5200002',1,'2026-03-17 05:16:37.493','2026-03-14 16:17:07.277','2026-03-17 05:16:37.565'),(364,5,66,'W5200004','W5200004',NULL,NULL,NULL,NULL,NULL,NULL,NULL,NULL,NULL,NULL,NULL,NULL,'W5200004',1,'2026-03-17 05:16:37.493','2026-03-14 16:17:07.281','2026-03-17 05:16:37.565'),(365,5,66,'W5200013','W5200013',NULL,NULL,NULL,NULL,NULL,NULL,NULL,NULL,NULL,NULL,NULL,NULL,'W5200013',1,'2026-03-17 05:16:37.493','2026-03-14 16:17:07.284','2026-03-17 05:16:37.565'),(366,5,66,'W5200014','W5200014',NULL,NULL,NULL,NULL,NULL,NULL,NULL,NULL,NULL,NULL,NULL,NULL,'W5200014',1,'2026-03-17 05:16:37.493','2026-03-14 16:17:07.288','2026-03-17 05:16:37.565'),(367,5,65,'W5200024','Cartier Tank Solo',NULL,'Quartz','Rose gold',NULL,NULL,24.00,NULL,NULL,NULL,NULL,NULL,NULL,'W5200024',1,'2026-03-16 07:18:10.234','2026-03-14 16:17:07.291','2026-03-16 07:18:10.235'),(368,5,66,'W5200025','W5200025',NULL,NULL,NULL,NULL,NULL,NULL,NULL,NULL,NULL,NULL,NULL,NULL,'W5200025',1,'2026-03-17 05:17:57.543','2026-03-14 16:17:07.295','2026-03-17 05:17:57.544'),(369,5,65,'W5200026','Cartier Tank Solo',NULL,'Automatic','Rose gold',NULL,NULL,31.00,NULL,NULL,NULL,NULL,NULL,NULL,'W5200026',1,'2026-03-16 07:18:07.686','2026-03-14 16:17:07.299','2026-03-16 07:18:07.687'),(370,5,66,'W5200027','W5200027',NULL,NULL,NULL,NULL,NULL,NULL,NULL,NULL,NULL,NULL,NULL,NULL,'W5200027',1,'2026-03-17 05:17:58.812','2026-03-14 16:17:07.302','2026-03-17 05:17:58.813'),(371,5,65,'W5200028','Cartier Tank Solo',NULL,'Automatic','Steel',NULL,NULL,31.00,NULL,NULL,NULL,NULL,NULL,NULL,'W5200028',1,'2026-03-16 07:18:05.138','2026-03-14 16:17:07.306','2026-03-16 07:18:05.139'),(372,5,66,'W5330003','W5330003',NULL,NULL,NULL,NULL,NULL,NULL,NULL,NULL,NULL,NULL,NULL,NULL,'W5330003',1,'2026-03-17 05:18:00.087','2026-03-14 16:17:07.310','2026-03-17 05:18:00.088'),(373,5,66,'W5330004','W5330004',NULL,NULL,NULL,NULL,NULL,NULL,NULL,NULL,NULL,NULL,NULL,NULL,'W5330004',1,'2026-03-17 05:18:01.363','2026-03-14 16:17:07.314','2026-03-17 05:18:01.364'),(374,5,66,'W62002V3','W62002V3',NULL,NULL,NULL,NULL,NULL,NULL,NULL,NULL,NULL,NULL,NULL,NULL,'W62002V3',1,'2026-03-17 05:18:02.651','2026-03-14 16:17:07.318','2026-03-17 05:18:02.652'),(375,5,54,'W62016V3','Cartier Roadster',NULL,'Quartz','Steel',NULL,NULL,36.00,NULL,NULL,NULL,NULL,NULL,NULL,'W62016V3',1,'2026-03-16 07:18:00.059','2026-03-14 16:17:07.321','2026-03-16 07:18:00.060'),(376,5,54,'W62017V3','Cartier Roadster',NULL,'Quartz','Steel',NULL,NULL,30.00,NULL,NULL,NULL,NULL,NULL,NULL,'W62017V3',1,'2026-03-16 07:17:58.783','2026-03-14 16:17:07.326','2026-03-16 07:17:58.784'),(377,5,54,'W62019X6','Cartier Roadster',NULL,'Automatic','Steel',NULL,NULL,43.00,NULL,NULL,NULL,NULL,NULL,NULL,'W62019X6',1,'2026-03-16 07:17:57.450','2026-03-14 16:17:07.330','2026-03-16 07:17:57.450'),(378,5,54,'W62020X6','Cartier Roadster',NULL,'Automatic','Steel',NULL,NULL,49.00,NULL,NULL,NULL,NULL,NULL,NULL,'W62020X6',1,'2026-03-16 07:17:56.192','2026-03-14 16:17:07.333','2026-03-16 07:17:56.193'),(379,5,66,'W62025V3','W62025V3',NULL,NULL,NULL,NULL,NULL,NULL,NULL,NULL,NULL,NULL,NULL,NULL,'W62025V3',1,'2026-03-17 05:18:04.009','2026-03-14 16:17:07.336','2026-03-17 05:18:04.010'),(380,5,66,'W62031Y4','W62031Y4',NULL,NULL,NULL,NULL,NULL,NULL,NULL,NULL,NULL,NULL,NULL,NULL,'W62031Y4',1,'2026-03-17 05:18:05.293','2026-03-14 16:17:07.340','2026-03-17 05:18:05.294'),(381,5,66,'W62041V3','W62041V3',NULL,NULL,NULL,NULL,NULL,NULL,NULL,NULL,NULL,NULL,NULL,NULL,'W62041V3',1,'2026-03-17 05:18:06.566','2026-03-14 16:17:07.344','2026-03-17 05:18:06.567'),(382,5,66,'W6700455','W6700455',NULL,NULL,NULL,NULL,NULL,NULL,NULL,NULL,NULL,NULL,NULL,NULL,'W6700455',1,'2026-03-17 05:18:07.852','2026-03-14 16:17:07.347','2026-03-17 05:18:07.854'),(383,5,56,'W6701005','Cartier Ronde Solo de Cartier',NULL,'Quartz','Steel',NULL,NULL,36.00,NULL,NULL,NULL,NULL,NULL,NULL,'W6701005',1,'2026-03-16 07:17:49.871','2026-03-14 16:17:07.351','2026-03-16 07:17:49.872'),(384,5,56,'W6701011','Cartier Ronde Solo de Cartier',NULL,'Automatic','Steel',NULL,NULL,42.00,NULL,NULL,NULL,NULL,NULL,NULL,'W6701011',1,'2026-03-16 07:17:48.602','2026-03-14 16:17:07.354','2026-03-16 07:17:48.603'),(385,5,66,'W6800251','W6800251',NULL,NULL,NULL,NULL,NULL,NULL,NULL,NULL,NULL,NULL,NULL,NULL,'W6800251',1,'2026-03-17 05:18:09.140','2026-03-14 16:17:07.357','2026-03-17 05:18:09.142'),(386,5,66,'W69003Z2','W69003Z2',NULL,NULL,NULL,NULL,NULL,NULL,NULL,NULL,NULL,NULL,NULL,NULL,'W69003Z2',1,'2026-03-17 05:18:10.792','2026-03-14 16:17:07.361','2026-03-17 05:18:10.793'),(387,5,66,'W69007Z3','W69007Z3',NULL,NULL,NULL,NULL,NULL,NULL,NULL,NULL,NULL,NULL,NULL,NULL,'W69007Z3',1,'2026-03-17 05:18:12.067','2026-03-14 16:17:07.364','2026-03-17 05:18:12.069'),(388,5,48,'W69009Z3','Cartier Ballon Bleu 42mm',NULL,'Automatic','Gold/Steel',NULL,NULL,42.00,NULL,NULL,NULL,NULL,NULL,NULL,'W69009Z3',1,'2026-03-16 07:17:43.548','2026-03-14 16:17:07.368','2026-03-16 07:17:43.549'),(389,5,45,'W69010Z4','Cartier Ballon Bleu 28mm',NULL,'Quartz','Steel',NULL,NULL,28.00,NULL,NULL,NULL,NULL,NULL,NULL,'W69010Z4',1,'2026-03-16 07:17:42.276','2026-03-14 16:17:07.371','2026-03-16 07:17:42.277'),(390,5,46,'W69011Z4','Cartier Ballon Bleu 36mm',NULL,'Quartz','Steel',NULL,NULL,36.00,NULL,NULL,NULL,NULL,NULL,NULL,'W69011Z4',1,'2026-03-16 07:17:40.919','2026-03-14 16:17:07.375','2026-03-16 07:17:40.920'),(391,5,48,'W69012Z4','Cartier Ballon Bleu 42mm',NULL,'Automatic','Steel',NULL,NULL,42.00,NULL,NULL,NULL,NULL,NULL,NULL,'W69012Z4',1,'2026-03-16 07:17:39.650','2026-03-14 16:17:07.378','2026-03-16 07:17:39.650'),(392,5,66,'W6920033','W6920033',NULL,NULL,NULL,NULL,NULL,NULL,NULL,NULL,NULL,NULL,NULL,NULL,'W6920033',1,'2026-03-17 05:18:13.413','2026-03-14 16:17:07.382','2026-03-17 05:18:13.414'),(393,5,46,'W6920046','Cartier Ballon Bleu 36mm',NULL,'Automatic','Steel',NULL,NULL,36.00,NULL,NULL,NULL,NULL,NULL,NULL,'W6920046',1,'2026-03-16 07:17:37.120','2026-03-14 16:17:07.385','2026-03-16 07:17:37.121'),(394,5,66,'W6920047','W6920047',NULL,NULL,NULL,NULL,NULL,NULL,NULL,NULL,NULL,NULL,NULL,NULL,'W6920047',1,'2026-03-17 05:18:14.685','2026-03-14 16:17:07.389','2026-03-17 05:18:14.686'),(395,5,49,'W7100016','Cartier Calibre de Cartier',NULL,'Automatic','Steel',NULL,NULL,42.00,NULL,NULL,NULL,NULL,NULL,NULL,'W7100016',1,'2026-03-16 07:17:34.571','2026-03-14 16:17:07.392','2026-03-16 07:17:34.572'),(396,5,66,'W7100056','W7100056',NULL,NULL,NULL,NULL,NULL,NULL,NULL,NULL,NULL,NULL,NULL,NULL,'W7100056',1,'2026-03-17 05:18:15.956','2026-03-14 16:17:07.396','2026-03-17 05:18:15.958'),(397,5,66,'WE1001R8','WE1001R8',NULL,NULL,NULL,NULL,NULL,NULL,NULL,NULL,NULL,NULL,NULL,NULL,'WE1001R8',1,'2026-03-17 05:18:17.225','2026-03-14 16:17:07.400','2026-03-17 05:18:17.226'),(398,5,66,'WE9005Z3','WE9005Z3',NULL,NULL,NULL,NULL,NULL,NULL,NULL,NULL,NULL,NULL,NULL,NULL,'WE9005Z3',1,'2026-03-17 05:18:18.494','2026-03-14 16:17:07.403','2026-03-17 05:18:18.495'),(399,5,NULL,'WGBA0021','WGBA0021',NULL,'Quartz','Yellow gold',NULL,NULL,NULL,NULL,NULL,NULL,NULL,NULL,NULL,'WGBA0021',1,'2026-03-16 07:17:29.525','2026-03-14 16:17:07.406','2026-03-16 07:17:29.527'),(400,5,66,'WGBB0046','WGBB0046',NULL,NULL,NULL,NULL,NULL,NULL,NULL,NULL,NULL,NULL,NULL,NULL,'WGBB0046',1,'2026-03-17 05:18:20.483','2026-03-14 16:17:07.410','2026-03-17 05:18:20.484'),(401,5,66,'WGSA0019','WGSA0019',NULL,NULL,NULL,NULL,NULL,NULL,NULL,NULL,NULL,NULL,NULL,NULL,'WGSA0019',1,'2026-03-17 05:18:21.807','2026-03-14 16:17:07.414','2026-03-17 05:18:21.808'),(402,5,66,'WGTA0011','WGTA0011',NULL,NULL,NULL,NULL,NULL,NULL,NULL,NULL,NULL,NULL,NULL,NULL,'WGTA0011',1,'2026-03-17 05:18:23.135','2026-03-14 16:17:07.419','2026-03-17 05:18:23.136'),(403,5,57,'WHSA0015','Cartier Santos',NULL,'Manual winding','Steel',NULL,NULL,39.80,NULL,NULL,NULL,NULL,NULL,NULL,'WHSA0015',1,'2026-03-16 07:17:24.494','2026-03-14 16:17:07.422','2026-03-16 07:17:24.495'),(404,5,66,'WHSA0019','WHSA0019',NULL,NULL,NULL,NULL,NULL,NULL,NULL,NULL,NULL,NULL,NULL,NULL,'WHSA0019',1,'2026-03-17 05:18:24.438','2026-03-14 16:17:07.428','2026-03-17 05:18:24.440'),(405,5,66,'WHSA0032','WHSA0032',NULL,NULL,NULL,NULL,NULL,NULL,NULL,NULL,NULL,NULL,NULL,NULL,'WHSA0032',1,'2026-03-17 05:18:25.484','2026-03-14 16:17:07.432','2026-03-17 05:18:25.486'),(406,5,44,'WSBB0027','Cartier Ballon Bleu',NULL,'Automatic','Steel',NULL,NULL,42.00,NULL,NULL,NULL,NULL,NULL,NULL,'WSBB0027',1,'2026-03-16 07:17:20.666','2026-03-14 16:17:07.435','2026-03-16 07:17:20.667'),(407,5,47,'WSBB0040','Cartier Ballon Bleu 40mm',NULL,'Automatic','Steel',NULL,NULL,40.00,NULL,NULL,NULL,NULL,NULL,NULL,'WSBB0040',1,'2026-03-16 07:17:19.370','2026-03-14 16:17:07.439','2026-03-16 07:17:19.371'),(408,5,NULL,'WSBB0044','Cartier',NULL,'Automatic','Steel',NULL,NULL,33.00,NULL,NULL,NULL,NULL,NULL,NULL,'WSBB0044',1,'2026-03-16 07:17:18.100','2026-03-14 16:17:07.443','2026-03-16 07:17:18.101'),(409,5,48,'WSBB0049','Cartier Ballon Bleu 42mm',NULL,'Automatic','Steel',NULL,NULL,42.00,NULL,NULL,NULL,NULL,NULL,NULL,'WSBB0049',1,'2026-03-16 07:17:16.837','2026-03-14 16:17:07.446','2026-03-16 07:17:16.838'),(410,5,66,'WSBB0061','WSBB0061',NULL,NULL,NULL,NULL,NULL,NULL,NULL,NULL,NULL,NULL,NULL,NULL,'WSBB0061',1,'2026-03-17 05:18:26.829','2026-03-14 16:17:07.450','2026-03-17 05:18:26.830'),(411,5,66,'WSNM0008','WSNM0008',NULL,NULL,NULL,NULL,NULL,NULL,NULL,NULL,NULL,NULL,NULL,NULL,'WSNM0008',1,'2026-03-17 05:18:28.162','2026-03-14 16:17:07.453','2026-03-17 05:18:28.163'),(412,5,66,'WSNM0009','WSNM0009',NULL,NULL,NULL,NULL,NULL,NULL,NULL,NULL,NULL,NULL,NULL,NULL,'WSNM0009',1,'2026-03-17 05:18:29.499','2026-03-14 16:17:07.457','2026-03-17 05:18:29.500'),(413,5,51,'WSPA0009','Cartier Pasha',NULL,'Automatic','Steel',NULL,NULL,41.00,NULL,NULL,NULL,NULL,NULL,NULL,'WSPA0009',1,'2026-03-16 07:17:11.801','2026-03-14 16:17:07.461','2026-03-16 07:17:11.802'),(414,5,51,'WSPA0013','Cartier Pasha',NULL,'Automatic','Steel',NULL,NULL,35.00,NULL,NULL,NULL,NULL,NULL,NULL,'WSPA0013',1,'2026-03-16 07:17:10.821','2026-03-14 16:17:07.465','2026-03-16 07:17:10.821'),(415,5,66,'WSPA0021','WSPA0021',NULL,NULL,NULL,NULL,NULL,NULL,NULL,NULL,NULL,NULL,NULL,NULL,'WSPA0021',1,'2026-03-17 05:18:30.439','2026-03-14 16:17:07.469','2026-03-17 05:18:30.440'),(416,5,50,'WSPN0006','Cartier Panthère',NULL,'Quartz','Steel',NULL,NULL,22.00,NULL,NULL,NULL,NULL,NULL,NULL,'WSPN0006',1,'2026-03-16 07:17:08.251','2026-03-14 16:17:07.475','2026-03-16 07:17:08.251'),(417,5,50,'WSPN0007','Cartier Panthère',NULL,'Quartz','Steel',NULL,NULL,27.00,NULL,NULL,NULL,NULL,NULL,NULL,'WSPN0007',1,'2026-03-16 07:17:06.876','2026-03-14 16:17:07.480','2026-03-16 07:17:06.877'),(418,5,66,'WSRN0032','WSRN0032',NULL,NULL,NULL,NULL,NULL,NULL,NULL,NULL,NULL,NULL,NULL,NULL,'WSRN0032',1,'2026-03-17 05:18:32.026','2026-03-14 16:17:07.484','2026-03-17 05:18:32.027'),(419,5,55,'WSRN0035','Cartier Ronde Croisière de Cartier',NULL,'Automatic','Steel',NULL,NULL,40.00,NULL,NULL,NULL,NULL,NULL,NULL,'WSRN0035',1,'2026-03-16 07:17:04.396','2026-03-14 16:17:07.488','2026-03-16 07:17:04.397'),(420,5,66,'WSSA0009','WSSA0009',NULL,NULL,NULL,NULL,NULL,NULL,NULL,NULL,NULL,NULL,NULL,NULL,'WSSA0009',1,'2026-03-17 05:18:33.331','2026-03-14 16:17:07.492','2026-03-17 05:18:33.332'),(421,5,66,'WSSA0010','WSSA0010',NULL,NULL,NULL,NULL,NULL,NULL,NULL,NULL,NULL,NULL,NULL,NULL,'WSSA0010',1,'2026-03-17 05:18:34.623','2026-03-14 16:17:07.496','2026-03-17 05:18:34.624'),(422,5,66,'WSSA0013','WSSA0013',NULL,NULL,NULL,NULL,NULL,NULL,NULL,NULL,NULL,NULL,NULL,NULL,'WSSA0013',1,'2026-03-17 05:18:35.490','2026-03-14 16:17:07.500','2026-03-17 05:18:35.491'),(423,5,57,'WSSA0017','Cartier Santos',NULL,'Automatic','Steel',NULL,NULL,43.30,NULL,NULL,NULL,NULL,NULL,NULL,'WSSA0017',1,'2026-03-16 07:16:59.298','2026-03-14 16:17:07.506','2026-03-16 07:16:59.299'),(424,5,57,'WSSA0018','Cartier Santos',NULL,'Automatic','Steel',NULL,NULL,39.80,NULL,NULL,NULL,NULL,NULL,NULL,'WSSA0018',1,'2026-03-16 07:16:58.037','2026-03-14 16:17:07.511','2026-03-16 07:16:58.038'),(425,5,60,'WSSA0022','Cartier Santos Dumont',NULL,'Quartz','Steel',NULL,NULL,43.50,NULL,NULL,NULL,NULL,NULL,NULL,'WSSA0022',1,'2026-03-16 07:16:56.768','2026-03-14 16:17:07.514','2026-03-16 07:16:56.769'),(426,5,60,'WSSA0023','Cartier Santos Dumont',NULL,'Quartz','Steel',NULL,NULL,38.00,NULL,NULL,NULL,NULL,NULL,NULL,'WSSA0023',1,'2026-03-16 07:16:55.497','2026-03-14 16:17:07.519','2026-03-16 07:16:55.498'),(427,5,57,'WSSA0029','Cartier Santos',NULL,'Automatic','Steel',NULL,NULL,35.10,NULL,NULL,NULL,NULL,NULL,NULL,'WSSA0029',1,'2026-03-16 07:16:54.227','2026-03-14 16:17:07.523','2026-03-16 07:16:54.228'),(428,5,57,'WSSA0030','Cartier Santos',NULL,'Automatic','Steel',NULL,NULL,39.80,NULL,NULL,NULL,NULL,NULL,NULL,'WSSA0030',1,'2026-03-16 07:16:52.961','2026-03-14 16:17:07.527','2026-03-16 07:16:52.962'),(429,5,60,'WSSA0032','Cartier Santos Dumont',NULL,'Manual winding','Steel',NULL,NULL,46.60,NULL,NULL,NULL,NULL,NULL,NULL,'WSSA0032',1,'2026-03-16 07:16:51.700','2026-03-14 16:17:07.530','2026-03-16 07:16:51.701'),(430,5,57,'WSSA0037','Cartier Santos',NULL,'Automatic','Steel',NULL,NULL,39.80,NULL,NULL,NULL,NULL,NULL,NULL,'WSSA0037',1,'2026-03-16 07:16:50.422','2026-03-14 16:17:07.534','2026-03-16 07:16:50.423'),(431,5,57,'WSSA0039','Cartier Santos',NULL,'Automatic','Steel',NULL,NULL,39.80,NULL,NULL,NULL,NULL,NULL,NULL,'WSSA0039',1,'2026-03-16 07:16:49.136','2026-03-14 16:17:07.538','2026-03-16 07:16:49.137'),(432,5,57,'WSSA0047','Cartier Santos',NULL,'Automatic','Steel',NULL,NULL,39.80,NULL,NULL,NULL,NULL,NULL,NULL,'WSSA0047',1,'2026-03-16 07:16:47.862','2026-03-14 16:17:07.542','2026-03-16 07:16:47.863'),(433,5,57,'WSSA0048','Cartier Santos',NULL,'Automatic','Steel',NULL,NULL,39.80,NULL,NULL,NULL,NULL,NULL,NULL,'WSSA0048',1,'2026-03-16 07:16:46.602','2026-03-14 16:17:07.546','2026-03-16 07:16:46.602'),(434,5,57,'WSSA0061','Cartier Santos',NULL,'Automatic','Steel',NULL,NULL,35.10,NULL,NULL,NULL,NULL,NULL,NULL,'WSSA0061',1,'2026-03-16 07:16:45.340','2026-03-14 16:17:07.549','2026-03-16 07:16:45.341'),(435,5,NULL,'WSSA0062','WSSA0062',NULL,'Automatic','Steel',NULL,NULL,39.80,NULL,NULL,NULL,NULL,NULL,NULL,'WSSA0062',1,'2026-03-16 07:16:44.064','2026-03-14 16:17:07.553','2026-03-16 07:16:44.066'),(436,5,66,'WSSA0063','WSSA0063',NULL,NULL,NULL,NULL,NULL,NULL,NULL,NULL,NULL,NULL,NULL,NULL,'WSSA0063',1,'2026-03-17 05:18:36.782','2026-03-14 16:17:07.556','2026-03-17 05:18:36.783'),(437,5,66,'WSSA0064','WSSA0064',NULL,NULL,NULL,NULL,NULL,NULL,NULL,NULL,NULL,NULL,NULL,NULL,'WSSA0064',1,'2026-03-17 05:18:38.107','2026-03-14 16:17:07.560','2026-03-17 05:18:38.108'),(438,5,66,'WSSA0065','WSSA0065',NULL,NULL,NULL,NULL,NULL,NULL,NULL,NULL,NULL,NULL,NULL,NULL,'WSSA0065',1,'2026-03-17 05:18:39.394','2026-03-14 16:17:07.564','2026-03-17 05:18:39.395'),(439,5,66,'WSTA0005','WSTA0005',NULL,NULL,NULL,NULL,NULL,NULL,NULL,NULL,NULL,NULL,NULL,NULL,'WSTA0005',1,'2026-03-17 05:18:40.253','2026-03-14 16:17:07.568','2026-03-17 05:18:40.254'),(440,5,66,'WSTA0028','WSTA0028',NULL,NULL,NULL,NULL,NULL,NULL,NULL,NULL,NULL,NULL,NULL,NULL,'WSTA0028',1,'2026-03-17 05:18:41.521','2026-03-14 16:17:07.572','2026-03-17 05:18:41.523'),(441,5,62,'WSTA0040','Cartier Tank',NULL,'Automatic','Steel',NULL,NULL,41.00,NULL,NULL,NULL,NULL,NULL,NULL,'WSTA0040',1,'2026-03-16 07:18:14.017','2026-03-14 16:17:07.575','2026-03-16 07:18:14.018'),(442,5,66,'WSTA0041','WSTA0041',NULL,NULL,NULL,NULL,NULL,NULL,NULL,NULL,NULL,NULL,NULL,NULL,'WSTA0041',1,'2026-03-17 05:18:42.789','2026-03-14 16:17:07.580','2026-03-17 05:18:42.790'),(443,5,66,'WSTA0051','WSTA0051',NULL,NULL,NULL,NULL,NULL,NULL,NULL,NULL,NULL,NULL,NULL,NULL,'WSTA0051',1,'2026-03-17 05:18:44.069','2026-03-14 16:17:07.583','2026-03-17 05:18:44.070'),(444,5,66,'WSTA0052','WSTA0052',NULL,NULL,NULL,NULL,NULL,NULL,NULL,NULL,NULL,NULL,NULL,NULL,'WSTA0052',1,'2026-03-17 05:18:45.314','2026-03-14 16:17:07.587','2026-03-17 05:18:45.315'),(445,5,62,'WSTA0053','Cartier Tank',NULL,'Automatic','Steel',NULL,NULL,41.00,NULL,NULL,NULL,NULL,NULL,NULL,'WSTA0053',1,'2026-03-16 07:18:08.965','2026-03-14 16:17:07.590','2026-03-16 07:18:08.966'),(446,5,62,'WSTA0054','Cartier Tank',NULL,'Quartz','Steel',NULL,NULL,33.70,NULL,NULL,NULL,NULL,NULL,NULL,'WSTA0054',1,'2026-03-16 07:16:30.167','2026-03-14 16:17:07.593','2026-03-16 07:16:30.168'),(447,5,66,'WSTA0055','WSTA0055',NULL,NULL,NULL,NULL,NULL,NULL,NULL,NULL,NULL,NULL,NULL,NULL,'WSTA0055',1,'2026-03-17 05:18:46.595','2026-03-14 16:17:07.598','2026-03-17 05:18:46.596'),(448,5,66,'WSTA0065','WSTA0065',NULL,NULL,NULL,NULL,NULL,NULL,NULL,NULL,NULL,NULL,NULL,NULL,'WSTA0065',1,'2026-03-17 05:18:47.939','2026-03-14 16:17:07.601','2026-03-17 05:18:47.940'),(449,5,62,'WSTA0072','Cartier Tank',NULL,'Quartz','Steel',NULL,NULL,33.70,NULL,NULL,NULL,NULL,NULL,NULL,'WSTA0072',1,'2026-03-16 07:16:26.345','2026-03-14 16:17:07.605','2026-03-16 07:16:26.346'),(450,6,73,'PAM 00000','Panerai Luminor Base Logo',NULL,'Manual winding','Steel',NULL,NULL,44.00,NULL,NULL,NULL,NULL,NULL,NULL,'PAM 00000',1,'2026-03-16 07:16:25.067','2026-03-14 16:17:35.151','2026-03-16 07:16:25.068'),(451,6,81,'PAM 00024','Panerai Luminor Submersible',NULL,'Automatic','Steel',NULL,NULL,44.00,NULL,NULL,NULL,NULL,NULL,NULL,'PAM 00024',1,'2026-03-16 07:16:23.444','2026-03-14 16:17:35.161','2026-03-16 07:16:23.445'),(452,6,76,'PAM 00088','Panerai Luminor GMT Automatic',NULL,'Automatic','Steel',NULL,NULL,44.00,NULL,NULL,NULL,NULL,NULL,NULL,'PAM 00088',1,'2026-03-16 07:16:22.136','2026-03-14 16:17:35.167','2026-03-16 07:16:22.138'),(453,6,80,'PAM 00090','Panerai Luminor Power Reserve',NULL,'Automatic','Steel',NULL,NULL,44.00,NULL,NULL,NULL,NULL,NULL,NULL,'PAM 00090',1,'2026-03-16 07:16:20.831','2026-03-14 16:17:35.172','2026-03-16 07:16:20.832'),(454,6,79,'PAM 00104','Panerai Luminor Marina Automatic',NULL,'Automatic','Steel',NULL,NULL,44.00,NULL,NULL,NULL,NULL,NULL,NULL,'PAM 00104',1,'2026-03-16 07:16:19.572','2026-03-14 16:17:35.179','2026-03-16 07:16:19.573'),(455,6,77,'PAM 00111','Panerai Luminor Marina',NULL,'Manual winding','Steel',NULL,NULL,44.00,NULL,NULL,NULL,NULL,NULL,NULL,'PAM 00111',1,'2026-03-16 07:16:18.302','2026-03-14 16:17:35.187','2026-03-16 07:16:18.303'),(456,6,85,'PAM 00183','Panerai Radiomir Black Seal',NULL,'Manual winding','Steel',NULL,NULL,45.00,NULL,NULL,NULL,NULL,NULL,NULL,'PAM 00183',1,'2026-03-16 07:16:17.008','2026-03-14 16:17:35.192','2026-03-16 07:16:17.009'),(457,6,72,'PAM 00233','Panerai Luminor 1950 8 Days GMT',NULL,'Manual winding','Steel',NULL,NULL,44.00,NULL,NULL,NULL,NULL,NULL,NULL,'PAM 00233',1,'2026-03-16 07:16:15.740','2026-03-14 16:17:35.197','2026-03-16 07:16:15.741'),(458,6,85,'PAM 00292','Panerai Radiomir Black Seal',NULL,'Manual winding','Ceramic',NULL,NULL,45.00,NULL,NULL,NULL,NULL,NULL,NULL,'PAM 00292',1,'2026-03-16 07:16:14.471','2026-03-14 16:17:35.201','2026-03-16 07:16:14.472'),(459,6,82,'PAM 00389','Panerai Luminor Submersible 1950 3 Days Automatic',NULL,'Automatic','Titanium',NULL,NULL,47.00,NULL,NULL,NULL,NULL,NULL,NULL,'PAM 00389',1,'2026-03-16 07:16:13.196','2026-03-14 16:17:35.205','2026-03-16 07:16:13.197'),(460,6,71,'PAM 00423','Panerai Luminor 1950 3 Days Power Reserve',NULL,'Manual winding','Steel',NULL,NULL,47.00,NULL,NULL,NULL,NULL,NULL,NULL,'PAM 00423',1,'2026-03-16 07:16:11.924','2026-03-14 16:17:35.209','2026-03-16 07:16:11.926'),(461,6,84,'PAM 00424','Panerai Radiomir 3 Days 47mm',NULL,'Manual winding','Steel',NULL,NULL,47.00,NULL,NULL,NULL,NULL,NULL,NULL,'PAM 00424',1,'2026-03-16 07:16:10.637','2026-03-14 16:17:35.212','2026-03-16 07:16:10.638'),(462,6,69,'PAM 00441','Panerai Luminor 1950 3 Days GMT Automatic',NULL,'Automatic','Ceramic',NULL,NULL,44.00,NULL,NULL,NULL,NULL,NULL,NULL,'PAM 00441',1,'2026-03-16 07:16:09.370','2026-03-14 16:17:35.216','2026-03-16 07:16:09.371'),(463,6,68,'PAM 00524','Panerai Luminor 1950 3 Days Chrono Flyback',NULL,'Automatic','Steel',NULL,NULL,44.00,NULL,NULL,NULL,NULL,NULL,NULL,'PAM 00524',1,'2026-03-16 07:16:08.086','2026-03-14 16:17:35.223','2026-03-16 07:16:08.087'),(464,6,81,'PAM 00683','Panerai Luminor Submersible',NULL,'Automatic','Steel',NULL,NULL,42.00,NULL,NULL,NULL,NULL,NULL,NULL,'PAM 00683',1,'2026-03-16 07:16:06.804','2026-03-14 16:17:35.228','2026-03-16 07:16:06.805'),(465,6,82,'PAM 00692','Panerai Luminor Submersible 1950 3 Days Automatic',NULL,'Automatic','Titanium',NULL,NULL,47.00,NULL,NULL,NULL,NULL,NULL,NULL,'PAM 00692',1,'2026-03-16 07:16:05.536','2026-03-14 16:17:35.231','2026-03-16 07:16:05.537'),(466,6,83,'PAM 00753','Panerai Radiomir',NULL,'Manual winding','Steel',NULL,NULL,45.00,NULL,NULL,NULL,NULL,NULL,NULL,'PAM 00753',1,'2026-03-16 07:16:04.265','2026-03-14 16:17:35.235','2026-03-16 07:16:04.266'),(467,6,85,'PAM 00754','Panerai Radiomir Black Seal',NULL,'Manual winding','Steel',NULL,NULL,45.00,NULL,NULL,NULL,NULL,NULL,NULL,'PAM 00754',1,'2026-03-16 07:16:02.997','2026-03-14 16:17:35.238','2026-03-16 07:16:02.998'),(468,6,81,'PAM 00959','Panerai Luminor Submersible',NULL,'Automatic','Steel',NULL,NULL,42.00,NULL,NULL,NULL,NULL,NULL,NULL,'PAM 00959',1,'2026-03-16 07:16:01.723','2026-03-14 16:17:35.242','2026-03-16 07:16:01.725'),(469,6,81,'PAM 00968','Panerai Luminor Submersible',NULL,'Automatic','Bronze',NULL,NULL,47.00,NULL,NULL,NULL,NULL,NULL,NULL,'PAM 00968',1,'2026-03-16 07:16:00.381','2026-03-14 16:17:35.246','2026-03-16 07:16:00.382'),(470,6,NULL,'PAM 01074','Panerai',NULL,'Automatic','Bronze',NULL,NULL,42.00,NULL,NULL,NULL,NULL,NULL,NULL,'PAM 01074',1,'2026-03-16 07:15:59.098','2026-03-14 16:17:35.250','2026-03-16 07:15:59.099'),(471,6,NULL,'PAM 01084','Panerai',NULL,'Manual winding','Steel',NULL,NULL,44.00,NULL,NULL,NULL,NULL,NULL,NULL,'PAM 01084',1,'2026-03-16 07:15:57.822','2026-03-14 16:17:35.253','2026-03-16 07:15:57.823'),(472,6,NULL,'PAM 01085','Panerai',NULL,'Manual winding','Steel',NULL,NULL,44.00,NULL,NULL,NULL,NULL,NULL,NULL,'PAM 01085',1,'2026-03-16 07:15:56.552','2026-03-14 16:17:35.257','2026-03-16 07:15:56.553'),(473,6,73,'PAM 01086','Panerai Luminor Base Logo',NULL,'Manual winding','Steel',NULL,NULL,44.00,NULL,NULL,NULL,NULL,NULL,NULL,'PAM 01086',1,'2026-03-16 07:15:55.282','2026-03-14 16:17:35.261','2026-03-16 07:15:55.283'),(474,6,NULL,'PAM 01109','Panerai',NULL,'Automatic','Steel',NULL,NULL,44.00,NULL,NULL,NULL,NULL,NULL,NULL,'PAM 01109',1,'2026-03-16 07:15:54.015','2026-03-14 16:17:35.265','2026-03-16 07:15:54.016'),(475,6,NULL,'PAM 01110','Panerai',NULL,'Automatic','Steel',NULL,NULL,44.00,NULL,NULL,NULL,NULL,NULL,NULL,'PAM 01110',1,'2026-03-16 07:15:52.737','2026-03-14 16:17:35.268','2026-03-16 07:15:52.738'),(476,6,77,'PAM 01111','Panerai Luminor Marina',NULL,'Automatic','Rose gold',NULL,NULL,44.00,NULL,NULL,NULL,NULL,NULL,NULL,'PAM 01111',1,'2026-03-16 07:15:51.470','2026-03-14 16:17:35.272','2026-03-16 07:15:51.471'),(477,6,77,'PAM 01112','Panerai Luminor Marina',NULL,'Automatic','Rose gold',NULL,NULL,44.00,NULL,NULL,NULL,NULL,NULL,NULL,'PAM 01112',1,'2026-03-16 07:15:50.184','2026-03-14 16:17:35.275','2026-03-16 07:15:50.185'),(478,6,77,'PAM 01157','Panerai Luminor Marina',NULL,'Automatic','Steel',NULL,NULL,44.00,NULL,NULL,NULL,NULL,NULL,NULL,'PAM 01157',1,'2026-03-16 07:15:48.901','2026-03-14 16:17:35.279','2026-03-16 07:15:48.902'),(479,6,NULL,'PAM 01218','Panerai',NULL,'Automatic','Steel',NULL,NULL,44.00,NULL,NULL,NULL,NULL,NULL,NULL,'PAM 01218',1,'2026-03-16 07:15:47.604','2026-03-14 16:17:35.282','2026-03-16 07:15:47.605'),(480,6,81,'PAM 01226','Panerai Luminor Submersible',NULL,'Automatic','Steel',NULL,NULL,44.00,NULL,NULL,NULL,NULL,NULL,NULL,'PAM 01226',1,'2026-03-16 07:17:23.887','2026-03-14 16:17:35.286','2026-03-16 07:17:23.887'),(481,6,81,'PAM 01229','Panerai Luminor Submersible',NULL,'Automatic','Steel',NULL,NULL,44.00,NULL,NULL,NULL,NULL,NULL,NULL,'PAM 01229',1,'2026-03-16 07:15:45.077','2026-03-14 16:17:35.289','2026-03-16 07:15:45.078'),(482,6,81,'PAM 01232','Panerai Luminor Submersible',NULL,'Automatic','Carbon',NULL,NULL,44.00,NULL,NULL,NULL,NULL,NULL,NULL,'PAM 01232',1,'2026-03-16 07:15:43.796','2026-03-14 16:17:35.293','2026-03-16 07:15:43.798'),(483,6,74,'PAM 01250','Panerai Luminor Due',NULL,'Automatic','Steel',NULL,NULL,42.00,NULL,NULL,NULL,NULL,NULL,NULL,'PAM 01250',1,'2026-03-16 07:15:42.516','2026-03-14 16:17:35.296','2026-03-16 07:15:42.517'),(484,6,86,'PAM 01273','Panerai Special Editions',NULL,'Automatic','Steel',NULL,NULL,38.00,NULL,NULL,NULL,NULL,NULL,NULL,'PAM 01273',1,'2026-03-16 07:15:41.225','2026-03-14 16:17:35.300','2026-03-16 07:15:41.226'),(485,6,74,'PAM 01274','Panerai Luminor Due',NULL,'Automatic','Steel',NULL,NULL,42.00,NULL,NULL,NULL,NULL,NULL,NULL,'PAM 01274',1,'2026-03-16 07:15:39.945','2026-03-14 16:17:35.303','2026-03-16 07:15:39.947'),(486,6,82,'PAM 01305','Panerai Luminor Submersible 1950 3 Days Automatic',NULL,'Automatic','Titanium',NULL,NULL,47.00,NULL,NULL,NULL,NULL,NULL,NULL,'PAM 01305',1,'2026-03-16 07:15:38.677','2026-03-14 16:17:35.307','2026-03-16 07:15:38.678'),(487,6,78,'PAM 01312','Panerai Luminor Marina 1950 3 Days Automatic',NULL,'Automatic','Steel',NULL,NULL,44.00,NULL,NULL,NULL,NULL,NULL,NULL,'PAM 01312',1,'2026-03-16 07:15:37.403','2026-03-14 16:17:35.311','2026-03-16 07:15:37.404'),(488,6,77,'PAM 01313','Panerai Luminor Marina',NULL,'Automatic','Steel',NULL,NULL,44.00,NULL,NULL,NULL,NULL,NULL,NULL,'PAM 01313',1,'2026-03-16 07:15:36.135','2026-03-14 16:17:35.314','2026-03-16 07:15:36.136'),(489,6,77,'PAM 01314','Panerai Luminor Marina',NULL,'Automatic','Steel',NULL,NULL,44.00,NULL,NULL,NULL,NULL,NULL,NULL,'PAM 01314',1,'2026-03-16 07:15:34.862','2026-03-14 16:17:35.318','2026-03-16 07:15:34.863'),(490,6,77,'PAM 01316','Panerai Luminor Marina',NULL,'Automatic','Steel',NULL,NULL,44.00,NULL,NULL,NULL,NULL,NULL,NULL,'PAM 01316',1,'2026-03-16 07:15:33.584','2026-03-14 16:17:35.322','2026-03-16 07:15:33.585'),(491,6,70,'PAM 01321','Panerai Luminor 1950 3 Days GMT Power Reserve Automatic',NULL,'Automatic','Steel',NULL,NULL,44.00,NULL,NULL,NULL,NULL,NULL,NULL,'PAM 01321',1,'2026-03-16 07:15:32.314','2026-03-14 16:17:35.326','2026-03-16 07:15:32.315'),(492,6,83,'PAM 01335','Panerai Radiomir',NULL,'Manual winding','Steel',NULL,NULL,45.00,NULL,NULL,NULL,NULL,NULL,NULL,'PAM 01335',1,'2026-03-16 07:15:31.035','2026-03-14 16:17:35.330','2026-03-16 07:15:31.036'),(493,6,77,'PAM 01358','Panerai Luminor Marina',NULL,'Automatic','Steel',NULL,NULL,44.00,NULL,NULL,NULL,NULL,NULL,NULL,'PAM 01358',1,'2026-03-16 07:15:29.760','2026-03-14 16:17:35.333','2026-03-16 07:15:29.761'),(494,6,NULL,'PAM 01370','Panerai',NULL,'Automatic','Steel',NULL,NULL,40.00,NULL,NULL,NULL,NULL,NULL,NULL,'PAM 01370',1,'2026-03-16 07:15:28.489','2026-03-14 16:17:35.336','2026-03-16 07:15:28.490'),(495,6,69,'PAM 01441','Panerai Luminor 1950 3 Days GMT Automatic',NULL,'Automatic','Ceramic',NULL,NULL,44.00,NULL,NULL,NULL,NULL,NULL,NULL,'PAM 01441',1,'2026-03-16 07:15:27.216','2026-03-14 16:17:35.341','2026-03-16 07:15:27.217'),(496,6,76,'PAM 01616','Panerai Luminor GMT Automatic',NULL,'Automatic','Carbon',NULL,NULL,47.00,NULL,NULL,NULL,NULL,NULL,NULL,'PAM 01616',1,'2026-03-16 07:15:25.953','2026-03-14 16:17:35.344','2026-03-16 07:15:25.954'),(497,6,NULL,'PAM 01661','Panerai',NULL,'Automatic','Carbon',NULL,NULL,44.00,NULL,NULL,NULL,NULL,NULL,NULL,'PAM 01661',1,'2026-03-16 07:15:24.682','2026-03-14 16:17:35.348','2026-03-16 07:15:24.683'),(498,6,77,'PAM 01662','Panerai Luminor Marina',NULL,'Automatic','Titanium',NULL,NULL,44.00,NULL,NULL,NULL,NULL,NULL,NULL,'PAM 01662',1,'2026-03-16 07:15:23.406','2026-03-14 16:17:35.351','2026-03-16 07:15:23.407'),(499,6,86,'PAM00024','PAM00024',NULL,NULL,NULL,NULL,NULL,NULL,NULL,NULL,NULL,NULL,NULL,NULL,'PAM00024',1,'2026-03-17 05:18:49.369','2026-03-14 16:17:35.355','2026-03-17 05:18:49.370'),(500,6,79,'PAM00048','Panerai Luminor Marina Automatic',NULL,'Automatic','Steel',NULL,NULL,40.00,NULL,NULL,NULL,NULL,NULL,NULL,'PAM00048',1,'2026-03-16 07:15:20.834','2026-03-14 16:17:35.359','2026-03-16 07:15:20.835'),(501,6,86,'PAM00049','PAM00049',NULL,NULL,NULL,NULL,NULL,NULL,NULL,NULL,NULL,NULL,NULL,NULL,'PAM00049',1,'2026-03-17 05:18:50.664','2026-03-14 16:17:35.362','2026-03-17 05:18:50.665'),(502,6,80,'PAM00090','Panerai Luminor Power Reserve',NULL,'Automatic','Steel',NULL,NULL,44.00,NULL,NULL,NULL,NULL,NULL,NULL,'PAM00090',1,'2026-03-16 07:15:18.302','2026-03-14 16:17:35.365','2026-03-16 07:15:18.303'),(503,6,79,'PAM00104','Panerai Luminor Marina Automatic',NULL,'Automatic','Steel',NULL,NULL,44.00,NULL,NULL,NULL,NULL,NULL,NULL,'PAM00104',1,'2026-03-16 07:15:17.017','2026-03-14 16:17:35.368','2026-03-16 07:15:17.018'),(504,6,86,'PAM00233','PAM00233',NULL,NULL,NULL,NULL,NULL,NULL,NULL,NULL,NULL,NULL,NULL,NULL,'PAM00233',1,'2026-03-17 05:18:51.935','2026-03-14 16:17:35.372','2026-03-17 05:18:51.936'),(505,6,86,'PAM00250','PAM00250',NULL,NULL,NULL,NULL,NULL,NULL,NULL,NULL,NULL,NULL,NULL,NULL,'PAM00250',1,'2026-03-17 05:18:53.199','2026-03-14 16:17:35.377','2026-03-17 05:18:53.201'),(506,6,86,'PAM00292','PAM00292',NULL,NULL,NULL,NULL,NULL,NULL,NULL,NULL,NULL,NULL,NULL,NULL,'PAM00292',1,'2026-03-17 05:18:54.465','2026-03-14 16:17:35.382','2026-03-17 05:18:54.468'),(507,6,86,'PAM00312','PAM00312',NULL,NULL,NULL,NULL,NULL,NULL,NULL,NULL,NULL,NULL,NULL,NULL,'PAM00312',1,'2026-03-17 05:18:55.792','2026-03-14 16:17:35.385','2026-03-17 05:18:55.793'),(508,6,86,'PAM00359','PAM00359',NULL,NULL,NULL,NULL,NULL,NULL,NULL,NULL,NULL,NULL,NULL,NULL,'PAM00359',1,'2026-03-17 05:18:57.055','2026-03-14 16:17:35.389','2026-03-17 05:18:57.056'),(509,6,86,'PAM00372','PAM00372',NULL,NULL,NULL,NULL,NULL,NULL,NULL,NULL,NULL,NULL,NULL,NULL,'PAM00372',1,'2026-03-17 05:18:58.351','2026-03-14 16:17:35.394','2026-03-17 05:18:58.353'),(510,6,85,'PAM00380','Panerai Radiomir Black Seal',NULL,'Manual winding','Steel',NULL,NULL,45.00,NULL,NULL,NULL,NULL,NULL,NULL,'PAM00380',1,'2026-03-16 07:15:08.158','2026-03-14 16:17:35.397','2026-03-16 07:15:08.159'),(511,6,86,'PAM00422','PAM00422',NULL,NULL,NULL,NULL,NULL,NULL,NULL,NULL,NULL,NULL,NULL,NULL,'PAM00422',1,'2026-03-17 05:20:37.605','2026-03-14 16:17:35.402','2026-03-17 05:20:37.606'),(512,6,86,'PAM00423','PAM00423',NULL,NULL,NULL,NULL,NULL,NULL,NULL,NULL,NULL,NULL,NULL,NULL,'PAM00423',1,'2026-03-17 05:19:01.216','2026-03-14 16:17:35.405','2026-03-17 05:19:01.217'),(513,6,84,'PAM00424','Panerai Radiomir 3 Days 47mm',NULL,'Manual winding','Steel',NULL,NULL,47.00,NULL,NULL,NULL,NULL,NULL,NULL,'PAM00424',1,'2026-03-16 07:15:03.990','2026-03-14 16:17:35.409','2026-03-16 07:15:03.991'),(514,6,86,'PAM00425','PAM00425',NULL,NULL,NULL,NULL,NULL,NULL,NULL,NULL,NULL,NULL,NULL,NULL,'PAM00425',1,'2026-03-17 05:19:02.504','2026-03-14 16:17:35.413','2026-03-17 05:19:02.505'),(515,6,86,'PAM00510','PAM00510',NULL,NULL,NULL,NULL,NULL,NULL,NULL,NULL,NULL,NULL,NULL,NULL,'PAM00510',1,'2026-03-17 05:19:03.802','2026-03-14 16:17:35.416','2026-03-17 05:19:03.803'),(516,6,86,'PAM00590','PAM00590',NULL,NULL,NULL,NULL,NULL,NULL,NULL,NULL,NULL,NULL,NULL,NULL,'PAM00590',1,'2026-03-17 05:19:05.086','2026-03-14 16:17:35.420','2026-03-17 05:19:05.087'),(517,6,86,'PAM00662','PAM00662',NULL,NULL,NULL,NULL,NULL,NULL,NULL,NULL,NULL,NULL,NULL,NULL,'PAM00662',1,'2026-03-17 05:19:06.355','2026-03-14 16:17:35.423','2026-03-17 05:19:06.356'),(518,6,86,'PAM00682','PAM00682',NULL,NULL,NULL,NULL,NULL,NULL,NULL,NULL,NULL,NULL,NULL,NULL,'PAM00682',1,'2026-03-17 05:19:07.620','2026-03-14 16:17:35.427','2026-03-17 05:19:07.621'),(519,6,NULL,'PAM00685','Panerai',NULL,'Manual winding','Steel',NULL,NULL,47.00,NULL,NULL,NULL,NULL,NULL,NULL,'PAM00685',1,'2026-03-16 07:14:56.329','2026-03-14 16:17:35.431','2026-03-16 07:14:56.330'),(520,6,81,'PAM00692','Panerai Luminor Submersible',NULL,'Automatic','-',NULL,NULL,47.00,NULL,NULL,NULL,NULL,NULL,NULL,'PAM00692',1,'2026-03-16 07:14:55.053','2026-03-14 16:17:35.435','2026-03-16 07:14:55.054'),(521,6,83,'PAM00753','Panerai Radiomir',NULL,'Manual winding','Steel',NULL,NULL,45.00,NULL,NULL,NULL,NULL,NULL,NULL,'PAM00753',1,'2026-03-16 07:14:53.783','2026-03-14 16:17:35.439','2026-03-16 07:14:53.784'),(522,6,86,'PAM00973','PAM00973',NULL,NULL,NULL,NULL,NULL,NULL,NULL,NULL,NULL,NULL,NULL,NULL,'PAM00973',1,'2026-03-17 05:19:08.896','2026-03-14 16:17:35.442','2026-03-17 05:19:08.897'),(523,6,86,'PAM00979','PAM00979',NULL,NULL,NULL,NULL,NULL,NULL,NULL,NULL,NULL,NULL,NULL,NULL,'PAM00979',1,'2026-03-17 05:19:10.189','2026-03-14 16:17:35.446','2026-03-17 05:19:10.190'),(524,6,NULL,'PAM01084','Panerai',NULL,'Manual winding','Steel',NULL,NULL,44.00,NULL,NULL,NULL,NULL,NULL,NULL,'PAM01084',1,'2026-03-16 07:14:50.001','2026-03-14 16:17:35.449','2026-03-16 07:14:50.002'),(525,6,NULL,'PAM01085','Panerai',NULL,'Manual winding','Steel',NULL,NULL,44.00,NULL,NULL,NULL,NULL,NULL,NULL,'PAM01085',1,'2026-03-16 07:14:48.726','2026-03-14 16:17:35.453','2026-03-16 07:14:48.728'),(526,6,NULL,'PAM01109','Panerai',NULL,'Automatic','Steel',NULL,NULL,44.00,NULL,NULL,NULL,NULL,NULL,NULL,'PAM01109',1,'2026-03-16 07:14:47.459','2026-03-14 16:17:35.456','2026-03-16 07:14:47.461'),(527,6,NULL,'PAM01110','Panerai',NULL,'Automatic','Steel',NULL,NULL,44.00,NULL,NULL,NULL,NULL,NULL,NULL,'PAM01110',1,'2026-03-16 07:16:23.715','2026-03-14 16:17:35.461','2026-03-16 07:16:23.716'),(528,6,75,'PAM01179','Panerai Luminor Due Luna',NULL,'Automatic','Steel',NULL,NULL,38.00,NULL,NULL,NULL,NULL,NULL,NULL,'PAM01179',1,'2026-03-16 07:14:44.902','2026-03-14 16:17:35.464','2026-03-16 07:14:44.903'),(529,6,75,'PAM01180','Panerai Luminor Due Luna',NULL,'Automatic','Steel',NULL,NULL,38.00,NULL,NULL,NULL,NULL,NULL,NULL,'PAM01180',1,'2026-03-16 07:14:43.631','2026-03-14 16:17:35.468','2026-03-16 07:14:43.632'),(530,6,75,'PAM01181','Panerai Luminor Due Luna',NULL,'Automatic','Yellow gold',NULL,NULL,38.00,NULL,NULL,NULL,NULL,NULL,NULL,'PAM01181',1,'2026-03-16 07:14:42.258','2026-03-14 16:17:35.472','2026-03-16 07:14:42.259'),(531,6,NULL,'PAM01218','Panerai',NULL,'Automatic','Steel',NULL,NULL,44.00,NULL,NULL,NULL,NULL,NULL,NULL,'PAM01218',1,'2026-03-16 07:14:40.987','2026-03-14 16:17:35.476','2026-03-16 07:14:40.988'),(532,6,86,'PAM01226','PAM01226',NULL,NULL,NULL,NULL,NULL,NULL,NULL,NULL,NULL,NULL,NULL,NULL,'PAM01226',1,'2026-03-17 05:19:11.456','2026-03-14 16:17:35.481','2026-03-17 05:19:11.457'),(533,6,81,'PAM01229','Panerai Luminor Submersible',NULL,'Automatic','Steel',NULL,NULL,44.00,NULL,NULL,NULL,NULL,NULL,NULL,'PAM01229',1,'2026-03-16 07:14:38.473','2026-03-14 16:17:35.484','2026-03-16 07:14:38.473'),(534,6,75,'PAM01301','Panerai Luminor Due Luna',NULL,'Automatic','Steel',NULL,NULL,38.00,NULL,NULL,NULL,NULL,NULL,NULL,'PAM01301',1,'2026-03-16 07:14:37.189','2026-03-14 16:17:35.487','2026-03-16 07:14:37.189'),(535,6,78,'PAM01312','Panerai Luminor Marina 1950 3 Days Automatic',NULL,'Automatic','Steel',NULL,NULL,44.00,NULL,NULL,NULL,NULL,NULL,NULL,'PAM01312',1,'2026-03-16 07:14:35.916','2026-03-14 16:17:35.492','2026-03-16 07:14:35.917'),(536,6,77,'PAM01314','Panerai Luminor Marina',NULL,'Automatic','Steel',NULL,NULL,44.00,NULL,NULL,NULL,NULL,NULL,NULL,'PAM01314',1,'2026-03-16 07:14:34.649','2026-03-14 16:17:35.496','2026-03-16 07:14:34.650'),(537,6,77,'PAM01316','Panerai Luminor Marina',NULL,'Automatic','Steel',NULL,NULL,44.00,NULL,NULL,NULL,NULL,NULL,NULL,'PAM01316',1,'2026-03-16 07:14:33.373','2026-03-14 16:17:35.500','2026-03-16 07:14:33.376'),(538,6,NULL,'PAM01335','Panerai',NULL,'Manual winding','Steel',NULL,NULL,45.00,NULL,NULL,NULL,NULL,NULL,NULL,'PAM01335',1,'2026-03-16 07:14:32.082','2026-03-14 16:17:35.503','2026-03-16 07:14:32.083'),(539,6,86,'PAM01358','PAM01358',NULL,NULL,NULL,NULL,NULL,NULL,NULL,NULL,NULL,NULL,NULL,NULL,'PAM01358',1,'2026-03-17 05:19:12.740','2026-03-14 16:17:35.507','2026-03-17 05:19:12.741'),(540,6,NULL,'PAM01370','Panerai',NULL,'Automatic','Steel',NULL,NULL,40.00,NULL,NULL,NULL,NULL,NULL,NULL,'PAM01370',1,'2026-03-16 07:14:29.562','2026-03-14 16:17:35.511','2026-03-16 07:14:29.563'),(541,6,NULL,'PAM01371','Panerai',NULL,'Automatic','Steel',NULL,NULL,40.00,NULL,NULL,NULL,NULL,NULL,NULL,'PAM01371',1,'2026-03-16 07:14:28.288','2026-03-14 16:17:35.514','2026-03-16 07:14:28.289'),(542,6,67,'PAM01372','Panerai Luminor 1950',NULL,'Automatic','Steel',NULL,NULL,40.00,NULL,NULL,NULL,NULL,NULL,NULL,'PAM01372',1,'2026-03-16 07:14:26.997','2026-03-14 16:17:35.518','2026-03-16 07:14:26.998'),(543,6,86,'PAM01389','PAM01389',NULL,NULL,NULL,NULL,NULL,NULL,NULL,NULL,NULL,NULL,NULL,NULL,'PAM01389',1,'2026-03-17 05:19:14.015','2026-03-14 16:17:35.521','2026-03-17 05:19:14.016'),(544,6,78,'PAM01392','Panerai Luminor Marina 1950 3 Days Automatic',NULL,'Automatic','Steel',NULL,NULL,42.00,NULL,NULL,NULL,NULL,NULL,NULL,'PAM01392',1,'2026-03-16 07:14:24.463','2026-03-14 16:17:35.525','2026-03-16 07:14:24.463'),(545,6,86,'PAM01537','PAM01537',NULL,NULL,NULL,NULL,NULL,NULL,NULL,NULL,NULL,NULL,NULL,NULL,'PAM01537',1,'2026-03-17 05:19:15.274','2026-03-14 16:17:35.529','2026-03-17 05:19:15.276'),(546,6,81,'PAM02683','Panerai Luminor Submersible',NULL,'Automatic','Steel',NULL,NULL,42.00,NULL,NULL,NULL,NULL,NULL,NULL,'PAM02683',1,'2026-03-16 07:14:21.855','2026-03-14 16:17:35.532','2026-03-16 07:14:21.856'),(547,6,86,'PAM02973','PAM02973',NULL,NULL,NULL,NULL,NULL,NULL,NULL,NULL,NULL,NULL,NULL,NULL,'PAM02973',1,'2026-03-17 05:19:16.547','2026-03-14 16:17:35.536','2026-03-17 05:19:16.548'),(548,6,86,'PAM6553','PAM6553',NULL,NULL,NULL,NULL,NULL,NULL,NULL,NULL,NULL,NULL,NULL,NULL,'PAM6553',1,'2026-03-17 05:19:17.817','2026-03-14 16:17:35.540','2026-03-17 05:19:17.818'),(549,1,NULL,'1002','1002',NULL,'Automatic','Steel',NULL,NULL,28.00,NULL,NULL,NULL,NULL,NULL,NULL,'rolex:1002',1,'2026-03-17 07:06:03.194','2026-03-17 05:31:11.023','2026-03-17 07:06:03.195'),(550,1,NULL,'1005','Cartier Tank Française',NULL,'Automatic','-',NULL,NULL,28.00,NULL,NULL,NULL,NULL,NULL,NULL,'rolex:1005',1,'2026-03-17 07:06:05.074','2026-03-17 05:31:11.034','2026-03-17 07:06:05.075'),(551,1,NULL,'1007','IWC Portofino Chronograph',NULL,'Automatic','Steel',NULL,NULL,42.00,NULL,NULL,NULL,NULL,NULL,NULL,'rolex:1007',1,'2026-03-17 07:06:06.528','2026-03-17 05:31:11.041','2026-03-17 07:06:06.529'),(552,1,NULL,'1016','Baume & Mercier Promesse',NULL,'Quartz','Steel',NULL,NULL,30.00,NULL,NULL,NULL,NULL,NULL,NULL,'rolex:1016',1,'2026-03-17 07:04:15.224','2026-03-17 05:31:11.045','2026-03-17 07:04:15.226'),(553,1,NULL,'1018','Cartier Tank Solo',NULL,'Quartz','Yellow gold',NULL,NULL,34.00,NULL,NULL,NULL,NULL,NULL,NULL,'rolex:1018',1,'2026-03-17 07:04:16.605','2026-03-17 05:31:11.049','2026-03-17 07:04:16.606'),(554,1,NULL,'1024','1024',NULL,NULL,NULL,NULL,NULL,NULL,NULL,NULL,NULL,NULL,NULL,NULL,'rolex:1024',1,'2026-03-17 07:04:18.080','2026-03-17 05:31:11.052','2026-03-17 07:04:18.081'),(555,1,135,'114060','Rolex Submariner (No Date)',NULL,'Automatic','Steel',NULL,NULL,40.00,NULL,NULL,NULL,NULL,NULL,NULL,'rolex:114060',1,'2026-03-17 07:04:19.469','2026-03-17 05:31:11.056','2026-03-17 07:04:19.471'),(556,1,103,'114200','Rolex Air King',NULL,'Automatic','Steel',NULL,NULL,34.00,NULL,NULL,NULL,NULL,NULL,NULL,'rolex:114200',1,'2026-03-17 07:04:20.881','2026-03-17 05:31:11.059','2026-03-17 07:04:20.882'),(557,1,NULL,'114210','114210',NULL,NULL,NULL,NULL,NULL,NULL,NULL,NULL,NULL,NULL,NULL,NULL,'rolex:114210',1,'2026-03-17 07:04:22.264','2026-03-17 05:31:11.063','2026-03-17 07:04:22.265'),(558,1,NULL,'114234','114234',NULL,NULL,NULL,NULL,NULL,NULL,NULL,NULL,NULL,NULL,NULL,NULL,'rolex:114234',1,'2026-03-17 07:04:23.662','2026-03-17 05:31:11.066','2026-03-17 07:04:23.663'),(559,1,114,'114270','Rolex Explorer',NULL,'Automatic','Steel',NULL,NULL,36.00,NULL,NULL,NULL,NULL,NULL,NULL,'rolex:114270',1,'2026-03-17 07:04:25.041','2026-03-17 05:31:11.070','2026-03-17 07:04:25.042'),(560,1,126,'114300','Rolex Oyster Perpetual 39',NULL,'Automatic','Steel',NULL,NULL,39.00,NULL,NULL,NULL,NULL,NULL,NULL,'rolex:114300',1,'2026-03-17 07:04:26.445','2026-03-17 05:31:11.073','2026-03-17 07:04:26.446'),(561,1,128,'115200','Rolex Oyster Perpetual Date',NULL,'Automatic','Steel',NULL,NULL,34.00,NULL,NULL,NULL,NULL,NULL,NULL,'rolex:115200',1,'2026-03-17 07:04:27.835','2026-03-17 05:31:11.077','2026-03-17 07:04:27.836'),(562,1,NULL,'115210','115210',NULL,NULL,NULL,NULL,NULL,NULL,NULL,NULL,NULL,NULL,NULL,NULL,'rolex:115210',1,'2026-03-17 07:04:29.270','2026-03-17 05:31:11.080','2026-03-17 07:04:29.271'),(563,1,128,'115234','Rolex Oyster Perpetual Date',NULL,'Automatic','Steel',NULL,NULL,34.00,NULL,NULL,NULL,NULL,NULL,NULL,'rolex:115234',1,'2026-03-17 07:04:30.651','2026-03-17 05:31:11.083','2026-03-17 07:04:30.652'),(564,1,125,'116000','Rolex Oyster Perpetual 36',NULL,'Automatic','Steel',NULL,NULL,36.00,NULL,NULL,NULL,NULL,NULL,NULL,'rolex:116000',1,'2026-03-17 07:04:32.044','2026-03-17 05:31:11.086','2026-03-17 07:04:32.045'),(565,1,NULL,'116034','116034',NULL,NULL,NULL,NULL,NULL,NULL,NULL,NULL,NULL,NULL,NULL,NULL,'rolex:116034',1,'2026-03-17 07:04:33.449','2026-03-17 05:31:11.090','2026-03-17 07:04:33.450'),(566,1,NULL,'116138','116138',NULL,NULL,NULL,NULL,NULL,NULL,NULL,NULL,NULL,NULL,NULL,NULL,'rolex:116138',1,'2026-03-17 07:04:34.863','2026-03-17 05:31:11.094','2026-03-17 07:04:34.864'),(567,1,105,'116200','Rolex Datejust 36',NULL,'Automatic','Steel',NULL,NULL,36.00,NULL,NULL,NULL,NULL,NULL,NULL,'rolex:116200',1,'2026-03-17 07:04:36.283','2026-03-17 05:31:11.097','2026-03-17 07:04:36.284'),(568,1,NULL,'116201','116201',NULL,NULL,NULL,NULL,NULL,NULL,NULL,NULL,NULL,NULL,NULL,NULL,'rolex:116201',1,'2026-03-17 07:04:37.681','2026-03-17 05:31:11.100','2026-03-17 07:04:37.682'),(569,1,NULL,'116203','116203',NULL,NULL,NULL,NULL,NULL,NULL,NULL,NULL,NULL,NULL,NULL,NULL,'rolex:116203',1,'2026-03-17 07:04:39.071','2026-03-17 05:31:11.104','2026-03-17 07:04:39.073'),(570,1,105,'116231','Rolex Datejust 36',NULL,'Automatic','Gold/Steel',NULL,NULL,36.00,NULL,NULL,NULL,NULL,NULL,NULL,'rolex:116231',1,'2026-03-17 07:04:40.494','2026-03-17 05:31:11.108','2026-03-17 07:04:40.495'),(571,1,105,'116233','Rolex Datejust 36',NULL,'Automatic','Gold/Steel',NULL,NULL,36.00,NULL,NULL,NULL,NULL,NULL,NULL,'rolex:116233',1,'2026-03-17 07:04:41.884','2026-03-17 05:31:11.111','2026-03-17 07:04:41.885'),(572,1,105,'116234','Rolex Datejust 36',NULL,'Automatic','Steel',NULL,NULL,36.00,NULL,NULL,NULL,NULL,NULL,NULL,'rolex:116234',1,'2026-03-17 07:04:43.271','2026-03-17 05:31:11.114','2026-03-17 07:04:43.272'),(573,1,NULL,'116243','116243',NULL,NULL,NULL,NULL,NULL,NULL,NULL,NULL,NULL,NULL,NULL,NULL,'rolex:116243',1,'2026-03-17 07:04:44.663','2026-03-17 05:31:11.118','2026-03-17 07:04:44.664'),(574,1,NULL,'116244','116244',NULL,NULL,NULL,NULL,NULL,NULL,NULL,NULL,NULL,NULL,NULL,NULL,'rolex:116244',1,'2026-03-17 07:04:46.057','2026-03-17 05:31:11.122','2026-03-17 07:04:46.058'),(575,1,NULL,'116261','116261',NULL,NULL,NULL,NULL,NULL,NULL,NULL,NULL,NULL,NULL,NULL,NULL,'rolex:116261',1,'2026-03-17 07:04:47.448','2026-03-17 05:31:11.126','2026-03-17 07:04:47.449'),(576,1,NULL,'116263','116263',NULL,NULL,NULL,NULL,NULL,NULL,NULL,NULL,NULL,NULL,NULL,NULL,'rolex:116263',1,'2026-03-17 07:04:48.834','2026-03-17 05:31:11.129','2026-03-17 07:04:48.835'),(577,1,109,'116264','Rolex Datejust Turn-O-Graph',NULL,'Automatic','Steel',NULL,NULL,36.00,NULL,NULL,NULL,NULL,NULL,NULL,'rolex:116264',1,'2026-03-17 07:04:50.253','2026-03-17 05:31:11.132','2026-03-17 07:04:50.254'),(578,1,107,'116300','Rolex Datejust II',NULL,'Automatic','Steel',NULL,NULL,41.00,NULL,NULL,NULL,NULL,NULL,NULL,'rolex:116300',1,'2026-03-17 07:04:51.676','2026-03-17 05:31:11.136','2026-03-17 07:04:51.677'),(579,1,107,'116333','Rolex Datejust II',NULL,'Automatic','Gold/Steel',NULL,NULL,41.00,NULL,NULL,NULL,NULL,NULL,NULL,'rolex:116333',1,'2026-03-17 05:56:15.564','2026-03-17 05:31:11.140','2026-03-17 05:56:15.565'),(580,1,107,'116334','Rolex Datejust II',NULL,'Automatic','Steel',NULL,NULL,41.00,NULL,NULL,NULL,NULL,NULL,NULL,'rolex:116334',1,'2026-03-17 05:56:16.826','2026-03-17 05:31:11.144','2026-03-17 05:56:16.827'),(581,1,119,'116400','Rolex Milgauss',NULL,'Automatic','Steel',NULL,NULL,40.00,NULL,NULL,NULL,NULL,NULL,NULL,'rolex:116400',1,'2026-03-17 05:56:18.095','2026-03-17 05:31:11.147','2026-03-17 05:56:18.097'),(582,1,119,'116400GV','Rolex Milgauss',NULL,'Automatic','Steel',NULL,NULL,40.00,NULL,NULL,NULL,NULL,NULL,NULL,'rolex:116400GV',1,'2026-03-17 05:56:19.376','2026-03-17 05:31:11.150','2026-03-17 05:56:19.377'),(583,1,NULL,'116400V','116400V',NULL,NULL,NULL,NULL,NULL,NULL,NULL,NULL,NULL,NULL,NULL,NULL,'rolex:116400V',1,'2026-03-17 05:56:20.632','2026-03-17 05:31:11.153','2026-03-17 05:56:20.633'),(584,1,113,'116500','Rolex Daytona',NULL,'Automatic','Steel',NULL,NULL,40.00,NULL,NULL,NULL,NULL,NULL,NULL,'rolex:116500',1,'2026-03-17 05:56:21.899','2026-03-17 05:31:11.157','2026-03-17 05:56:21.900'),(585,1,113,'116500LN','Rolex Daytona',NULL,'Automatic','Steel',NULL,NULL,40.00,NULL,NULL,NULL,NULL,NULL,NULL,'rolex:116500LN',1,'2026-03-17 05:56:23.207','2026-03-17 05:31:11.161','2026-03-17 05:56:23.208'),(586,1,113,'116503','Rolex Daytona',NULL,'Automatic','Gold/Steel',NULL,NULL,40.00,NULL,NULL,NULL,NULL,NULL,NULL,'rolex:116503',1,'2026-03-17 05:56:24.468','2026-03-17 05:31:11.164','2026-03-17 05:56:24.469'),(587,1,113,'116505','Rolex Daytona',NULL,'Automatic','Rose gold',NULL,NULL,40.00,NULL,NULL,NULL,NULL,NULL,NULL,'rolex:116505',1,'2026-03-17 05:56:25.734','2026-03-17 05:31:11.168','2026-03-17 05:56:25.735'),(588,1,113,'116506','Rolex Daytona',NULL,'Automatic','Platinum',NULL,NULL,40.00,NULL,NULL,NULL,NULL,NULL,NULL,'rolex:116506',1,'2026-03-17 05:56:26.996','2026-03-17 05:31:11.171','2026-03-17 05:56:26.997'),(589,1,113,'116508','Rolex Daytona',NULL,'Automatic','Yellow gold',NULL,NULL,40.00,NULL,NULL,NULL,NULL,NULL,NULL,'rolex:116508',1,'2026-03-17 05:56:28.267','2026-03-17 05:31:11.175','2026-03-17 05:56:28.268'),(590,1,113,'116509','Rolex Daytona',NULL,'Automatic','White gold',NULL,NULL,40.00,NULL,NULL,NULL,NULL,NULL,NULL,'rolex:116509',1,'2026-03-17 05:56:29.528','2026-03-17 05:31:11.178','2026-03-17 05:56:29.529'),(591,1,113,'116515','Rolex Daytona',NULL,'Automatic','Rose gold',NULL,NULL,40.00,NULL,NULL,NULL,NULL,NULL,NULL,'rolex:116515',1,'2026-03-17 05:56:30.798','2026-03-17 05:31:11.181','2026-03-17 05:56:30.799'),(592,1,113,'116515LN','Rolex Daytona',NULL,'Automatic','Rose gold',NULL,NULL,40.00,NULL,NULL,NULL,NULL,NULL,NULL,'rolex:116515LN',1,'2026-03-17 05:56:32.059','2026-03-17 05:31:11.184','2026-03-17 05:56:32.060'),(593,1,113,'116518','Rolex Daytona',NULL,'Automatic','Yellow gold',NULL,NULL,40.00,NULL,NULL,NULL,NULL,NULL,NULL,'rolex:116518',1,'2026-03-17 05:56:33.325','2026-03-17 05:31:11.187','2026-03-17 05:56:33.326'),(594,1,113,'116518LN','Rolex Daytona',NULL,'Automatic','Yellow gold',NULL,NULL,40.00,NULL,NULL,NULL,NULL,NULL,NULL,'rolex:116518LN',1,'2026-03-17 05:56:34.617','2026-03-17 05:31:11.190','2026-03-17 05:56:34.618'),(595,1,113,'116519','Rolex Daytona',NULL,'Automatic','White gold',NULL,NULL,40.00,NULL,NULL,NULL,NULL,NULL,NULL,'rolex:116519',1,'2026-03-17 05:56:35.862','2026-03-17 05:31:11.193','2026-03-17 05:56:35.863'),(596,1,113,'116519LN','Rolex Daytona',NULL,'Automatic','White gold',NULL,NULL,40.00,NULL,NULL,NULL,NULL,NULL,NULL,'rolex:116519LN',1,'2026-03-17 05:56:37.126','2026-03-17 05:31:11.196','2026-03-17 05:56:37.127'),(597,1,113,'116520','Rolex Daytona',NULL,'Automatic','Steel',NULL,NULL,40.00,NULL,NULL,NULL,NULL,NULL,NULL,'rolex:116520',1,'2026-03-17 05:56:38.414','2026-03-17 05:31:11.200','2026-03-17 05:56:38.416'),(598,1,113,'116523','Rolex Daytona',NULL,'Automatic','Gold/Steel',NULL,NULL,40.00,NULL,NULL,NULL,NULL,NULL,NULL,'rolex:116523',1,'2026-03-17 05:56:39.704','2026-03-17 05:31:11.203','2026-03-17 05:56:39.705'),(599,1,113,'116528','Rolex Daytona',NULL,'Automatic','Yellow gold',NULL,NULL,40.00,NULL,NULL,NULL,NULL,NULL,NULL,'rolex:116528',1,'2026-03-17 05:56:40.772','2026-03-17 05:31:11.207','2026-03-17 05:56:40.773'),(600,1,NULL,'116595RBOW','116595RBOW',NULL,NULL,NULL,NULL,NULL,NULL,NULL,NULL,NULL,NULL,NULL,NULL,'rolex:116595RBOW',1,'2026-03-17 05:56:42.030','2026-03-17 05:31:11.210','2026-03-17 05:56:42.031'),(601,1,NULL,'116598RBOW','116598RBOW',NULL,NULL,NULL,NULL,NULL,NULL,NULL,NULL,NULL,NULL,NULL,NULL,'rolex:116598RBOW',1,'2026-03-17 05:56:43.285','2026-03-17 05:31:11.213','2026-03-17 05:56:43.286'),(602,1,132,'116600','Rolex Sea-Dweller 4000',NULL,'Automatic','Steel',NULL,NULL,40.00,NULL,NULL,NULL,NULL,NULL,NULL,'rolex:116600',1,'2026-03-17 05:56:44.547','2026-03-17 05:31:11.216','2026-03-17 05:56:44.549'),(603,1,NULL,'116610','116610',NULL,'Automatic','Steel',NULL,NULL,40.00,NULL,NULL,NULL,NULL,NULL,NULL,'rolex:116610',1,'2026-03-17 05:56:45.807','2026-03-17 05:31:11.221','2026-03-17 05:56:45.809'),(604,1,136,'116610LN','Rolex Submariner Date',NULL,'Automatic','Steel',NULL,NULL,40.00,NULL,NULL,NULL,NULL,NULL,NULL,'rolex:116610LN',1,'2026-03-17 05:56:47.074','2026-03-17 05:31:11.229','2026-03-17 05:56:47.075'),(605,1,136,'116613','Rolex Submariner Date',NULL,'Automatic','Gold/Steel',NULL,NULL,40.00,NULL,NULL,NULL,NULL,NULL,NULL,'rolex:116613',1,'2026-03-17 05:56:48.342','2026-03-17 05:31:11.234','2026-03-17 05:56:48.343'),(606,1,136,'116613LB','Rolex Submariner Date',NULL,'Automatic','Gold/Steel',NULL,NULL,40.00,NULL,NULL,NULL,NULL,NULL,NULL,'rolex:116613LB',1,'2026-03-17 05:56:49.607','2026-03-17 05:31:11.239','2026-03-17 05:56:49.608'),(607,1,136,'116613LN','Rolex Submariner Date',NULL,'Automatic','Gold/Steel',NULL,NULL,40.00,NULL,NULL,NULL,NULL,NULL,NULL,'rolex:116613LN',1,'2026-03-17 05:56:50.878','2026-03-17 05:31:11.244','2026-03-17 05:56:50.879'),(608,1,NULL,'116618','116618',NULL,NULL,NULL,NULL,NULL,NULL,NULL,NULL,NULL,NULL,NULL,NULL,'rolex:116618',1,'2026-03-17 05:56:52.141','2026-03-17 05:31:11.247','2026-03-17 05:56:52.142'),(609,1,NULL,'116618LB','116618LB',NULL,NULL,NULL,NULL,NULL,NULL,NULL,NULL,NULL,NULL,NULL,NULL,'rolex:116618LB',1,'2026-03-17 05:56:53.396','2026-03-17 05:31:11.250','2026-03-17 05:56:53.397'),(610,1,NULL,'116618LN','116618LN',NULL,NULL,NULL,NULL,NULL,NULL,NULL,NULL,NULL,NULL,NULL,NULL,'rolex:116618LN',1,'2026-03-17 05:56:54.655','2026-03-17 05:32:49.248','2026-03-17 05:56:54.656'),(611,1,136,'116619LB','Rolex Submariner Date',NULL,'Automatic','White gold',NULL,NULL,40.00,NULL,NULL,NULL,NULL,NULL,NULL,'rolex:116619LB',1,'2026-03-17 05:56:55.919','2026-03-17 05:32:49.251','2026-03-17 05:56:55.920'),(612,1,139,'116621','Rolex Yacht-Master 40',NULL,'Automatic','Gold/Steel',NULL,NULL,40.00,NULL,NULL,NULL,NULL,NULL,NULL,'rolex:116621',1,'2026-03-17 05:56:57.184','2026-03-17 05:32:49.254','2026-03-17 05:56:57.185'),(613,1,139,'116622','Rolex Yacht-Master 40',NULL,'Automatic','Steel',NULL,NULL,40.00,NULL,NULL,NULL,NULL,NULL,NULL,'rolex:116622',1,'2026-03-17 05:56:58.448','2026-03-17 05:32:49.258','2026-03-17 05:56:58.449'),(614,1,139,'116655','Rolex Yacht-Master 40',NULL,'Automatic','Rose gold',NULL,NULL,40.00,NULL,NULL,NULL,NULL,NULL,NULL,'rolex:116655',1,'2026-03-17 05:56:59.719','2026-03-17 05:32:49.261','2026-03-17 05:56:59.720'),(615,1,133,'116660','Rolex Sea-Dweller Deepsea',NULL,'Automatic','Steel',NULL,NULL,44.00,NULL,NULL,NULL,NULL,NULL,NULL,'rolex:116660',1,'2026-03-17 05:57:00.977','2026-03-17 05:32:49.265','2026-03-17 05:57:00.978'),(616,1,141,'116680','Rolex Yacht-Master II',NULL,'Automatic','Steel',NULL,NULL,44.00,NULL,NULL,NULL,NULL,NULL,NULL,'rolex:116680',1,'2026-03-17 05:57:02.254','2026-03-17 05:32:49.268','2026-03-17 05:57:02.255'),(617,1,141,'116681','Rolex Yacht-Master II',NULL,'Automatic','Gold/Steel',NULL,NULL,44.00,NULL,NULL,NULL,NULL,NULL,NULL,'rolex:116681',1,'2026-03-17 05:57:03.528','2026-03-17 05:32:49.271','2026-03-17 05:57:03.529'),(618,1,141,'116688','Rolex Yacht-Master II',NULL,'Automatic','Yellow gold',NULL,NULL,44.00,NULL,NULL,NULL,NULL,NULL,NULL,'rolex:116688',1,'2026-03-17 05:57:04.792','2026-03-17 05:32:49.275','2026-03-17 05:57:04.793'),(619,1,141,'116689','Rolex Yacht-Master II',NULL,'Automatic','White gold',NULL,NULL,44.00,NULL,NULL,NULL,NULL,NULL,NULL,'rolex:116689',1,'2026-03-17 05:57:06.064','2026-03-17 05:32:49.279','2026-03-17 05:57:06.065'),(620,1,117,'116710','Rolex GMT-Master II',NULL,'Automatic','Steel',NULL,NULL,40.00,NULL,NULL,NULL,NULL,NULL,NULL,'rolex:116710',1,'2026-03-17 05:57:07.327','2026-03-17 05:32:49.282','2026-03-17 05:57:07.328'),(621,1,117,'116710BLNR','Rolex GMT-Master II',NULL,'Automatic','Steel',NULL,NULL,40.00,NULL,NULL,NULL,NULL,NULL,NULL,'rolex:116710BLNR',1,'2026-03-17 05:57:08.593','2026-03-17 05:32:49.286','2026-03-17 05:57:08.594'),(622,1,117,'116710LN','Rolex GMT-Master II',NULL,'Automatic','Steel',NULL,NULL,40.00,NULL,NULL,NULL,NULL,NULL,NULL,'rolex:116710LN',1,'2026-03-17 05:57:09.868','2026-03-17 05:32:49.289','2026-03-17 05:57:09.869'),(623,1,117,'116713','Rolex GMT-Master II',NULL,'Automatic','Gold/Steel',NULL,NULL,40.00,NULL,NULL,NULL,NULL,NULL,NULL,'rolex:116713',1,'2026-03-17 05:57:11.129','2026-03-17 05:32:49.292','2026-03-17 05:57:11.130'),(624,1,117,'116713LN','Rolex GMT-Master II',NULL,'Automatic','Gold/Steel',NULL,NULL,40.00,NULL,NULL,NULL,NULL,NULL,NULL,'rolex:116713LN',1,'2026-03-17 05:57:12.397','2026-03-17 05:32:49.296','2026-03-17 05:57:12.398'),(625,1,117,'116718','Rolex GMT-Master II',NULL,'Automatic','Yellow gold',NULL,NULL,40.00,NULL,NULL,NULL,NULL,NULL,NULL,'rolex:116718',1,'2026-03-17 05:57:13.662','2026-03-17 05:32:49.300','2026-03-17 05:57:13.663'),(626,1,117,'116718LN','Rolex GMT-Master II',NULL,'Automatic','Yellow gold',NULL,NULL,40.00,NULL,NULL,NULL,NULL,NULL,NULL,'rolex:116718LN',1,'2026-03-17 05:57:15.192','2026-03-17 05:32:49.303','2026-03-17 05:57:15.192'),(627,1,117,'116719BLRO','Rolex GMT-Master II',NULL,'Automatic','White gold',NULL,NULL,40.00,NULL,NULL,NULL,NULL,NULL,NULL,'rolex:116719BLRO',1,'2026-03-17 05:57:16.449','2026-03-17 05:32:49.306','2026-03-17 05:57:16.450'),(628,1,103,'116900','Rolex Air King',NULL,'Automatic','Steel',NULL,NULL,40.00,NULL,NULL,NULL,NULL,NULL,NULL,'rolex:116900',1,'2026-03-17 05:57:17.748','2026-03-17 05:32:49.309','2026-03-17 05:57:17.749'),(629,1,NULL,'118135','118135',NULL,NULL,NULL,NULL,NULL,NULL,NULL,NULL,NULL,NULL,NULL,NULL,'rolex:118135',1,'2026-03-17 05:57:19.044','2026-03-17 05:32:49.312','2026-03-17 05:57:19.046'),(630,1,NULL,'118138','118138',NULL,NULL,NULL,NULL,NULL,NULL,NULL,NULL,NULL,NULL,NULL,NULL,'rolex:118138',1,'2026-03-17 05:57:20.305','2026-03-17 05:32:49.316','2026-03-17 05:57:20.306'),(631,1,NULL,'118205','118205',NULL,NULL,NULL,NULL,NULL,NULL,NULL,NULL,NULL,NULL,NULL,NULL,'rolex:118205',1,'2026-03-17 05:57:21.563','2026-03-17 05:32:49.319','2026-03-17 05:57:21.564'),(632,1,NULL,'118206','118206',NULL,NULL,NULL,NULL,NULL,NULL,NULL,NULL,NULL,NULL,NULL,NULL,'rolex:118206',1,'2026-03-17 05:57:22.828','2026-03-17 05:32:49.322','2026-03-17 05:57:22.829'),(633,1,NULL,'118208','118208',NULL,NULL,NULL,NULL,NULL,NULL,NULL,NULL,NULL,NULL,NULL,NULL,'rolex:118208',1,'2026-03-17 05:57:24.089','2026-03-17 05:32:49.325','2026-03-17 05:57:24.091'),(634,1,NULL,'118209','118209',NULL,NULL,NULL,NULL,NULL,NULL,NULL,NULL,NULL,NULL,NULL,NULL,'rolex:118209',1,'2026-03-17 05:57:25.360','2026-03-17 05:32:49.329','2026-03-17 05:57:25.361'),(635,1,110,'118235','Rolex Day-Date 36',NULL,'Automatic','Rose gold',NULL,NULL,36.00,NULL,NULL,NULL,NULL,NULL,NULL,'rolex:118235',1,'2026-03-17 05:57:26.617','2026-03-17 05:32:49.332','2026-03-17 05:57:26.618'),(636,1,110,'118238','Rolex Day-Date 36',NULL,'Automatic','Yellow gold',NULL,NULL,36.00,NULL,NULL,NULL,NULL,NULL,NULL,'rolex:118238',1,'2026-03-17 05:57:27.873','2026-03-17 05:32:49.335','2026-03-17 05:57:27.874'),(637,1,NULL,'118346','118346',NULL,NULL,NULL,NULL,NULL,NULL,NULL,NULL,NULL,NULL,NULL,NULL,'rolex:118346',1,'2026-03-17 05:57:29.134','2026-03-17 05:32:49.338','2026-03-17 05:57:29.136'),(638,1,135,'124060','Rolex Submariner (No Date)',NULL,'Automatic','Steel',NULL,NULL,41.00,NULL,NULL,NULL,NULL,NULL,NULL,'rolex:124060',1,'2026-03-17 05:57:30.435','2026-03-17 05:32:49.341','2026-03-17 05:57:30.436'),(639,1,124,'124200','Rolex Oyster Perpetual 34',NULL,'Automatic','Steel',NULL,NULL,34.00,NULL,NULL,NULL,NULL,NULL,NULL,'rolex:124200',1,'2026-03-17 05:57:31.691','2026-03-17 05:32:49.344','2026-03-17 05:57:31.692'),(640,1,114,'124270','Rolex Explorer',NULL,'Automatic','Steel',NULL,NULL,36.00,NULL,NULL,NULL,NULL,NULL,NULL,'rolex:124270',1,'2026-03-17 05:57:32.950','2026-03-17 05:32:49.349','2026-03-17 05:57:32.951'),(641,1,114,'124273','Rolex Explorer',NULL,'Automatic','Gold/Steel',NULL,NULL,36.00,NULL,NULL,NULL,NULL,NULL,NULL,'rolex:124273',1,'2026-03-17 05:57:34.215','2026-03-17 05:32:49.352','2026-03-17 05:57:34.216'),(642,1,127,'124300','Rolex Oyster Perpetual 41',NULL,'Automatic','Steel',NULL,NULL,41.00,NULL,NULL,NULL,NULL,NULL,NULL,'rolex:124300',1,'2026-03-17 05:57:35.477','2026-03-17 05:32:49.356','2026-03-17 05:57:35.478'),(643,1,125,'126000','Rolex Oyster Perpetual 36',NULL,'Automatic','Steel',NULL,NULL,36.00,NULL,NULL,NULL,NULL,NULL,NULL,'rolex:126000',1,'2026-03-17 05:57:36.739','2026-03-17 05:32:49.359','2026-03-17 05:57:36.740'),(644,1,NULL,'126067','126067',NULL,NULL,NULL,NULL,NULL,NULL,NULL,NULL,NULL,NULL,NULL,NULL,'rolex:126067',1,'2026-03-17 05:57:38.066','2026-03-17 05:32:49.363','2026-03-17 05:57:38.068'),(645,1,105,'126200','Rolex Datejust 36',NULL,'Automatic','Steel',NULL,NULL,36.00,NULL,NULL,NULL,NULL,NULL,NULL,'rolex:126200',1,'2026-03-17 05:57:39.325','2026-03-17 05:32:49.366','2026-03-17 05:57:39.326'),(646,1,NULL,'126203','126203',NULL,NULL,NULL,NULL,NULL,NULL,NULL,NULL,NULL,NULL,NULL,NULL,'rolex:126203',1,'2026-03-17 05:57:40.564','2026-03-17 05:32:49.369','2026-03-17 05:57:40.565'),(647,1,105,'126231','Rolex Datejust 36',NULL,'Automatic','Gold/Steel',NULL,NULL,36.00,NULL,NULL,NULL,NULL,NULL,NULL,'rolex:126231',1,'2026-03-17 05:57:41.825','2026-03-17 05:32:49.373','2026-03-17 05:57:41.826'),(648,1,105,'126233','Rolex Datejust 36',NULL,'Automatic','Gold/Steel',NULL,NULL,36.00,NULL,NULL,NULL,NULL,NULL,NULL,'rolex:126233',1,'2026-03-17 05:57:43.089','2026-03-17 05:32:49.376','2026-03-17 05:57:43.090'),(649,1,105,'126234','Rolex Datejust 36',NULL,'Automatic','Steel',NULL,NULL,36.00,NULL,NULL,NULL,NULL,NULL,NULL,'rolex:126234',1,'2026-03-17 05:57:44.354','2026-03-17 05:31:11.396','2026-03-17 05:57:44.355'),(650,1,105,'126283','Rolex Datejust 36',NULL,'Automatic','Gold/Steel',NULL,NULL,36.00,NULL,NULL,NULL,NULL,NULL,NULL,'rolex:126283',1,'2026-03-17 05:57:45.640','2026-03-17 05:31:11.404','2026-03-17 05:57:45.641'),(651,1,105,'126283RBR','Rolex Datejust 36',NULL,'Automatic','Gold/Steel',NULL,NULL,36.00,NULL,NULL,NULL,NULL,NULL,NULL,'rolex:126283RBR',1,'2026-03-17 05:57:46.900','2026-03-17 05:31:11.408','2026-03-17 05:57:46.901'),(652,1,105,'126284RBR','Rolex Datejust 36',NULL,'Automatic','Steel',NULL,NULL,36.00,NULL,NULL,NULL,NULL,NULL,NULL,'rolex:126284RBR',1,'2026-03-17 05:57:48.157','2026-03-17 05:31:11.415','2026-03-17 05:57:48.157'),(653,1,106,'126300','Rolex Datejust 41',NULL,'Automatic','Steel',NULL,NULL,41.00,NULL,NULL,NULL,NULL,NULL,NULL,'rolex:126300',1,'2026-03-17 05:57:49.421','2026-03-17 05:31:11.421','2026-03-17 05:57:49.422'),(654,1,106,'126301','Rolex Datejust 41',NULL,'Automatic','Gold/Steel',NULL,NULL,41.00,NULL,NULL,NULL,NULL,NULL,NULL,'rolex:126301',1,'2026-03-17 05:57:50.683','2026-03-17 05:31:11.425','2026-03-17 05:57:50.684'),(655,1,106,'126303','Rolex Datejust 41',NULL,'Automatic','Gold/Steel',NULL,NULL,41.00,NULL,NULL,NULL,NULL,NULL,NULL,'rolex:126303',1,'2026-03-17 05:57:51.938','2026-03-17 05:31:11.430','2026-03-17 05:57:51.939'),(656,1,106,'126331','Rolex Datejust 41',NULL,'Automatic','Gold/Steel',NULL,NULL,41.00,NULL,NULL,NULL,NULL,NULL,NULL,'rolex:126331',1,'2026-03-17 05:57:53.207','2026-03-17 05:31:11.433','2026-03-17 05:57:53.209'),(657,1,106,'126333','Rolex Datejust 41',NULL,'Automatic','Gold/Steel',NULL,NULL,41.00,NULL,NULL,NULL,NULL,NULL,NULL,'rolex:126333',1,'2026-03-17 05:57:54.474','2026-03-17 05:31:11.436','2026-03-17 05:57:54.475'),(658,1,106,'126334','Rolex Datejust 41',NULL,'Automatic','Steel',NULL,NULL,41.00,NULL,NULL,NULL,NULL,NULL,NULL,'rolex:126334',1,'2026-03-17 05:57:55.727','2026-03-17 05:31:11.439','2026-03-17 05:57:55.728'),(659,1,NULL,'126503','126503',NULL,'Automatic','Gold/Steel',NULL,NULL,40.00,NULL,NULL,NULL,NULL,NULL,NULL,'rolex:126503',1,'2026-03-17 05:57:56.993','2026-03-17 05:31:11.442','2026-03-17 05:57:56.994'),(660,1,113,'126505','Rolex Daytona',NULL,'Automatic','Rose gold',NULL,NULL,40.00,NULL,NULL,NULL,NULL,NULL,NULL,'rolex:126505',1,'2026-03-17 05:57:58.250','2026-03-17 05:31:11.446','2026-03-17 05:57:58.251'),(661,1,NULL,'126506','126506',NULL,NULL,NULL,NULL,NULL,NULL,NULL,NULL,NULL,NULL,NULL,NULL,'rolex:126506',1,'2026-03-17 05:57:59.509','2026-03-17 05:31:11.450','2026-03-17 05:57:59.510'),(662,1,113,'126508','Rolex Daytona',NULL,'Automatic','Yellow gold',NULL,NULL,40.00,NULL,NULL,NULL,NULL,NULL,NULL,'rolex:126508',1,'2026-03-17 05:58:00.786','2026-03-17 05:31:11.454','2026-03-17 05:58:00.787'),(663,1,113,'126509','Rolex Daytona',NULL,'Automatic','White gold',NULL,NULL,40.00,NULL,NULL,NULL,NULL,NULL,NULL,'rolex:126509',1,'2026-03-17 05:58:02.100','2026-03-17 05:31:11.457','2026-03-17 05:58:02.101'),(664,1,113,'126515LN','Rolex Daytona',NULL,'Automatic','Rose gold',NULL,NULL,40.00,NULL,NULL,NULL,NULL,NULL,NULL,'rolex:126515LN',1,'2026-03-17 05:58:03.362','2026-03-17 05:31:11.461','2026-03-17 05:58:03.363'),(665,1,113,'126518LN','Rolex Daytona',NULL,'Automatic','Yellow gold',NULL,NULL,40.00,NULL,NULL,NULL,NULL,NULL,NULL,'rolex:126518LN',1,'2026-03-17 05:58:04.628','2026-03-17 05:31:11.464','2026-03-17 05:58:04.629'),(666,1,113,'126519','Rolex Daytona',NULL,'Automatic','White gold',NULL,NULL,40.00,NULL,NULL,NULL,NULL,NULL,NULL,'rolex:126519',1,'2026-03-17 05:58:05.891','2026-03-17 05:31:11.467','2026-03-17 05:58:05.892'),(667,1,113,'126519LN','Rolex Daytona',NULL,'Automatic','White gold',NULL,NULL,40.00,NULL,NULL,NULL,NULL,NULL,NULL,'rolex:126519LN',1,'2026-03-17 05:58:07.157','2026-03-17 05:31:11.471','2026-03-17 05:58:07.158'),(668,1,113,'126519LN-0006','Rolex Daytona',NULL,'Automatic','White gold',NULL,NULL,40.00,NULL,NULL,NULL,NULL,NULL,NULL,'rolex:126519LN-0006',1,'2026-03-17 05:58:08.423','2026-03-17 05:31:11.474','2026-03-17 05:58:08.424'),(669,1,NULL,'126529LN','126529LN',NULL,NULL,NULL,NULL,NULL,NULL,NULL,NULL,NULL,NULL,NULL,NULL,'rolex:126529LN',1,'2026-03-17 05:58:09.691','2026-03-17 05:31:11.478','2026-03-17 05:58:09.692'),(670,1,131,'126600','Rolex Sea-Dweller',NULL,'Automatic','Steel',NULL,NULL,43.00,NULL,NULL,NULL,NULL,NULL,NULL,'rolex:126600',1,'2026-03-17 05:58:10.953','2026-03-17 05:31:11.481','2026-03-17 05:58:10.955'),(671,1,131,'126603','Rolex Sea-Dweller',NULL,'Automatic','Gold/Steel',NULL,NULL,43.00,NULL,NULL,NULL,NULL,NULL,NULL,'rolex:126603',1,'2026-03-17 05:58:12.213','2026-03-17 05:31:11.484','2026-03-17 05:58:12.214'),(672,1,136,'126610','Rolex Submariner Date',NULL,'Automatic','Steel',NULL,NULL,41.00,NULL,NULL,NULL,NULL,NULL,NULL,'rolex:126610',1,'2026-03-17 05:58:13.477','2026-03-17 05:31:11.488','2026-03-17 05:58:13.478'),(673,1,136,'126610LV','Rolex Submariner Date',NULL,'Automatic','Steel',NULL,NULL,41.00,NULL,NULL,NULL,NULL,NULL,NULL,'rolex:126610LV',1,'2026-03-17 05:58:14.742','2026-03-17 05:31:11.496','2026-03-17 05:58:14.743'),(674,1,136,'126613','Rolex Submariner Date',NULL,'Automatic','Gold/Steel',NULL,NULL,41.00,NULL,NULL,NULL,NULL,NULL,NULL,'rolex:126613',1,'2026-03-17 05:58:16.020','2026-03-17 05:31:11.500','2026-03-17 05:58:16.021'),(675,1,136,'126613LB','Rolex Submariner Date',NULL,'Automatic','Gold/Steel',NULL,NULL,41.00,NULL,NULL,NULL,NULL,NULL,NULL,'rolex:126613LB',1,'2026-03-17 05:58:17.292','2026-03-17 05:31:11.503','2026-03-17 05:58:17.293'),(676,1,136,'126613LN','Rolex Submariner Date',NULL,'Automatic','Gold/Steel',NULL,NULL,41.00,NULL,NULL,NULL,NULL,NULL,NULL,'rolex:126613LN',1,'2026-03-17 05:58:18.556','2026-03-17 05:31:11.506','2026-03-17 05:58:18.558'),(677,1,136,'126618LB','Rolex Submariner Date',NULL,'Automatic','Yellow gold',NULL,NULL,41.00,NULL,NULL,NULL,NULL,NULL,NULL,'rolex:126618LB',1,'2026-03-17 05:58:19.818','2026-03-17 05:31:11.510','2026-03-17 05:58:19.819'),(678,1,NULL,'126618LN','126618LN',NULL,NULL,NULL,NULL,NULL,NULL,NULL,NULL,NULL,NULL,NULL,NULL,'rolex:126618LN',1,'2026-03-17 05:58:21.093','2026-03-17 05:31:11.513','2026-03-17 05:58:21.094'),(679,1,136,'126619LB','Rolex Submariner Date',NULL,'Automatic','White gold',NULL,NULL,41.00,NULL,NULL,NULL,NULL,NULL,NULL,'rolex:126619LB',1,'2026-03-17 05:58:22.354','2026-03-17 05:31:11.516','2026-03-17 05:58:22.355'),(680,1,139,'126621','Rolex Yacht-Master 40',NULL,'Automatic','Gold/Steel',NULL,NULL,40.00,NULL,NULL,NULL,NULL,NULL,NULL,'rolex:126621',1,'2026-03-17 05:58:23.613','2026-03-17 05:31:11.520','2026-03-17 05:58:23.614'),(681,1,139,'126622','Rolex Yacht-Master 40',NULL,'Automatic','Steel',NULL,NULL,40.00,NULL,NULL,NULL,NULL,NULL,NULL,'rolex:126622',1,'2026-03-17 05:58:24.872','2026-03-17 05:31:11.523','2026-03-17 05:58:24.874'),(682,1,139,'126655','Rolex Yacht-Master 40',NULL,'Automatic','Rose gold',NULL,NULL,40.00,NULL,NULL,NULL,NULL,NULL,NULL,'rolex:126655',1,'2026-03-17 05:58:26.141','2026-03-17 05:31:11.527','2026-03-17 05:58:26.144'),(683,1,133,'126660','Rolex Sea-Dweller Deepsea',NULL,'Automatic','Steel',NULL,NULL,44.00,NULL,NULL,NULL,NULL,NULL,NULL,'rolex:126660',1,'2026-03-17 05:58:27.405','2026-03-17 05:31:11.531','2026-03-17 05:58:27.407'),(684,1,117,'126710','Rolex GMT-Master II',NULL,'Automatic','Steel',NULL,NULL,40.00,NULL,NULL,NULL,NULL,NULL,NULL,'rolex:126710',1,'2026-03-17 05:58:28.673','2026-03-17 05:31:11.534','2026-03-17 05:58:28.674'),(685,1,117,'126710BLNR','Rolex GMT-Master II',NULL,'Automatic','Steel',NULL,NULL,40.00,NULL,NULL,NULL,NULL,NULL,NULL,'rolex:126710BLNR',1,'2026-03-17 05:58:29.946','2026-03-17 05:31:11.537','2026-03-17 05:58:29.947'),(686,1,117,'126710BLRO','Rolex GMT-Master II',NULL,'Automatic','Steel',NULL,NULL,40.00,NULL,NULL,NULL,NULL,NULL,NULL,'rolex:126710BLRO',1,'2026-03-17 05:58:31.213','2026-03-17 05:31:11.540','2026-03-17 05:58:31.214'),(687,1,NULL,'126710GRNR','126710GRNR',NULL,'Automatic','Steel',NULL,NULL,40.00,NULL,NULL,NULL,NULL,NULL,NULL,'rolex:126710GRNR',1,'2026-03-17 05:58:32.480','2026-03-17 05:31:11.543','2026-03-17 05:58:32.481'),(688,1,117,'126711CHNR','Rolex GMT-Master II',NULL,'Automatic','Gold/Steel',NULL,NULL,40.00,NULL,NULL,NULL,NULL,NULL,NULL,'rolex:126711CHNR',1,'2026-03-17 05:58:34.067','2026-03-17 05:31:11.546','2026-03-17 05:58:34.069'),(689,1,117,'126713','Rolex GMT-Master II',NULL,'Automatic','Gold/Steel',NULL,NULL,40.00,NULL,NULL,NULL,NULL,NULL,NULL,'rolex:126713',1,'2026-03-17 05:58:35.327','2026-03-17 05:31:11.549','2026-03-17 05:58:35.328'),(690,1,117,'126713GRNR','Rolex GMT-Master II',NULL,'Automatic','Gold/Steel',NULL,NULL,40.00,NULL,NULL,NULL,NULL,NULL,NULL,'rolex:126713GRNR',1,'2026-03-17 05:58:36.586','2026-03-17 05:31:11.553','2026-03-17 05:58:36.588'),(691,1,117,'126715CHNR','Rolex GMT-Master II',NULL,'Automatic','Rose gold',NULL,NULL,40.00,NULL,NULL,NULL,NULL,NULL,NULL,'rolex:126715CHNR',1,'2026-03-17 05:58:37.848','2026-03-17 05:31:11.557','2026-03-17 05:58:37.849'),(692,1,117,'126718GRNR','Rolex GMT-Master II',NULL,'Automatic','Yellow gold',NULL,NULL,40.00,NULL,NULL,NULL,NULL,NULL,NULL,'rolex:126718GRNR',1,'2026-03-17 05:58:39.106','2026-03-17 05:31:11.560','2026-03-17 05:58:39.107'),(693,1,117,'126719BLRO','Rolex GMT-Master II',NULL,'Automatic','White gold',NULL,NULL,40.00,NULL,NULL,NULL,NULL,NULL,NULL,'rolex:126719BLRO',1,'2026-03-17 05:58:40.377','2026-03-17 05:31:11.563','2026-03-17 05:58:40.378'),(694,1,117,'126720VTNR','Rolex GMT-Master II',NULL,'Automatic','Steel',NULL,NULL,40.00,NULL,NULL,NULL,NULL,NULL,NULL,'rolex:126720VTNR',1,'2026-03-17 05:58:41.647','2026-03-17 05:31:11.567','2026-03-17 05:58:41.648'),(695,1,103,'126900','Rolex Air King',NULL,'Automatic','Steel',NULL,NULL,40.00,NULL,NULL,NULL,NULL,NULL,NULL,'rolex:126900',1,'2026-03-17 05:58:42.910','2026-03-17 05:31:11.570','2026-03-17 05:58:42.911'),(696,1,110,'128235','Rolex Day-Date 36',NULL,'Automatic','Rose gold',NULL,NULL,36.00,NULL,NULL,NULL,NULL,NULL,NULL,'rolex:128235',1,'2026-03-17 05:58:44.173','2026-03-17 05:31:11.573','2026-03-17 05:58:44.174'),(697,1,NULL,'128236','128236',NULL,NULL,NULL,NULL,NULL,NULL,NULL,NULL,NULL,NULL,NULL,NULL,'rolex:128236',1,'2026-03-17 05:31:11.575','2026-03-17 05:31:11.576','2026-03-17 05:31:11.576'),(698,1,NULL,'128238','128238',NULL,NULL,NULL,NULL,NULL,NULL,NULL,NULL,NULL,NULL,NULL,NULL,'rolex:128238',1,'2026-03-17 05:31:11.580','2026-03-17 05:31:11.580','2026-03-17 05:31:11.580'),(699,1,NULL,'128239','128239',NULL,NULL,NULL,NULL,NULL,NULL,NULL,NULL,NULL,NULL,NULL,NULL,'rolex:128239',1,'2026-03-17 05:31:11.583','2026-03-17 05:31:11.583','2026-03-17 05:31:11.583'),(700,1,NULL,'128345RBR','128345RBR',NULL,NULL,NULL,NULL,NULL,NULL,NULL,NULL,NULL,NULL,NULL,NULL,'rolex:128345RBR',1,'2026-03-17 05:31:11.586','2026-03-17 05:31:11.586','2026-03-17 05:31:11.586'),(701,1,NULL,'128348RBR','128348RBR',NULL,NULL,NULL,NULL,NULL,NULL,NULL,NULL,NULL,NULL,NULL,NULL,'rolex:128348RBR',1,'2026-03-17 05:31:11.589','2026-03-17 05:31:11.590','2026-03-17 05:31:11.590'),(702,1,NULL,'128349RBR','128349RBR',NULL,NULL,NULL,NULL,NULL,NULL,NULL,NULL,NULL,NULL,NULL,NULL,'rolex:128349RBR',1,'2026-03-17 05:31:11.593','2026-03-17 05:31:11.593','2026-03-17 05:31:11.593'),(703,1,NULL,'136660','136660',NULL,NULL,NULL,NULL,NULL,NULL,NULL,NULL,NULL,NULL,NULL,NULL,'rolex:136660',1,'2026-03-17 05:31:11.596','2026-03-17 05:31:11.596','2026-03-17 05:31:11.596'),(704,1,NULL,'136668LB','136668LB',NULL,NULL,NULL,NULL,NULL,NULL,NULL,NULL,NULL,NULL,NULL,NULL,'rolex:136668LB',1,'2026-03-17 05:31:11.599','2026-03-17 05:31:11.600','2026-03-17 05:31:11.600'),(705,1,NULL,'14000','14000',NULL,NULL,NULL,NULL,NULL,NULL,NULL,NULL,NULL,NULL,NULL,NULL,'rolex:14000',1,'2026-03-17 05:31:11.605','2026-03-17 05:31:11.606','2026-03-17 05:31:11.606'),(706,1,NULL,'14000M','14000M',NULL,NULL,NULL,NULL,NULL,NULL,NULL,NULL,NULL,NULL,NULL,NULL,'rolex:14000M',1,'2026-03-17 05:31:11.609','2026-03-17 05:31:11.610','2026-03-17 05:31:11.610'),(707,1,NULL,'14010','14010',NULL,NULL,NULL,NULL,NULL,NULL,NULL,NULL,NULL,NULL,NULL,NULL,'rolex:14010',1,'2026-03-17 05:31:11.613','2026-03-17 05:31:11.613','2026-03-17 05:31:11.613'),(708,1,NULL,'14010M','14010M',NULL,NULL,NULL,NULL,NULL,NULL,NULL,NULL,NULL,NULL,NULL,NULL,'rolex:14010M',1,'2026-03-17 05:31:11.615','2026-03-17 05:31:11.616','2026-03-17 05:31:11.616'),(709,1,NULL,'14060','14060',NULL,NULL,NULL,NULL,NULL,NULL,NULL,NULL,NULL,NULL,NULL,NULL,'rolex:14060',1,'2026-03-17 05:31:11.619','2026-03-17 05:31:11.620','2026-03-17 05:31:11.620'),(710,1,NULL,'14060M','14060M',NULL,NULL,NULL,NULL,NULL,NULL,NULL,NULL,NULL,NULL,NULL,NULL,'rolex:14060M',1,'2026-03-17 05:31:11.623','2026-03-17 05:31:11.624','2026-03-17 05:31:11.624'),(711,1,NULL,'14203','14203',NULL,NULL,NULL,NULL,NULL,NULL,NULL,NULL,NULL,NULL,NULL,NULL,'rolex:14203',1,'2026-03-17 05:31:11.627','2026-03-17 05:31:11.628','2026-03-17 05:31:11.628'),(712,1,NULL,'14233','14233',NULL,NULL,NULL,NULL,NULL,NULL,NULL,NULL,NULL,NULL,NULL,NULL,'rolex:14233',1,'2026-03-17 05:31:11.631','2026-03-17 05:31:11.631','2026-03-17 05:31:11.631'),(713,1,NULL,'14270','14270',NULL,NULL,NULL,NULL,NULL,NULL,NULL,NULL,NULL,NULL,NULL,NULL,'rolex:14270',1,'2026-03-17 05:31:11.634','2026-03-17 05:31:11.635','2026-03-17 05:31:11.635'),(714,1,NULL,'1500','1500',NULL,NULL,NULL,NULL,NULL,NULL,NULL,NULL,NULL,NULL,NULL,NULL,'rolex:1500',1,'2026-03-17 05:31:11.638','2026-03-17 05:31:11.639','2026-03-17 05:31:11.639'),(715,1,NULL,'15000','15000',NULL,NULL,NULL,NULL,NULL,NULL,NULL,NULL,NULL,NULL,NULL,NULL,'rolex:15000',1,'2026-03-17 05:31:11.641','2026-03-17 05:31:11.642','2026-03-17 05:31:11.642'),(716,1,NULL,'1501','1501',NULL,NULL,NULL,NULL,NULL,NULL,NULL,NULL,NULL,NULL,NULL,NULL,'rolex:1501',1,'2026-03-17 05:31:11.645','2026-03-17 05:31:11.645','2026-03-17 05:31:11.645'),(717,1,NULL,'15010','15010',NULL,NULL,NULL,NULL,NULL,NULL,NULL,NULL,NULL,NULL,NULL,NULL,'rolex:15010',1,'2026-03-17 05:31:11.648','2026-03-17 05:31:11.649','2026-03-17 05:31:11.649'),(718,1,NULL,'1503','1503',NULL,NULL,NULL,NULL,NULL,NULL,NULL,NULL,NULL,NULL,NULL,NULL,'rolex:1503',1,'2026-03-17 05:31:11.651','2026-03-17 05:31:11.652','2026-03-17 05:31:11.652'),(719,1,NULL,'1505','1505',NULL,NULL,NULL,NULL,NULL,NULL,NULL,NULL,NULL,NULL,NULL,NULL,'rolex:1505',1,'2026-03-17 05:31:11.654','2026-03-17 05:31:11.655','2026-03-17 05:31:11.655'),(720,1,NULL,'15053','15053',NULL,NULL,NULL,NULL,NULL,NULL,NULL,NULL,NULL,NULL,NULL,NULL,'rolex:15053',1,'2026-03-17 05:31:11.658','2026-03-17 05:31:11.658','2026-03-17 05:31:11.658'),(721,1,NULL,'15200','15200',NULL,NULL,NULL,NULL,NULL,NULL,NULL,NULL,NULL,NULL,NULL,NULL,'rolex:15200',1,'2026-03-17 05:31:11.662','2026-03-17 05:31:11.663','2026-03-17 05:31:11.663'),(722,1,NULL,'15210','15210',NULL,NULL,NULL,NULL,NULL,NULL,NULL,NULL,NULL,NULL,NULL,NULL,'rolex:15210',1,'2026-03-17 05:31:11.666','2026-03-17 05:31:11.666','2026-03-17 05:31:11.666'),(723,1,NULL,'15223','15223',NULL,NULL,NULL,NULL,NULL,NULL,NULL,NULL,NULL,NULL,NULL,NULL,'rolex:15223',1,'2026-03-17 05:31:11.669','2026-03-17 05:31:11.670','2026-03-17 05:31:11.670'),(724,1,NULL,'15505','15505',NULL,NULL,NULL,NULL,NULL,NULL,NULL,NULL,NULL,NULL,NULL,NULL,'rolex:15505',1,'2026-03-17 05:31:11.672','2026-03-17 05:31:11.673','2026-03-17 05:31:11.673'),(725,1,NULL,'1600','1600',NULL,NULL,NULL,NULL,NULL,NULL,NULL,NULL,NULL,NULL,NULL,NULL,'rolex:1600',1,'2026-03-17 05:31:11.675','2026-03-17 05:31:11.676','2026-03-17 05:31:11.676'),(726,1,NULL,'16000','16000',NULL,NULL,NULL,NULL,NULL,NULL,NULL,NULL,NULL,NULL,NULL,NULL,'rolex:16000',1,'2026-03-17 05:31:11.679','2026-03-17 05:31:11.680','2026-03-17 05:31:11.680'),(727,1,NULL,'1601','1601',NULL,NULL,NULL,NULL,NULL,NULL,NULL,NULL,NULL,NULL,NULL,NULL,'rolex:1601',1,'2026-03-17 05:31:11.682','2026-03-17 05:31:11.683','2026-03-17 05:31:11.683'),(728,1,NULL,'16013','16013',NULL,NULL,NULL,NULL,NULL,NULL,NULL,NULL,NULL,NULL,NULL,NULL,'rolex:16013',1,'2026-03-17 05:31:11.690','2026-03-17 05:31:11.691','2026-03-17 05:31:11.691'),(729,1,NULL,'16014','16014',NULL,NULL,NULL,NULL,NULL,NULL,NULL,NULL,NULL,NULL,NULL,NULL,'rolex:16014',1,'2026-03-17 05:31:11.694','2026-03-17 05:31:11.694','2026-03-17 05:31:11.694'),(730,1,NULL,'16018','16018',NULL,NULL,NULL,NULL,NULL,NULL,NULL,NULL,NULL,NULL,NULL,NULL,'rolex:16018',1,'2026-03-17 05:31:11.697','2026-03-17 05:31:11.698','2026-03-17 05:31:11.698'),(731,1,NULL,'1603','1603',NULL,NULL,NULL,NULL,NULL,NULL,NULL,NULL,NULL,NULL,NULL,NULL,'rolex:1603',1,'2026-03-17 05:31:11.700','2026-03-17 05:31:11.701','2026-03-17 05:31:11.701'),(732,1,NULL,'16030','16030',NULL,NULL,NULL,NULL,NULL,NULL,NULL,NULL,NULL,NULL,NULL,NULL,'rolex:16030',1,'2026-03-17 05:31:11.704','2026-03-17 05:31:11.705','2026-03-17 05:31:11.705'),(733,1,NULL,'16200','16200',NULL,NULL,NULL,NULL,NULL,NULL,NULL,NULL,NULL,NULL,NULL,NULL,'rolex:16200',1,'2026-03-17 05:31:11.709','2026-03-17 05:31:11.709','2026-03-17 05:31:11.709'),(734,1,NULL,'16203','16203',NULL,NULL,NULL,NULL,NULL,NULL,NULL,NULL,NULL,NULL,NULL,NULL,'rolex:16203',1,'2026-03-17 05:31:11.713','2026-03-17 05:31:11.714','2026-03-17 05:31:11.714'),(735,1,NULL,'16220','16220',NULL,NULL,NULL,NULL,NULL,NULL,NULL,NULL,NULL,NULL,NULL,NULL,'rolex:16220',1,'2026-03-17 05:31:11.719','2026-03-17 05:31:11.719','2026-03-17 05:31:11.719'),(736,1,NULL,'16233','16233',NULL,NULL,NULL,NULL,NULL,NULL,NULL,NULL,NULL,NULL,NULL,NULL,'rolex:16233',1,'2026-03-17 05:31:11.723','2026-03-17 05:31:11.723','2026-03-17 05:31:11.723'),(737,1,NULL,'16233G','16233G',NULL,NULL,NULL,NULL,NULL,NULL,NULL,NULL,NULL,NULL,NULL,NULL,'rolex:16233G',1,'2026-03-17 05:31:11.727','2026-03-17 05:31:11.728','2026-03-17 05:31:11.728'),(738,1,NULL,'16234','16234',NULL,NULL,NULL,NULL,NULL,NULL,NULL,NULL,NULL,NULL,NULL,NULL,'rolex:16234',1,'2026-03-17 05:31:11.732','2026-03-17 05:31:11.732','2026-03-17 05:31:11.732'),(739,1,NULL,'16238','16238',NULL,NULL,NULL,NULL,NULL,NULL,NULL,NULL,NULL,NULL,NULL,NULL,'rolex:16238',1,'2026-03-17 05:31:11.736','2026-03-17 05:31:11.737','2026-03-17 05:31:11.737'),(740,1,NULL,'1625','1625',NULL,NULL,NULL,NULL,NULL,NULL,NULL,NULL,NULL,NULL,NULL,NULL,'rolex:1625',1,'2026-03-17 05:31:11.740','2026-03-17 05:31:11.740','2026-03-17 05:31:11.740'),(741,1,NULL,'16253','16253',NULL,NULL,NULL,NULL,NULL,NULL,NULL,NULL,NULL,NULL,NULL,NULL,'rolex:16253',1,'2026-03-17 05:31:11.743','2026-03-17 05:31:11.744','2026-03-17 05:31:11.744'),(742,1,NULL,'16263','16263',NULL,NULL,NULL,NULL,NULL,NULL,NULL,NULL,NULL,NULL,NULL,NULL,'rolex:16263',1,'2026-03-17 05:31:11.746','2026-03-17 05:31:11.747','2026-03-17 05:31:11.747'),(743,1,NULL,'16264','16264',NULL,NULL,NULL,NULL,NULL,NULL,NULL,NULL,NULL,NULL,NULL,NULL,'rolex:16264',1,'2026-03-17 05:31:11.750','2026-03-17 05:31:11.751','2026-03-17 05:31:11.751'),(744,1,NULL,'16518','16518',NULL,NULL,NULL,NULL,NULL,NULL,NULL,NULL,NULL,NULL,NULL,NULL,'rolex:16518',1,'2026-03-17 05:31:11.754','2026-03-17 05:31:11.754','2026-03-17 05:31:11.754'),(745,1,NULL,'16519','16519',NULL,NULL,NULL,NULL,NULL,NULL,NULL,NULL,NULL,NULL,NULL,NULL,'rolex:16519',1,'2026-03-17 05:31:11.757','2026-03-17 05:31:11.758','2026-03-17 05:31:11.758'),(746,1,NULL,'16520','16520',NULL,NULL,NULL,NULL,NULL,NULL,NULL,NULL,NULL,NULL,NULL,NULL,'rolex:16520',1,'2026-03-17 05:31:11.761','2026-03-17 05:31:11.762','2026-03-17 05:31:11.762'),(747,1,NULL,'16523','16523',NULL,NULL,NULL,NULL,NULL,NULL,NULL,NULL,NULL,NULL,NULL,NULL,'rolex:16523',1,'2026-03-17 05:31:11.765','2026-03-17 05:31:11.766','2026-03-17 05:31:11.766'),(748,1,NULL,'16528','16528',NULL,NULL,NULL,NULL,NULL,NULL,NULL,NULL,NULL,NULL,NULL,NULL,'rolex:16528',1,'2026-03-17 05:31:11.769','2026-03-17 05:31:11.770','2026-03-17 05:31:11.770'),(749,1,NULL,'1655','1655',NULL,NULL,NULL,NULL,NULL,NULL,NULL,NULL,NULL,NULL,NULL,NULL,'rolex:1655',1,'2026-03-17 05:31:11.773','2026-03-17 05:31:11.773','2026-03-17 05:31:11.773'),(750,1,NULL,'16550','16550',NULL,NULL,NULL,NULL,NULL,NULL,NULL,NULL,NULL,NULL,NULL,NULL,'rolex:16550',1,'2026-03-17 05:31:11.776','2026-03-17 05:31:11.777','2026-03-17 05:31:11.777'),(751,1,NULL,'16570','16570',NULL,NULL,NULL,NULL,NULL,NULL,NULL,NULL,NULL,NULL,NULL,NULL,'rolex:16570',1,'2026-03-17 05:31:11.780','2026-03-17 05:31:11.781','2026-03-17 05:31:11.781'),(752,1,NULL,'16570T','16570T',NULL,NULL,NULL,NULL,NULL,NULL,NULL,NULL,NULL,NULL,NULL,NULL,'rolex:16570T',1,'2026-03-17 05:31:11.783','2026-03-17 05:31:11.784','2026-03-17 05:31:11.784'),(753,1,NULL,'16600','16600',NULL,NULL,NULL,NULL,NULL,NULL,NULL,NULL,NULL,NULL,NULL,NULL,'rolex:16600',1,'2026-03-17 05:31:11.786','2026-03-17 05:31:11.787','2026-03-17 05:31:11.787'),(754,1,NULL,'16610','16610',NULL,NULL,NULL,NULL,NULL,NULL,NULL,NULL,NULL,NULL,NULL,NULL,'rolex:16610',1,'2026-03-17 05:31:11.790','2026-03-17 05:31:11.791','2026-03-17 05:31:11.791'),(755,1,NULL,'16610LN','16610LN',NULL,NULL,NULL,NULL,NULL,NULL,NULL,NULL,NULL,NULL,NULL,NULL,'rolex:16610LN',1,'2026-03-17 05:31:11.793','2026-03-17 05:31:11.794','2026-03-17 05:31:11.794'),(756,1,NULL,'16610LV','16610LV',NULL,NULL,NULL,NULL,NULL,NULL,NULL,NULL,NULL,NULL,NULL,NULL,'rolex:16610LV',1,'2026-03-17 05:31:11.797','2026-03-17 05:31:11.798','2026-03-17 05:31:11.798'),(757,1,NULL,'16610T','16610T',NULL,NULL,NULL,NULL,NULL,NULL,NULL,NULL,NULL,NULL,NULL,NULL,'rolex:16610T',1,'2026-03-17 05:31:11.800','2026-03-17 05:31:11.801','2026-03-17 05:31:11.801'),(758,1,NULL,'16613','16613',NULL,NULL,NULL,NULL,NULL,NULL,NULL,NULL,NULL,NULL,NULL,NULL,'rolex:16613',1,'2026-03-17 05:31:11.804','2026-03-17 05:31:11.805','2026-03-17 05:31:11.805'),(759,1,NULL,'16613LB','16613LB',NULL,NULL,NULL,NULL,NULL,NULL,NULL,NULL,NULL,NULL,NULL,NULL,'rolex:16613LB',1,'2026-03-17 05:31:11.807','2026-03-17 05:31:11.808','2026-03-17 05:31:11.808'),(760,1,NULL,'16613LN','16613LN',NULL,NULL,NULL,NULL,NULL,NULL,NULL,NULL,NULL,NULL,NULL,NULL,'rolex:16613LN',1,'2026-03-17 05:31:11.810','2026-03-17 05:31:11.811','2026-03-17 05:31:11.811'),(761,1,NULL,'16613T','16613T',NULL,NULL,NULL,NULL,NULL,NULL,NULL,NULL,NULL,NULL,NULL,NULL,'rolex:16613T',1,'2026-03-17 05:31:11.813','2026-03-17 05:31:11.814','2026-03-17 05:31:11.814'),(762,1,NULL,'16618','16618',NULL,NULL,NULL,NULL,NULL,NULL,NULL,NULL,NULL,NULL,NULL,NULL,'rolex:16618',1,'2026-03-17 05:31:11.817','2026-03-17 05:31:11.817','2026-03-17 05:31:11.817'),(763,1,NULL,'16622','16622',NULL,NULL,NULL,NULL,NULL,NULL,NULL,NULL,NULL,NULL,NULL,NULL,'rolex:16622',1,'2026-03-17 05:31:11.820','2026-03-17 05:31:11.820','2026-03-17 05:31:11.820'),(764,1,NULL,'16623','16623',NULL,NULL,NULL,NULL,NULL,NULL,NULL,NULL,NULL,NULL,NULL,NULL,'rolex:16623',1,'2026-03-17 05:31:11.823','2026-03-17 05:31:11.823','2026-03-17 05:31:11.823'),(765,1,NULL,'1665','1665',NULL,NULL,NULL,NULL,NULL,NULL,NULL,NULL,NULL,NULL,NULL,NULL,'rolex:1665',1,'2026-03-17 05:31:11.826','2026-03-17 05:31:11.826','2026-03-17 05:31:11.826'),(766,1,NULL,'16660','16660',NULL,NULL,NULL,NULL,NULL,NULL,NULL,NULL,NULL,NULL,NULL,NULL,'rolex:16660',1,'2026-03-17 05:31:11.829','2026-03-17 05:31:11.830','2026-03-17 05:31:11.830'),(767,1,NULL,'16700','16700',NULL,NULL,NULL,NULL,NULL,NULL,NULL,NULL,NULL,NULL,NULL,NULL,'rolex:16700',1,'2026-03-17 05:31:11.833','2026-03-17 05:31:11.834','2026-03-17 05:31:11.834'),(768,1,NULL,'16710','16710',NULL,NULL,NULL,NULL,NULL,NULL,NULL,NULL,NULL,NULL,NULL,NULL,'rolex:16710',1,'2026-03-17 05:31:11.836','2026-03-17 05:31:11.837','2026-03-17 05:31:11.837'),(769,1,NULL,'16710LN','16710LN',NULL,NULL,NULL,NULL,NULL,NULL,NULL,NULL,NULL,NULL,NULL,NULL,'rolex:16710LN',1,'2026-03-17 05:31:11.840','2026-03-17 05:31:11.841','2026-03-17 05:31:11.841'),(770,1,NULL,'16713','16713',NULL,NULL,NULL,NULL,NULL,NULL,NULL,NULL,NULL,NULL,NULL,NULL,'rolex:16713',1,'2026-03-17 05:31:11.843','2026-03-17 05:31:11.844','2026-03-17 05:31:11.844'),(771,1,NULL,'1675','1675',NULL,NULL,NULL,NULL,NULL,NULL,NULL,NULL,NULL,NULL,NULL,NULL,'rolex:1675',1,'2026-03-17 05:31:11.847','2026-03-17 05:31:11.847','2026-03-17 05:31:11.847'),(772,1,NULL,'16750','16750',NULL,NULL,NULL,NULL,NULL,NULL,NULL,NULL,NULL,NULL,NULL,NULL,'rolex:16750',1,'2026-03-17 05:31:11.854','2026-03-17 05:31:11.854','2026-03-17 05:31:11.854'),(773,1,NULL,'16753','16753',NULL,NULL,NULL,NULL,NULL,NULL,NULL,NULL,NULL,NULL,NULL,NULL,'rolex:16753',1,'2026-03-17 05:31:11.857','2026-03-17 05:31:11.857','2026-03-17 05:31:11.857'),(774,1,NULL,'16758','16758',NULL,NULL,NULL,NULL,NULL,NULL,NULL,NULL,NULL,NULL,NULL,NULL,'rolex:16758',1,'2026-03-17 05:31:11.860','2026-03-17 05:31:11.861','2026-03-17 05:31:11.861'),(775,1,NULL,'16760','16760',NULL,NULL,NULL,NULL,NULL,NULL,NULL,NULL,NULL,NULL,NULL,NULL,'rolex:16760',1,'2026-03-17 05:31:11.863','2026-03-17 05:31:11.864','2026-03-17 05:31:11.864'),(776,1,NULL,'1680','1680',NULL,NULL,NULL,NULL,NULL,NULL,NULL,NULL,NULL,NULL,NULL,NULL,'rolex:1680',1,'2026-03-17 05:31:11.867','2026-03-17 05:31:11.867','2026-03-17 05:31:11.867'),(777,1,NULL,'16800','16800',NULL,NULL,NULL,NULL,NULL,NULL,NULL,NULL,NULL,NULL,NULL,NULL,'rolex:16800',1,'2026-03-17 05:31:11.870','2026-03-17 05:31:11.870','2026-03-17 05:31:11.870'),(778,1,NULL,'168000','168000',NULL,NULL,NULL,NULL,NULL,NULL,NULL,NULL,NULL,NULL,NULL,NULL,'rolex:168000',1,'2026-03-17 05:31:11.873','2026-03-17 05:31:11.873','2026-03-17 05:31:11.873'),(779,1,NULL,'16803','16803',NULL,NULL,NULL,NULL,NULL,NULL,NULL,NULL,NULL,NULL,NULL,NULL,'rolex:16803',1,'2026-03-17 05:31:11.876','2026-03-17 05:31:11.877','2026-03-17 05:31:11.877'),(780,1,NULL,'16808','16808',NULL,NULL,NULL,NULL,NULL,NULL,NULL,NULL,NULL,NULL,NULL,NULL,'rolex:16808',1,'2026-03-17 05:31:11.880','2026-03-17 05:31:11.880','2026-03-17 05:31:11.880'),(781,1,NULL,'168622','168622',NULL,NULL,NULL,NULL,NULL,NULL,NULL,NULL,NULL,NULL,NULL,NULL,'rolex:168622',1,'2026-03-17 05:31:11.883','2026-03-17 05:31:11.883','2026-03-17 05:31:11.883'),(782,1,NULL,'168623','168623',NULL,NULL,NULL,NULL,NULL,NULL,NULL,NULL,NULL,NULL,NULL,NULL,'rolex:168623',1,'2026-03-17 05:31:11.886','2026-03-17 05:31:11.886','2026-03-17 05:31:11.886'),(783,1,NULL,'169622','169622',NULL,NULL,NULL,NULL,NULL,NULL,NULL,NULL,NULL,NULL,NULL,NULL,'rolex:169622',1,'2026-03-17 05:31:11.889','2026-03-17 05:31:11.890','2026-03-17 05:31:11.890'),(784,1,NULL,'169623','169623',NULL,NULL,NULL,NULL,NULL,NULL,NULL,NULL,NULL,NULL,NULL,NULL,'rolex:169623',1,'2026-03-17 05:31:11.892','2026-03-17 05:31:11.893','2026-03-17 05:31:11.893'),(785,1,NULL,'17000','17000',NULL,NULL,NULL,NULL,NULL,NULL,NULL,NULL,NULL,NULL,NULL,NULL,'rolex:17000',1,'2026-03-17 05:31:11.896','2026-03-17 05:31:11.896','2026-03-17 05:31:11.896'),(786,1,NULL,'17013','17013',NULL,NULL,NULL,NULL,NULL,NULL,NULL,NULL,NULL,NULL,NULL,NULL,'rolex:17013',1,'2026-03-17 05:31:11.900','2026-03-17 05:31:11.901','2026-03-17 05:31:11.901'),(787,1,NULL,'17014','17014',NULL,NULL,NULL,NULL,NULL,NULL,NULL,NULL,NULL,NULL,NULL,NULL,'rolex:17014',1,'2026-03-17 05:31:11.903','2026-03-17 05:31:11.904','2026-03-17 05:31:11.904'),(788,1,NULL,'1710XXX','1710XXX',NULL,NULL,NULL,NULL,NULL,NULL,NULL,NULL,NULL,NULL,NULL,NULL,'rolex:1710XXX',1,'2026-03-17 05:31:11.906','2026-03-17 05:31:11.907','2026-03-17 05:31:11.907'),(789,1,NULL,'176200','176200',NULL,NULL,NULL,NULL,NULL,NULL,NULL,NULL,NULL,NULL,NULL,NULL,'rolex:176200',1,'2026-03-17 05:31:11.909','2026-03-17 05:31:11.910','2026-03-17 05:31:11.910'),(790,1,NULL,'176234','176234',NULL,NULL,NULL,NULL,NULL,NULL,NULL,NULL,NULL,NULL,NULL,NULL,'rolex:176234',1,'2026-03-17 05:31:11.913','2026-03-17 05:31:11.913','2026-03-17 05:31:11.913'),(791,1,NULL,'177200','177200',NULL,NULL,NULL,NULL,NULL,NULL,NULL,NULL,NULL,NULL,NULL,NULL,'rolex:177200',1,'2026-03-17 05:31:11.916','2026-03-17 05:31:11.916','2026-03-17 05:31:11.916'),(792,1,NULL,'178240','178240',NULL,NULL,NULL,NULL,NULL,NULL,NULL,NULL,NULL,NULL,NULL,NULL,'rolex:178240',1,'2026-03-17 05:31:11.919','2026-03-17 05:31:11.920','2026-03-17 05:31:11.920'),(793,1,NULL,'178241','178241',NULL,NULL,NULL,NULL,NULL,NULL,NULL,NULL,NULL,NULL,NULL,NULL,'rolex:178241',1,'2026-03-17 05:31:11.922','2026-03-17 05:31:11.923','2026-03-17 05:31:11.923'),(794,1,NULL,'178271','178271',NULL,NULL,NULL,NULL,NULL,NULL,NULL,NULL,NULL,NULL,NULL,NULL,'rolex:178271',1,'2026-03-17 05:31:11.926','2026-03-17 05:31:11.926','2026-03-17 05:31:11.926'),(795,1,NULL,'178273','178273',NULL,NULL,NULL,NULL,NULL,NULL,NULL,NULL,NULL,NULL,NULL,NULL,'rolex:178273',1,'2026-03-17 05:31:11.929','2026-03-17 05:31:11.930','2026-03-17 05:31:11.930'),(796,1,NULL,'178274','178274',NULL,NULL,NULL,NULL,NULL,NULL,NULL,NULL,NULL,NULL,NULL,NULL,'rolex:178274',1,'2026-03-17 05:31:11.932','2026-03-17 05:31:11.933','2026-03-17 05:31:11.933'),(797,1,NULL,'178278','178278',NULL,NULL,NULL,NULL,NULL,NULL,NULL,NULL,NULL,NULL,NULL,NULL,'rolex:178278',1,'2026-03-17 05:31:11.936','2026-03-17 05:31:11.936','2026-03-17 05:31:11.936'),(798,1,NULL,'178341','178341',NULL,NULL,NULL,NULL,NULL,NULL,NULL,NULL,NULL,NULL,NULL,NULL,'rolex:178341',1,'2026-03-17 05:31:11.939','2026-03-17 05:31:11.940','2026-03-17 05:31:11.940'),(799,1,NULL,'178383','178383',NULL,NULL,NULL,NULL,NULL,NULL,NULL,NULL,NULL,NULL,NULL,NULL,'rolex:178383',1,'2026-03-17 05:31:11.942','2026-03-17 05:31:11.943','2026-03-17 05:31:11.943'),(800,1,NULL,'178384','178384',NULL,NULL,NULL,NULL,NULL,NULL,NULL,NULL,NULL,NULL,NULL,NULL,'rolex:178384',1,'2026-03-17 05:31:11.946','2026-03-17 05:31:11.946','2026-03-17 05:31:11.946'),(801,1,NULL,'179138','179138',NULL,NULL,NULL,NULL,NULL,NULL,NULL,NULL,NULL,NULL,NULL,NULL,'rolex:179138',1,'2026-03-17 05:31:11.949','2026-03-17 05:31:11.950','2026-03-17 05:31:11.950'),(802,1,NULL,'179158','179158',NULL,NULL,NULL,NULL,NULL,NULL,NULL,NULL,NULL,NULL,NULL,NULL,'rolex:179158',1,'2026-03-17 05:31:11.952','2026-03-17 05:31:11.953','2026-03-17 05:31:11.953'),(803,1,NULL,'179160','179160',NULL,NULL,NULL,NULL,NULL,NULL,NULL,NULL,NULL,NULL,NULL,NULL,'rolex:179160',1,'2026-03-17 05:31:11.956','2026-03-17 05:31:11.956','2026-03-17 05:31:11.956'),(804,1,NULL,'179161','179161',NULL,NULL,NULL,NULL,NULL,NULL,NULL,NULL,NULL,NULL,NULL,NULL,'rolex:179161',1,'2026-03-17 05:31:11.960','2026-03-17 05:31:11.960','2026-03-17 05:31:11.960'),(805,1,NULL,'179163','179163',NULL,NULL,NULL,NULL,NULL,NULL,NULL,NULL,NULL,NULL,NULL,NULL,'rolex:179163',1,'2026-03-17 05:31:11.965','2026-03-17 05:31:11.965','2026-03-17 05:31:11.965'),(806,1,NULL,'179171','179171',NULL,NULL,NULL,NULL,NULL,NULL,NULL,NULL,NULL,NULL,NULL,NULL,'rolex:179171',1,'2026-03-17 05:31:11.968','2026-03-17 05:31:11.969','2026-03-17 05:31:11.969'),(807,1,NULL,'179173','179173',NULL,NULL,NULL,NULL,NULL,NULL,NULL,NULL,NULL,NULL,NULL,NULL,'rolex:179173',1,'2026-03-17 05:31:11.972','2026-03-17 05:31:11.973','2026-03-17 05:31:11.973'),(808,1,NULL,'179174','179174',NULL,NULL,NULL,NULL,NULL,NULL,NULL,NULL,NULL,NULL,NULL,NULL,'rolex:179174',1,'2026-03-17 05:31:11.975','2026-03-17 05:31:11.976','2026-03-17 05:31:11.976'),(809,1,NULL,'179178','179178',NULL,NULL,NULL,NULL,NULL,NULL,NULL,NULL,NULL,NULL,NULL,NULL,'rolex:179178',1,'2026-03-17 05:31:11.979','2026-03-17 05:31:11.980','2026-03-17 05:31:11.980'),(810,1,NULL,'179313','179313',NULL,NULL,NULL,NULL,NULL,NULL,NULL,NULL,NULL,NULL,NULL,NULL,'rolex:179313',1,'2026-03-17 05:31:11.982','2026-03-17 05:31:11.983','2026-03-17 05:31:11.983'),(811,1,NULL,'179383','179383',NULL,NULL,NULL,NULL,NULL,NULL,NULL,NULL,NULL,NULL,NULL,NULL,'rolex:179383',1,'2026-03-17 05:31:11.985','2026-03-17 05:31:11.986','2026-03-17 05:31:11.986'),(812,1,NULL,'1802','1802',NULL,NULL,NULL,NULL,NULL,NULL,NULL,NULL,NULL,NULL,NULL,NULL,'rolex:1802',1,'2026-03-17 05:31:11.988','2026-03-17 05:31:11.989','2026-03-17 05:31:11.989'),(813,1,NULL,'1803','1803',NULL,NULL,NULL,NULL,NULL,NULL,NULL,NULL,NULL,NULL,NULL,NULL,'rolex:1803',1,'2026-03-17 05:31:11.992','2026-03-17 05:31:11.992','2026-03-17 05:31:11.992'),(814,1,NULL,'18038','18038',NULL,NULL,NULL,NULL,NULL,NULL,NULL,NULL,NULL,NULL,NULL,NULL,'rolex:18038',1,'2026-03-17 05:31:11.995','2026-03-17 05:31:11.995','2026-03-17 05:31:11.995'),(815,1,NULL,'18039','18039',NULL,NULL,NULL,NULL,NULL,NULL,NULL,NULL,NULL,NULL,NULL,NULL,'rolex:18039',1,'2026-03-17 05:31:11.998','2026-03-17 05:31:11.999','2026-03-17 05:31:11.999'),(816,1,NULL,'18048','18048',NULL,NULL,NULL,NULL,NULL,NULL,NULL,NULL,NULL,NULL,NULL,NULL,'rolex:18048',1,'2026-03-17 05:31:12.002','2026-03-17 05:31:12.003','2026-03-17 05:31:12.003'),(817,1,NULL,'18078','18078',NULL,NULL,NULL,NULL,NULL,NULL,NULL,NULL,NULL,NULL,NULL,NULL,'rolex:18078',1,'2026-03-17 05:31:12.005','2026-03-17 05:31:12.006','2026-03-17 05:31:12.006'),(818,1,NULL,'18238','18238',NULL,NULL,NULL,NULL,NULL,NULL,NULL,NULL,NULL,NULL,NULL,NULL,'rolex:18238',1,'2026-03-17 05:31:12.009','2026-03-17 05:31:12.010','2026-03-17 05:31:12.010'),(819,1,NULL,'18238A','18238A',NULL,NULL,NULL,NULL,NULL,NULL,NULL,NULL,NULL,NULL,NULL,NULL,'rolex:18238A',1,'2026-03-17 05:31:12.012','2026-03-17 05:31:12.013','2026-03-17 05:31:12.013'),(820,1,NULL,'18239','18239',NULL,NULL,NULL,NULL,NULL,NULL,NULL,NULL,NULL,NULL,NULL,NULL,'rolex:18239',1,'2026-03-17 05:31:12.015','2026-03-17 05:31:12.016','2026-03-17 05:31:12.016'),(821,1,NULL,'18239B','18239B',NULL,NULL,NULL,NULL,NULL,NULL,NULL,NULL,NULL,NULL,NULL,NULL,'rolex:18239B',1,'2026-03-17 05:31:12.019','2026-03-17 05:31:12.019','2026-03-17 05:31:12.019'),(822,1,NULL,'18239BIC','18239BIC',NULL,NULL,NULL,NULL,NULL,NULL,NULL,NULL,NULL,NULL,NULL,NULL,'rolex:18239BIC',1,'2026-03-17 05:31:12.022','2026-03-17 05:31:12.022','2026-03-17 05:31:12.022'),(823,1,NULL,'18248','18248',NULL,NULL,NULL,NULL,NULL,NULL,NULL,NULL,NULL,NULL,NULL,NULL,'rolex:18248',1,'2026-03-17 05:31:12.025','2026-03-17 05:31:12.026','2026-03-17 05:31:12.026'),(824,1,NULL,'18348','18348',NULL,NULL,NULL,NULL,NULL,NULL,NULL,NULL,NULL,NULL,NULL,NULL,'rolex:18348',1,'2026-03-17 05:31:12.029','2026-03-17 05:31:12.029','2026-03-17 05:31:12.029'),(825,1,NULL,'18388','18388',NULL,NULL,NULL,NULL,NULL,NULL,NULL,NULL,NULL,NULL,NULL,NULL,'rolex:18388',1,'2026-03-17 05:31:12.032','2026-03-17 05:31:12.032','2026-03-17 05:31:12.032'),(826,1,NULL,'18946','18946',NULL,NULL,NULL,NULL,NULL,NULL,NULL,NULL,NULL,NULL,NULL,NULL,'rolex:18946',1,'2026-03-17 05:31:12.035','2026-03-17 05:31:12.035','2026-03-17 05:31:12.035'),(827,1,NULL,'18948','18948',NULL,NULL,NULL,NULL,NULL,NULL,NULL,NULL,NULL,NULL,NULL,NULL,'rolex:18948',1,'2026-03-17 05:31:12.039','2026-03-17 05:31:12.040','2026-03-17 05:31:12.040'),(828,1,NULL,'18956','18956',NULL,NULL,NULL,NULL,NULL,NULL,NULL,NULL,NULL,NULL,NULL,NULL,'rolex:18956',1,'2026-03-17 05:31:12.043','2026-03-17 05:31:12.044','2026-03-17 05:31:12.044'),(829,1,NULL,'19018','19018',NULL,NULL,NULL,NULL,NULL,NULL,NULL,NULL,NULL,NULL,NULL,NULL,'rolex:19018',1,'2026-03-17 05:31:12.047','2026-03-17 05:31:12.047','2026-03-17 05:31:12.047'),(830,1,NULL,'214270','214270',NULL,NULL,NULL,NULL,NULL,NULL,NULL,NULL,NULL,NULL,NULL,NULL,'rolex:214270',1,'2026-03-17 05:31:12.050','2026-03-17 05:31:12.051','2026-03-17 05:31:12.051'),(831,1,NULL,'216570','216570',NULL,NULL,NULL,NULL,NULL,NULL,NULL,NULL,NULL,NULL,NULL,NULL,'rolex:216570',1,'2026-03-17 05:31:12.054','2026-03-17 05:31:12.054','2026-03-17 05:31:12.054'),(832,1,NULL,'218206','218206',NULL,NULL,NULL,NULL,NULL,NULL,NULL,NULL,NULL,NULL,NULL,NULL,'rolex:218206',1,'2026-03-17 05:31:12.057','2026-03-17 05:31:12.057','2026-03-17 05:31:12.057'),(833,1,NULL,'218235','218235',NULL,NULL,NULL,NULL,NULL,NULL,NULL,NULL,NULL,NULL,NULL,NULL,'rolex:218235',1,'2026-03-17 05:31:12.061','2026-03-17 05:31:12.061','2026-03-17 05:31:12.061'),(834,1,NULL,'218238','218238',NULL,NULL,NULL,NULL,NULL,NULL,NULL,NULL,NULL,NULL,NULL,NULL,'rolex:218238',1,'2026-03-17 05:31:12.064','2026-03-17 05:31:12.064','2026-03-17 05:31:12.064'),(835,1,NULL,'218239','218239',NULL,NULL,NULL,NULL,NULL,NULL,NULL,NULL,NULL,NULL,NULL,NULL,'rolex:218239',1,'2026-03-17 05:31:12.067','2026-03-17 05:31:12.067','2026-03-17 05:31:12.067'),(836,1,NULL,'224270','224270',NULL,NULL,NULL,NULL,NULL,NULL,NULL,NULL,NULL,NULL,NULL,NULL,'rolex:224270',1,'2026-03-17 05:31:12.070','2026-03-17 05:31:12.071','2026-03-17 05:31:12.071'),(837,1,NULL,'226570','226570',NULL,NULL,NULL,NULL,NULL,NULL,NULL,NULL,NULL,NULL,NULL,NULL,'rolex:226570',1,'2026-03-17 05:31:12.074','2026-03-17 05:31:12.075','2026-03-17 05:31:12.075'),(838,1,NULL,'226627','226627',NULL,NULL,NULL,NULL,NULL,NULL,NULL,NULL,NULL,NULL,NULL,NULL,'rolex:226627',1,'2026-03-17 05:31:12.077','2026-03-17 05:31:12.078','2026-03-17 05:31:12.078'),(839,1,NULL,'226658','226658',NULL,NULL,NULL,NULL,NULL,NULL,NULL,NULL,NULL,NULL,NULL,NULL,'rolex:226658',1,'2026-03-17 05:31:12.080','2026-03-17 05:31:12.081','2026-03-17 05:31:12.081'),(840,1,NULL,'226659','226659',NULL,NULL,NULL,NULL,NULL,NULL,NULL,NULL,NULL,NULL,NULL,NULL,'rolex:226659',1,'2026-03-17 05:31:12.084','2026-03-17 05:31:12.084','2026-03-17 05:31:12.084'),(841,1,NULL,'228235','228235',NULL,NULL,NULL,NULL,NULL,NULL,NULL,NULL,NULL,NULL,NULL,NULL,'rolex:228235',1,'2026-03-17 05:31:12.087','2026-03-17 05:31:12.087','2026-03-17 05:31:12.087'),(842,1,NULL,'228238','228238',NULL,NULL,NULL,NULL,NULL,NULL,NULL,NULL,NULL,NULL,NULL,NULL,'rolex:228238',1,'2026-03-17 05:31:12.090','2026-03-17 05:31:12.090','2026-03-17 05:31:12.090'),(843,1,NULL,'228239','228239',NULL,NULL,NULL,NULL,NULL,NULL,NULL,NULL,NULL,NULL,NULL,NULL,'rolex:228239',1,'2026-03-17 05:31:12.093','2026-03-17 05:31:12.094','2026-03-17 05:31:12.094'),(844,1,NULL,'228345','228345',NULL,NULL,NULL,NULL,NULL,NULL,NULL,NULL,NULL,NULL,NULL,NULL,'rolex:228345',1,'2026-03-17 05:31:12.097','2026-03-17 05:31:12.098','2026-03-17 05:31:12.098'),(845,1,NULL,'228345RBR','228345RBR',NULL,NULL,NULL,NULL,NULL,NULL,NULL,NULL,NULL,NULL,NULL,NULL,'rolex:228345RBR',1,'2026-03-17 05:31:12.100','2026-03-17 05:31:12.101','2026-03-17 05:31:12.101'),(846,1,NULL,'228348RBR','228348RBR',NULL,NULL,NULL,NULL,NULL,NULL,NULL,NULL,NULL,NULL,NULL,NULL,'rolex:228348RBR',1,'2026-03-17 05:31:12.104','2026-03-17 05:31:12.104','2026-03-17 05:31:12.104'),(847,1,NULL,'228349RBR','228349RBR',NULL,NULL,NULL,NULL,NULL,NULL,NULL,NULL,NULL,NULL,NULL,NULL,'rolex:228349RBR',1,'2026-03-17 05:31:12.107','2026-03-17 05:31:12.108','2026-03-17 05:31:12.108'),(848,1,NULL,'228396TBR','228396TBR',NULL,NULL,NULL,NULL,NULL,NULL,NULL,NULL,NULL,NULL,NULL,NULL,'rolex:228396TBR',1,'2026-03-17 05:31:12.110','2026-03-17 05:31:12.111','2026-03-17 05:31:12.111'),(849,1,NULL,'228396TEM','228396TEM',NULL,NULL,NULL,NULL,NULL,NULL,NULL,NULL,NULL,NULL,NULL,NULL,'rolex:228396TEM',1,'2026-03-17 05:31:12.113','2026-03-17 05:31:12.114','2026-03-17 05:31:12.114'),(850,1,NULL,'228398TBR','228398TBR',NULL,NULL,NULL,NULL,NULL,NULL,NULL,NULL,NULL,NULL,NULL,NULL,'rolex:228398TBR',1,'2026-03-17 05:31:12.116','2026-03-17 05:31:12.117','2026-03-17 05:31:12.117'),(851,1,NULL,'268621','268621',NULL,NULL,NULL,NULL,NULL,NULL,NULL,NULL,NULL,NULL,NULL,NULL,'rolex:268621',1,'2026-03-17 05:31:12.120','2026-03-17 05:31:12.121','2026-03-17 05:31:12.121'),(852,1,NULL,'268622','268622',NULL,NULL,NULL,NULL,NULL,NULL,NULL,NULL,NULL,NULL,NULL,NULL,'rolex:268622',1,'2026-03-17 05:31:12.123','2026-03-17 05:31:12.124','2026-03-17 05:31:12.124'),(853,1,NULL,'268655','268655',NULL,NULL,NULL,NULL,NULL,NULL,NULL,NULL,NULL,NULL,NULL,NULL,'rolex:268655',1,'2026-03-17 05:31:12.127','2026-03-17 05:31:12.128','2026-03-17 05:31:12.128'),(854,1,NULL,'276200','276200',NULL,NULL,NULL,NULL,NULL,NULL,NULL,NULL,NULL,NULL,NULL,NULL,'rolex:276200',1,'2026-03-17 05:31:12.130','2026-03-17 05:31:12.131','2026-03-17 05:31:12.131'),(855,1,NULL,'277200','277200',NULL,NULL,NULL,NULL,NULL,NULL,NULL,NULL,NULL,NULL,NULL,NULL,'rolex:277200',1,'2026-03-17 05:31:12.133','2026-03-17 05:31:12.134','2026-03-17 05:31:12.134'),(856,1,NULL,'278240','278240',NULL,NULL,NULL,NULL,NULL,NULL,NULL,NULL,NULL,NULL,NULL,NULL,'rolex:278240',1,'2026-03-17 05:31:12.136','2026-03-17 05:31:12.137','2026-03-17 05:31:12.137'),(857,1,NULL,'278243','278243',NULL,NULL,NULL,NULL,NULL,NULL,NULL,NULL,NULL,NULL,NULL,NULL,'rolex:278243',1,'2026-03-17 05:31:12.140','2026-03-17 05:31:12.140','2026-03-17 05:31:12.140'),(858,1,NULL,'278271','278271',NULL,NULL,NULL,NULL,NULL,NULL,NULL,NULL,NULL,NULL,NULL,NULL,'rolex:278271',1,'2026-03-17 05:31:12.144','2026-03-17 05:31:12.144','2026-03-17 05:31:12.144'),(859,1,NULL,'278273','278273',NULL,NULL,NULL,NULL,NULL,NULL,NULL,NULL,NULL,NULL,NULL,NULL,'rolex:278273',1,'2026-03-17 05:31:12.147','2026-03-17 05:31:12.148','2026-03-17 05:31:12.148'),(860,1,NULL,'278274','278274',NULL,NULL,NULL,NULL,NULL,NULL,NULL,NULL,NULL,NULL,NULL,NULL,'rolex:278274',1,'2026-03-17 05:31:12.150','2026-03-17 05:31:12.151','2026-03-17 05:31:12.151'),(861,1,NULL,'278275','278275',NULL,NULL,NULL,NULL,NULL,NULL,NULL,NULL,NULL,NULL,NULL,NULL,'rolex:278275',1,'2026-03-17 05:31:12.154','2026-03-17 05:31:12.155','2026-03-17 05:31:12.155'),(862,1,NULL,'278278','278278',NULL,NULL,NULL,NULL,NULL,NULL,NULL,NULL,NULL,NULL,NULL,NULL,'rolex:278278',1,'2026-03-17 05:31:12.158','2026-03-17 05:31:12.158','2026-03-17 05:31:12.158'),(863,1,NULL,'278288RBR','278288RBR',NULL,NULL,NULL,NULL,NULL,NULL,NULL,NULL,NULL,NULL,NULL,NULL,'rolex:278288RBR',1,'2026-03-17 05:31:12.161','2026-03-17 05:31:12.162','2026-03-17 05:31:12.162'),(864,1,NULL,'278343RBR','278343RBR',NULL,NULL,NULL,NULL,NULL,NULL,NULL,NULL,NULL,NULL,NULL,NULL,'rolex:278343RBR',1,'2026-03-17 05:31:12.164','2026-03-17 05:31:12.165','2026-03-17 05:31:12.165'),(865,1,NULL,'278344RBR','278344RBR',NULL,NULL,NULL,NULL,NULL,NULL,NULL,NULL,NULL,NULL,NULL,NULL,'rolex:278344RBR',1,'2026-03-17 05:31:12.168','2026-03-17 05:31:12.168','2026-03-17 05:31:12.168'),(866,1,NULL,'278381RBR','278381RBR',NULL,NULL,NULL,NULL,NULL,NULL,NULL,NULL,NULL,NULL,NULL,NULL,'rolex:278381RBR',1,'2026-03-17 05:31:12.171','2026-03-17 05:31:12.171','2026-03-17 05:31:12.171'),(867,1,NULL,'278383RBR','278383RBR',NULL,NULL,NULL,NULL,NULL,NULL,NULL,NULL,NULL,NULL,NULL,NULL,'rolex:278383RBR',1,'2026-03-17 05:31:12.174','2026-03-17 05:31:12.175','2026-03-17 05:31:12.175'),(868,1,NULL,'278384RBR','278384RBR',NULL,NULL,NULL,NULL,NULL,NULL,NULL,NULL,NULL,NULL,NULL,NULL,'rolex:278384RBR',1,'2026-03-17 05:31:12.177','2026-03-17 05:31:12.178','2026-03-17 05:31:12.178'),(869,1,NULL,'279138RBR','279138RBR',NULL,NULL,NULL,NULL,NULL,NULL,NULL,NULL,NULL,NULL,NULL,NULL,'rolex:279138RBR',1,'2026-03-17 05:31:12.180','2026-03-17 05:31:12.181','2026-03-17 05:31:12.181'),(870,1,NULL,'279160','279160',NULL,NULL,NULL,NULL,NULL,NULL,NULL,NULL,NULL,NULL,NULL,NULL,'rolex:279160',1,'2026-03-17 05:31:12.183','2026-03-17 05:31:12.184','2026-03-17 05:31:12.184'),(871,1,NULL,'279163','279163',NULL,NULL,NULL,NULL,NULL,NULL,NULL,NULL,NULL,NULL,NULL,NULL,'rolex:279163',1,'2026-03-17 05:31:12.187','2026-03-17 05:31:12.187','2026-03-17 05:31:12.187'),(872,1,NULL,'279171','279171',NULL,NULL,NULL,NULL,NULL,NULL,NULL,NULL,NULL,NULL,NULL,NULL,'rolex:279171',1,'2026-03-17 05:31:12.190','2026-03-17 05:31:12.190','2026-03-17 05:31:12.190'),(873,1,NULL,'279173','279173',NULL,NULL,NULL,NULL,NULL,NULL,NULL,NULL,NULL,NULL,NULL,NULL,'rolex:279173',1,'2026-03-17 05:31:12.193','2026-03-17 05:31:12.193','2026-03-17 05:31:12.193'),(874,1,NULL,'279174','279174',NULL,NULL,NULL,NULL,NULL,NULL,NULL,NULL,NULL,NULL,NULL,NULL,'rolex:279174',1,'2026-03-17 05:31:12.196','2026-03-17 05:31:12.197','2026-03-17 05:31:12.197'),(875,1,NULL,'279175','279175',NULL,NULL,NULL,NULL,NULL,NULL,NULL,NULL,NULL,NULL,NULL,NULL,'rolex:279175',1,'2026-03-17 05:31:12.200','2026-03-17 05:31:12.200','2026-03-17 05:31:12.200'),(876,1,NULL,'279381RBR','279381RBR',NULL,NULL,NULL,NULL,NULL,NULL,NULL,NULL,NULL,NULL,NULL,NULL,'rolex:279381RBR',1,'2026-03-17 05:31:12.203','2026-03-17 05:31:12.204','2026-03-17 05:31:12.204'),(877,1,NULL,'279383','279383',NULL,NULL,NULL,NULL,NULL,NULL,NULL,NULL,NULL,NULL,NULL,NULL,'rolex:279383',1,'2026-03-17 05:31:12.206','2026-03-17 05:31:12.207','2026-03-17 05:31:12.207'),(878,1,NULL,'279383RBR','279383RBR',NULL,NULL,NULL,NULL,NULL,NULL,NULL,NULL,NULL,NULL,NULL,NULL,'rolex:279383RBR',1,'2026-03-17 05:31:12.210','2026-03-17 05:31:12.210','2026-03-17 05:31:12.210'),(879,1,NULL,'279384RBR','279384RBR',NULL,NULL,NULL,NULL,NULL,NULL,NULL,NULL,NULL,NULL,NULL,NULL,'rolex:279384RBR',1,'2026-03-17 05:31:12.213','2026-03-17 05:31:12.213','2026-03-17 05:31:12.213'),(880,1,NULL,'326135','326135',NULL,NULL,NULL,NULL,NULL,NULL,NULL,NULL,NULL,NULL,NULL,NULL,'rolex:326135',1,'2026-03-17 05:31:12.216','2026-03-17 05:31:12.216','2026-03-17 05:31:12.216'),(881,1,NULL,'326139','326139',NULL,NULL,NULL,NULL,NULL,NULL,NULL,NULL,NULL,NULL,NULL,NULL,'rolex:326139',1,'2026-03-17 05:31:12.219','2026-03-17 05:31:12.220','2026-03-17 05:31:12.220'),(882,1,NULL,'326235','326235',NULL,NULL,NULL,NULL,NULL,NULL,NULL,NULL,NULL,NULL,NULL,NULL,'rolex:326235',1,'2026-03-17 05:31:12.222','2026-03-17 05:31:12.223','2026-03-17 05:31:12.223'),(883,1,NULL,'326238','326238',NULL,NULL,NULL,NULL,NULL,NULL,NULL,NULL,NULL,NULL,NULL,NULL,'rolex:326238',1,'2026-03-17 05:31:12.226','2026-03-17 05:31:12.226','2026-03-17 05:31:12.226'),(884,1,NULL,'326933','326933',NULL,NULL,NULL,NULL,NULL,NULL,NULL,NULL,NULL,NULL,NULL,NULL,'rolex:326933',1,'2026-03-17 05:31:12.229','2026-03-17 05:31:12.230','2026-03-17 05:31:12.230'),(885,1,NULL,'326934','326934',NULL,NULL,NULL,NULL,NULL,NULL,NULL,NULL,NULL,NULL,NULL,NULL,'rolex:326934',1,'2026-03-17 05:31:12.233','2026-03-17 05:31:12.233','2026-03-17 05:31:12.233'),(886,1,NULL,'326935','326935',NULL,NULL,NULL,NULL,NULL,NULL,NULL,NULL,NULL,NULL,NULL,NULL,'rolex:326935',1,'2026-03-17 05:31:12.236','2026-03-17 05:31:12.236','2026-03-17 05:31:12.236'),(887,1,NULL,'326938','326938',NULL,NULL,NULL,NULL,NULL,NULL,NULL,NULL,NULL,NULL,NULL,NULL,'rolex:326938',1,'2026-03-17 05:31:12.239','2026-03-17 05:31:12.240','2026-03-17 05:31:12.240'),(888,1,NULL,'326939','326939',NULL,NULL,NULL,NULL,NULL,NULL,NULL,NULL,NULL,NULL,NULL,NULL,'rolex:326939',1,'2026-03-17 05:31:12.243','2026-03-17 05:31:12.243','2026-03-17 05:31:12.243'),(889,1,NULL,'336235','336235',NULL,NULL,NULL,NULL,NULL,NULL,NULL,NULL,NULL,NULL,NULL,NULL,'rolex:336235',1,'2026-03-17 05:31:12.246','2026-03-17 05:31:12.246','2026-03-17 05:31:12.246'),(890,1,NULL,'336238','336238',NULL,NULL,NULL,NULL,NULL,NULL,NULL,NULL,NULL,NULL,NULL,NULL,'rolex:336238',1,'2026-03-17 05:31:12.249','2026-03-17 05:31:12.250','2026-03-17 05:31:12.250'),(891,1,NULL,'336239','336239',NULL,NULL,NULL,NULL,NULL,NULL,NULL,NULL,NULL,NULL,NULL,NULL,'rolex:336239',1,'2026-03-17 05:31:12.253','2026-03-17 05:31:12.254','2026-03-17 05:31:12.254'),(892,1,NULL,'336933','336933',NULL,NULL,NULL,NULL,NULL,NULL,NULL,NULL,NULL,NULL,NULL,NULL,'rolex:336933',1,'2026-03-17 05:31:12.257','2026-03-17 05:31:12.258','2026-03-17 05:31:12.258'),(893,1,NULL,'336934','336934',NULL,NULL,NULL,NULL,NULL,NULL,NULL,NULL,NULL,NULL,NULL,NULL,'rolex:336934',1,'2026-03-17 05:31:12.261','2026-03-17 05:31:12.262','2026-03-17 05:31:12.262'),(894,1,NULL,'336938','336938',NULL,NULL,NULL,NULL,NULL,NULL,NULL,NULL,NULL,NULL,NULL,NULL,'rolex:336938',1,'2026-03-17 05:31:12.268','2026-03-17 05:31:12.268','2026-03-17 05:31:12.268'),(895,1,NULL,'3372','3372',NULL,NULL,NULL,NULL,NULL,NULL,NULL,NULL,NULL,NULL,NULL,NULL,'rolex:3372',1,'2026-03-17 05:31:12.271','2026-03-17 05:31:12.272','2026-03-17 05:31:12.272'),(896,1,NULL,'4016','4016',NULL,NULL,NULL,NULL,NULL,NULL,NULL,NULL,NULL,NULL,NULL,NULL,'rolex:4016',1,'2026-03-17 05:31:12.275','2026-03-17 05:31:12.276','2026-03-17 05:31:12.276'),(897,1,NULL,'4233','4233',NULL,NULL,NULL,NULL,NULL,NULL,NULL,NULL,NULL,NULL,NULL,NULL,'rolex:4233',1,'2026-03-17 05:31:12.279','2026-03-17 05:31:12.280','2026-03-17 05:31:12.280'),(898,1,NULL,'50509','50509',NULL,NULL,NULL,NULL,NULL,NULL,NULL,NULL,NULL,NULL,NULL,NULL,'rolex:50509',1,'2026-03-17 05:31:12.282','2026-03-17 05:31:12.283','2026-03-17 05:31:12.283'),(899,1,NULL,'50519','50519',NULL,NULL,NULL,NULL,NULL,NULL,NULL,NULL,NULL,NULL,NULL,NULL,'rolex:50519',1,'2026-03-17 05:31:12.286','2026-03-17 05:31:12.287','2026-03-17 05:31:12.287'),(900,1,NULL,'50529','50529',NULL,NULL,NULL,NULL,NULL,NULL,NULL,NULL,NULL,NULL,NULL,NULL,'rolex:50529',1,'2026-03-17 05:31:12.291','2026-03-17 05:31:12.292','2026-03-17 05:31:12.292'),(901,1,NULL,'50535','50535',NULL,NULL,NULL,NULL,NULL,NULL,NULL,NULL,NULL,NULL,NULL,NULL,'rolex:50535',1,'2026-03-17 05:31:12.296','2026-03-17 05:31:12.296','2026-03-17 05:31:12.296'),(902,1,NULL,'50605RBR','50605RBR',NULL,NULL,NULL,NULL,NULL,NULL,NULL,NULL,NULL,NULL,NULL,NULL,'rolex:50605RBR',1,'2026-03-17 05:31:12.300','2026-03-17 05:31:12.301','2026-03-17 05:31:12.301'),(903,1,NULL,'5115','5115',NULL,NULL,NULL,NULL,NULL,NULL,NULL,NULL,NULL,NULL,NULL,NULL,'rolex:5115',1,'2026-03-17 05:31:12.303','2026-03-17 05:31:12.304','2026-03-17 05:31:12.304'),(904,1,NULL,'5116','5116',NULL,NULL,NULL,NULL,NULL,NULL,NULL,NULL,NULL,NULL,NULL,NULL,'rolex:5116',1,'2026-03-17 05:31:12.307','2026-03-17 05:31:12.308','2026-03-17 05:31:12.308'),(905,1,NULL,'52508','52508',NULL,NULL,NULL,NULL,NULL,NULL,NULL,NULL,NULL,NULL,NULL,NULL,'rolex:52508',1,'2026-03-17 05:31:12.311','2026-03-17 05:31:12.312','2026-03-17 05:31:12.312'),(906,1,NULL,'52509','52509',NULL,NULL,NULL,NULL,NULL,NULL,NULL,NULL,NULL,NULL,NULL,NULL,'rolex:52509',1,'2026-03-17 05:31:12.316','2026-03-17 05:31:12.316','2026-03-17 05:31:12.316'),(907,1,NULL,'5500','5500',NULL,NULL,NULL,NULL,NULL,NULL,NULL,NULL,NULL,NULL,NULL,NULL,'rolex:5500',1,'2026-03-17 05:31:12.320','2026-03-17 05:31:12.320','2026-03-17 05:31:12.320'),(908,1,NULL,'5512','5512',NULL,NULL,NULL,NULL,NULL,NULL,NULL,NULL,NULL,NULL,NULL,NULL,'rolex:5512',1,'2026-03-17 05:31:12.324','2026-03-17 05:31:12.324','2026-03-17 05:31:12.324'),(909,1,NULL,'5700','5700',NULL,NULL,NULL,NULL,NULL,NULL,NULL,NULL,NULL,NULL,NULL,NULL,'rolex:5700',1,'2026-03-17 05:31:12.327','2026-03-17 05:31:12.328','2026-03-17 05:31:12.328'),(910,1,NULL,'6105','6105',NULL,NULL,NULL,NULL,NULL,NULL,NULL,NULL,NULL,NULL,NULL,NULL,'rolex:6105',1,'2026-03-17 05:31:12.331','2026-03-17 05:31:12.332','2026-03-17 05:31:12.332'),(911,1,NULL,'6239','6239',NULL,NULL,NULL,NULL,NULL,NULL,NULL,NULL,NULL,NULL,NULL,NULL,'rolex:6239',1,'2026-03-17 05:31:12.334','2026-03-17 05:31:12.335','2026-03-17 05:31:12.335'),(912,1,NULL,'6263','6263',NULL,NULL,NULL,NULL,NULL,NULL,NULL,NULL,NULL,NULL,NULL,NULL,'rolex:6263',1,'2026-03-17 05:31:12.338','2026-03-17 05:31:12.338','2026-03-17 05:31:12.338'),(913,1,NULL,'6265','6265',NULL,NULL,NULL,NULL,NULL,NULL,NULL,NULL,NULL,NULL,NULL,NULL,'rolex:6265',1,'2026-03-17 05:31:12.341','2026-03-17 05:31:12.341','2026-03-17 05:31:12.341'),(914,1,NULL,'6426','6426',NULL,NULL,NULL,NULL,NULL,NULL,NULL,NULL,NULL,NULL,NULL,NULL,'rolex:6426',1,'2026-03-17 05:31:12.344','2026-03-17 05:31:12.345','2026-03-17 05:31:12.345'),(915,1,NULL,'6466','6466',NULL,NULL,NULL,NULL,NULL,NULL,NULL,NULL,NULL,NULL,NULL,NULL,'rolex:6466',1,'2026-03-17 05:31:12.348','2026-03-17 05:31:12.348','2026-03-17 05:31:12.348'),(916,1,NULL,'6517','6517',NULL,NULL,NULL,NULL,NULL,NULL,NULL,NULL,NULL,NULL,NULL,NULL,'rolex:6517',1,'2026-03-17 05:31:12.351','2026-03-17 05:31:12.352','2026-03-17 05:31:12.352'),(917,1,NULL,'6605','6605',NULL,NULL,NULL,NULL,NULL,NULL,NULL,NULL,NULL,NULL,NULL,NULL,'rolex:6605',1,'2026-03-17 05:31:12.355','2026-03-17 05:31:12.355','2026-03-17 05:31:12.355'),(918,1,NULL,'6618','6618',NULL,NULL,NULL,NULL,NULL,NULL,NULL,NULL,NULL,NULL,NULL,NULL,'rolex:6618',1,'2026-03-17 05:31:12.358','2026-03-17 05:31:12.359','2026-03-17 05:31:12.359'),(919,1,NULL,'6623','6623',NULL,NULL,NULL,NULL,NULL,NULL,NULL,NULL,NULL,NULL,NULL,NULL,'rolex:6623',1,'2026-03-17 05:31:12.362','2026-03-17 05:31:12.362','2026-03-17 05:31:12.362'),(920,1,NULL,'6694','6694',NULL,NULL,NULL,NULL,NULL,NULL,NULL,NULL,NULL,NULL,NULL,NULL,'rolex:6694',1,'2026-03-17 05:31:12.365','2026-03-17 05:31:12.366','2026-03-17 05:31:12.366'),(921,1,NULL,'6718','6718',NULL,NULL,NULL,NULL,NULL,NULL,NULL,NULL,NULL,NULL,NULL,NULL,'rolex:6718',1,'2026-03-17 05:31:12.369','2026-03-17 05:31:12.369','2026-03-17 05:31:12.369'),(922,1,NULL,'67180','67180',NULL,NULL,NULL,NULL,NULL,NULL,NULL,NULL,NULL,NULL,NULL,NULL,'rolex:67180',1,'2026-03-17 05:31:12.372','2026-03-17 05:31:12.373','2026-03-17 05:31:12.373'),(923,1,NULL,'6719','6719',NULL,NULL,NULL,NULL,NULL,NULL,NULL,NULL,NULL,NULL,NULL,NULL,'rolex:6719',1,'2026-03-17 05:31:12.375','2026-03-17 05:31:12.376','2026-03-17 05:31:12.376'),(924,1,NULL,'67193','67193',NULL,NULL,NULL,NULL,NULL,NULL,NULL,NULL,NULL,NULL,NULL,NULL,'rolex:67193',1,'2026-03-17 05:31:12.382','2026-03-17 05:31:12.382','2026-03-17 05:31:12.382'),(925,1,NULL,'67480','67480',NULL,NULL,NULL,NULL,NULL,NULL,NULL,NULL,NULL,NULL,NULL,NULL,'rolex:67480',1,'2026-03-17 05:31:12.385','2026-03-17 05:31:12.386','2026-03-17 05:31:12.386'),(926,1,NULL,'6824','6824',NULL,NULL,NULL,NULL,NULL,NULL,NULL,NULL,NULL,NULL,NULL,NULL,'rolex:6824',1,'2026-03-17 05:31:12.389','2026-03-17 05:31:12.390','2026-03-17 05:31:12.390'),(927,1,NULL,'68240','68240',NULL,NULL,NULL,NULL,NULL,NULL,NULL,NULL,NULL,NULL,NULL,NULL,'rolex:68240',1,'2026-03-17 05:31:12.392','2026-03-17 05:31:12.393','2026-03-17 05:31:12.393'),(928,1,NULL,'68243','68243',NULL,NULL,NULL,NULL,NULL,NULL,NULL,NULL,NULL,NULL,NULL,NULL,'rolex:68243',1,'2026-03-17 05:31:12.395','2026-03-17 05:31:12.396','2026-03-17 05:31:12.396'),(929,1,NULL,'6827','6827',NULL,NULL,NULL,NULL,NULL,NULL,NULL,NULL,NULL,NULL,NULL,NULL,'rolex:6827',1,'2026-03-17 05:31:12.399','2026-03-17 05:31:12.400','2026-03-17 05:31:12.400'),(930,1,NULL,'68273','68273',NULL,NULL,NULL,NULL,NULL,NULL,NULL,NULL,NULL,NULL,NULL,NULL,'rolex:68273',1,'2026-03-17 05:31:12.402','2026-03-17 05:31:12.403','2026-03-17 05:31:12.403'),(931,1,NULL,'68278','68278',NULL,NULL,NULL,NULL,NULL,NULL,NULL,NULL,NULL,NULL,NULL,NULL,'rolex:68278',1,'2026-03-17 05:31:12.405','2026-03-17 05:31:12.406','2026-03-17 05:31:12.406'),(932,1,NULL,'68279','68279',NULL,NULL,NULL,NULL,NULL,NULL,NULL,NULL,NULL,NULL,NULL,NULL,'rolex:68279',1,'2026-03-17 05:31:12.409','2026-03-17 05:31:12.410','2026-03-17 05:31:12.410'),(933,1,NULL,'68288','68288',NULL,NULL,NULL,NULL,NULL,NULL,NULL,NULL,NULL,NULL,NULL,NULL,'rolex:68288',1,'2026-03-17 05:31:12.413','2026-03-17 05:31:12.413','2026-03-17 05:31:12.413'),(934,1,NULL,'68623','68623',NULL,NULL,NULL,NULL,NULL,NULL,NULL,NULL,NULL,NULL,NULL,NULL,'rolex:68623',1,'2026-03-17 05:31:12.416','2026-03-17 05:31:12.416','2026-03-17 05:31:12.416'),(935,1,NULL,'69138','69138',NULL,NULL,NULL,NULL,NULL,NULL,NULL,NULL,NULL,NULL,NULL,NULL,'rolex:69138',1,'2026-03-17 05:31:12.419','2026-03-17 05:31:12.420','2026-03-17 05:31:12.420'),(936,1,NULL,'69158','69158',NULL,NULL,NULL,NULL,NULL,NULL,NULL,NULL,NULL,NULL,NULL,NULL,'rolex:69158',1,'2026-03-17 05:31:12.423','2026-03-17 05:31:12.423','2026-03-17 05:31:12.423'),(937,1,NULL,'6916','6916',NULL,NULL,NULL,NULL,NULL,NULL,NULL,NULL,NULL,NULL,NULL,NULL,'rolex:6916',1,'2026-03-17 05:31:12.427','2026-03-17 05:31:12.428','2026-03-17 05:31:12.428'),(938,1,NULL,'69160','69160',NULL,NULL,NULL,NULL,NULL,NULL,NULL,NULL,NULL,NULL,NULL,NULL,'rolex:69160',1,'2026-03-17 05:31:12.431','2026-03-17 05:31:12.432','2026-03-17 05:31:12.432'),(939,1,NULL,'69163','69163',NULL,NULL,NULL,NULL,NULL,NULL,NULL,NULL,NULL,NULL,NULL,NULL,'rolex:69163',1,'2026-03-17 05:31:12.434','2026-03-17 05:31:12.435','2026-03-17 05:31:12.435'),(940,1,NULL,'6917','6917',NULL,NULL,NULL,NULL,NULL,NULL,NULL,NULL,NULL,NULL,NULL,NULL,'rolex:6917',1,'2026-03-17 05:31:12.438','2026-03-17 05:31:12.438','2026-03-17 05:31:12.438'),(941,1,NULL,'69173','69173',NULL,NULL,NULL,NULL,NULL,NULL,NULL,NULL,NULL,NULL,NULL,NULL,'rolex:69173',1,'2026-03-17 05:31:12.441','2026-03-17 05:31:12.441','2026-03-17 05:31:12.441'),(942,1,NULL,'69174','69174',NULL,NULL,NULL,NULL,NULL,NULL,NULL,NULL,NULL,NULL,NULL,NULL,'rolex:69174',1,'2026-03-17 05:31:12.444','2026-03-17 05:31:12.444','2026-03-17 05:31:12.444'),(943,1,NULL,'69178','69178',NULL,NULL,NULL,NULL,NULL,NULL,NULL,NULL,NULL,NULL,NULL,NULL,'rolex:69178',1,'2026-03-17 05:31:12.448','2026-03-17 05:31:12.448','2026-03-17 05:31:12.448'),(944,1,NULL,'69179','69179',NULL,NULL,NULL,NULL,NULL,NULL,NULL,NULL,NULL,NULL,NULL,NULL,'rolex:69179',1,'2026-03-17 05:31:12.451','2026-03-17 05:31:12.451','2026-03-17 05:31:12.451'),(945,1,NULL,'69190','69190',NULL,NULL,NULL,NULL,NULL,NULL,NULL,NULL,NULL,NULL,NULL,NULL,'rolex:69190',1,'2026-03-17 05:31:12.454','2026-03-17 05:31:12.454','2026-03-17 05:31:12.454'),(946,1,NULL,'6924','6924',NULL,NULL,NULL,NULL,NULL,NULL,NULL,NULL,NULL,NULL,NULL,NULL,'rolex:6924',1,'2026-03-17 05:31:12.457','2026-03-17 05:31:12.457','2026-03-17 05:31:12.457'),(947,1,NULL,'69240','69240',NULL,NULL,NULL,NULL,NULL,NULL,NULL,NULL,NULL,NULL,NULL,NULL,'rolex:69240',1,'2026-03-17 05:31:12.460','2026-03-17 05:31:12.461','2026-03-17 05:31:12.461'),(948,1,NULL,'69278','69278',NULL,NULL,NULL,NULL,NULL,NULL,NULL,NULL,NULL,NULL,NULL,NULL,'rolex:69278',1,'2026-03-17 05:31:12.463','2026-03-17 05:31:12.464','2026-03-17 05:31:12.464'),(949,1,NULL,'69623','69623',NULL,NULL,NULL,NULL,NULL,NULL,NULL,NULL,NULL,NULL,NULL,NULL,'rolex:69623',1,'2026-03-17 05:31:12.466','2026-03-17 05:31:12.467','2026-03-17 05:31:12.467'),(950,1,NULL,'7508XXX','7508XXX',NULL,NULL,NULL,NULL,NULL,NULL,NULL,NULL,NULL,NULL,NULL,NULL,'rolex:7508XXX',1,'2026-03-17 05:31:12.469','2026-03-17 05:31:12.470','2026-03-17 05:31:12.470'),(951,1,NULL,'76030','76030',NULL,NULL,NULL,NULL,NULL,NULL,NULL,NULL,NULL,NULL,NULL,NULL,'rolex:76030',1,'2026-03-17 05:31:12.473','2026-03-17 05:31:12.473','2026-03-17 05:31:12.473'),(952,1,NULL,'76080','76080',NULL,NULL,NULL,NULL,NULL,NULL,NULL,NULL,NULL,NULL,NULL,NULL,'rolex:76080',1,'2026-03-17 05:31:12.476','2026-03-17 05:31:12.477','2026-03-17 05:31:12.477'),(953,1,NULL,'76183','76183',NULL,NULL,NULL,NULL,NULL,NULL,NULL,NULL,NULL,NULL,NULL,NULL,'rolex:76183',1,'2026-03-17 05:31:12.480','2026-03-17 05:31:12.480','2026-03-17 05:31:12.480'),(954,1,NULL,'76193','76193',NULL,NULL,NULL,NULL,NULL,NULL,NULL,NULL,NULL,NULL,NULL,NULL,'rolex:76193',1,'2026-03-17 05:31:12.483','2026-03-17 05:31:12.483','2026-03-17 05:31:12.483'),(955,1,NULL,'77080','77080',NULL,NULL,NULL,NULL,NULL,NULL,NULL,NULL,NULL,NULL,NULL,NULL,'rolex:77080',1,'2026-03-17 05:31:12.486','2026-03-17 05:31:12.486','2026-03-17 05:31:12.486'),(956,1,NULL,'78240','78240',NULL,NULL,NULL,NULL,NULL,NULL,NULL,NULL,NULL,NULL,NULL,NULL,'rolex:78240',1,'2026-03-17 05:31:12.489','2026-03-17 05:31:12.490','2026-03-17 05:31:12.490'),(957,1,NULL,'78273','78273',NULL,NULL,NULL,NULL,NULL,NULL,NULL,NULL,NULL,NULL,NULL,NULL,'rolex:78273',1,'2026-03-17 05:31:12.493','2026-03-17 05:31:12.493','2026-03-17 05:31:12.493'),(958,1,NULL,'78274','78274',NULL,NULL,NULL,NULL,NULL,NULL,NULL,NULL,NULL,NULL,NULL,NULL,'rolex:78274',1,'2026-03-17 05:31:12.496','2026-03-17 05:31:12.496','2026-03-17 05:31:12.496'),(959,1,NULL,'79160','79160',NULL,NULL,NULL,NULL,NULL,NULL,NULL,NULL,NULL,NULL,NULL,NULL,'rolex:79160',1,'2026-03-17 05:31:12.499','2026-03-17 05:31:12.500','2026-03-17 05:31:12.500'),(960,1,NULL,'79163','79163',NULL,NULL,NULL,NULL,NULL,NULL,NULL,NULL,NULL,NULL,NULL,NULL,'rolex:79163',1,'2026-03-17 05:31:12.502','2026-03-17 05:31:12.503','2026-03-17 05:31:12.503'),(961,1,NULL,'79173','79173',NULL,NULL,NULL,NULL,NULL,NULL,NULL,NULL,NULL,NULL,NULL,NULL,'rolex:79173',1,'2026-03-17 05:31:12.505','2026-03-17 05:31:12.506','2026-03-17 05:31:12.506'),(962,1,NULL,'79174','79174',NULL,NULL,NULL,NULL,NULL,NULL,NULL,NULL,NULL,NULL,NULL,NULL,'rolex:79174',1,'2026-03-17 05:31:12.509','2026-03-17 05:31:12.510','2026-03-17 05:31:12.510'),(963,1,NULL,'79174G','79174G',NULL,NULL,NULL,NULL,NULL,NULL,NULL,NULL,NULL,NULL,NULL,NULL,'rolex:79174G',1,'2026-03-17 05:31:12.512','2026-03-17 05:31:12.513','2026-03-17 05:31:12.513'),(964,1,NULL,'79178','79178',NULL,NULL,NULL,NULL,NULL,NULL,NULL,NULL,NULL,NULL,NULL,NULL,'rolex:79178',1,'2026-03-17 05:31:12.515','2026-03-17 05:31:12.516','2026-03-17 05:31:12.516'),(965,1,NULL,'79190','79190',NULL,NULL,NULL,NULL,NULL,NULL,NULL,NULL,NULL,NULL,NULL,NULL,'rolex:79190',1,'2026-03-17 05:31:12.519','2026-03-17 05:31:12.520','2026-03-17 05:31:12.520'),(966,1,NULL,'79240','79240',NULL,NULL,NULL,NULL,NULL,NULL,NULL,NULL,NULL,NULL,NULL,NULL,'rolex:79240',1,'2026-03-17 05:31:12.522','2026-03-17 05:31:12.523','2026-03-17 05:31:12.523'),(967,1,NULL,'80298','80298',NULL,NULL,NULL,NULL,NULL,NULL,NULL,NULL,NULL,NULL,NULL,NULL,'rolex:80298',1,'2026-03-17 05:31:12.526','2026-03-17 05:31:12.526','2026-03-17 05:31:12.526'),(968,1,NULL,'80315','80315',NULL,NULL,NULL,NULL,NULL,NULL,NULL,NULL,NULL,NULL,NULL,NULL,'rolex:80315',1,'2026-03-17 05:31:12.529','2026-03-17 05:31:12.530','2026-03-17 05:31:12.530'),(969,1,NULL,'80318','80318',NULL,NULL,NULL,NULL,NULL,NULL,NULL,NULL,NULL,NULL,NULL,NULL,'rolex:80318',1,'2026-03-17 05:31:12.532','2026-03-17 05:31:12.533','2026-03-17 05:31:12.533'),(970,1,NULL,'80319','80319',NULL,NULL,NULL,NULL,NULL,NULL,NULL,NULL,NULL,NULL,NULL,NULL,'rolex:80319',1,'2026-03-17 05:31:12.535','2026-03-17 05:31:12.536','2026-03-17 05:31:12.536'),(971,2,NULL,'001','001',NULL,NULL,NULL,NULL,NULL,NULL,NULL,NULL,NULL,NULL,NULL,NULL,'patek philippe:001',1,'2026-03-17 05:31:13.312','2026-03-17 05:31:13.313','2026-03-17 05:31:13.313'),(972,2,NULL,'3710/1A-001','3710/1A-001',NULL,NULL,NULL,NULL,NULL,NULL,NULL,NULL,NULL,NULL,NULL,NULL,'patek philippe:3710/1A-001',1,'2026-03-17 05:31:13.323','2026-03-17 05:31:13.324','2026-03-17 05:31:13.324'),(973,2,NULL,'3800/1','3800/1',NULL,NULL,NULL,NULL,NULL,NULL,NULL,NULL,NULL,NULL,NULL,NULL,'patek philippe:3800/1',1,'2026-03-17 05:31:13.331','2026-03-17 05:31:13.331','2026-03-17 05:31:13.331'),(974,2,NULL,'3919','3919',NULL,NULL,NULL,NULL,NULL,NULL,NULL,NULL,NULL,NULL,NULL,NULL,'patek philippe:3919',1,'2026-03-17 05:31:13.334','2026-03-17 05:31:13.335','2026-03-17 05:31:13.335'),(975,2,NULL,'3919J','3919J',NULL,NULL,NULL,NULL,NULL,NULL,NULL,NULL,NULL,NULL,NULL,NULL,'patek philippe:3919J',1,'2026-03-17 05:31:13.337','2026-03-17 05:31:13.337','2026-03-17 05:31:13.337'),(976,2,NULL,'3919J-001','3919J-001',NULL,NULL,NULL,NULL,NULL,NULL,NULL,NULL,NULL,NULL,NULL,NULL,'patek philippe:3919J-001',1,'2026-03-17 05:31:13.340','2026-03-17 05:31:13.341','2026-03-17 05:31:13.341'),(977,2,NULL,'4700','4700',NULL,NULL,NULL,NULL,NULL,NULL,NULL,NULL,NULL,NULL,NULL,NULL,'patek philippe:4700',1,'2026-03-17 05:31:13.344','2026-03-17 05:31:13.345','2026-03-17 05:31:13.345'),(978,2,NULL,'4910/10A-001','4910/10A-001',NULL,NULL,NULL,NULL,NULL,NULL,NULL,NULL,NULL,NULL,NULL,NULL,'patek philippe:4910/10A-001',1,'2026-03-17 05:31:13.347','2026-03-17 05:31:13.348','2026-03-17 05:31:13.348'),(979,2,NULL,'4910/10A-011','4910/10A-011',NULL,NULL,NULL,NULL,NULL,NULL,NULL,NULL,NULL,NULL,NULL,NULL,'patek philippe:4910/10A-011',1,'2026-03-17 05:31:13.350','2026-03-17 05:31:13.351','2026-03-17 05:31:13.351'),(980,2,NULL,'4910/1200A-011','4910/1200A-011',NULL,NULL,NULL,NULL,NULL,NULL,NULL,NULL,NULL,NULL,NULL,NULL,'patek philippe:4910/1200A-011',1,'2026-03-17 05:31:13.354','2026-03-17 05:31:13.354','2026-03-17 05:31:13.354'),(981,2,NULL,'4947/1A-001','4947/1A-001',NULL,NULL,NULL,NULL,NULL,NULL,NULL,NULL,NULL,NULL,NULL,NULL,'patek philippe:4947/1A-001',1,'2026-03-17 05:31:13.358','2026-03-17 05:31:13.359','2026-03-17 05:31:13.359'),(982,2,NULL,'4947R-001','4947R-001',NULL,NULL,NULL,NULL,NULL,NULL,NULL,NULL,NULL,NULL,NULL,NULL,'patek philippe:4947R-001',1,'2026-03-17 05:31:13.362','2026-03-17 05:31:13.362','2026-03-17 05:31:13.362'),(983,2,NULL,'5066A-001','5066A-001',NULL,NULL,NULL,NULL,NULL,NULL,NULL,NULL,NULL,NULL,NULL,NULL,'patek philippe:5066A-001',1,'2026-03-17 05:31:13.365','2026-03-17 05:31:13.366','2026-03-17 05:31:13.366'),(984,2,NULL,'5070G-001','5070G-001',NULL,NULL,NULL,NULL,NULL,NULL,NULL,NULL,NULL,NULL,NULL,NULL,'patek philippe:5070G-001',1,'2026-03-17 05:31:13.368','2026-03-17 05:31:13.369','2026-03-17 05:31:13.369'),(985,2,NULL,'5070P-001','5070P-001',NULL,NULL,NULL,NULL,NULL,NULL,NULL,NULL,NULL,NULL,NULL,NULL,'patek philippe:5070P-001',1,'2026-03-17 05:31:13.371','2026-03-17 05:31:13.372','2026-03-17 05:31:13.372'),(986,2,NULL,'5072R-001','5072R-001',NULL,NULL,NULL,NULL,NULL,NULL,NULL,NULL,NULL,NULL,NULL,NULL,'patek philippe:5072R-001',1,'2026-03-17 05:31:13.374','2026-03-17 05:31:13.375','2026-03-17 05:31:13.375'),(987,2,NULL,'5098R-001','5098R-001',NULL,NULL,NULL,NULL,NULL,NULL,NULL,NULL,NULL,NULL,NULL,NULL,'patek philippe:5098R-001',1,'2026-03-17 05:31:13.378','2026-03-17 05:31:13.378','2026-03-17 05:31:13.378'),(988,2,NULL,'5111/PR-001','5111/PR-001',NULL,NULL,NULL,NULL,NULL,NULL,NULL,NULL,NULL,NULL,NULL,NULL,'patek philippe:5111/PR-001',1,'2026-03-17 05:31:13.381','2026-03-17 05:31:13.381','2026-03-17 05:31:13.381'),(989,2,NULL,'5119G-001','5119G-001',NULL,NULL,NULL,NULL,NULL,NULL,NULL,NULL,NULL,NULL,NULL,NULL,'patek philippe:5119G-001',1,'2026-03-17 05:31:13.384','2026-03-17 05:31:13.384','2026-03-17 05:31:13.384'),(990,2,NULL,'5119J-001','5119J-001',NULL,NULL,NULL,NULL,NULL,NULL,NULL,NULL,NULL,NULL,NULL,NULL,'patek philippe:5119J-001',1,'2026-03-17 05:31:13.387','2026-03-17 05:31:13.387','2026-03-17 05:31:13.387'),(991,2,NULL,'5119R-001','5119R-001',NULL,NULL,NULL,NULL,NULL,NULL,NULL,NULL,NULL,NULL,NULL,NULL,'patek philippe:5119R-001',1,'2026-03-17 05:31:13.390','2026-03-17 05:31:13.390','2026-03-17 05:31:13.390'),(992,2,NULL,'5124G-001','5124G-001',NULL,NULL,NULL,NULL,NULL,NULL,NULL,NULL,NULL,NULL,NULL,NULL,'patek philippe:5124G-001',1,'2026-03-17 05:31:13.393','2026-03-17 05:31:13.393','2026-03-17 05:31:13.393'),(993,2,NULL,'5124J-001','5124J-001',NULL,NULL,NULL,NULL,NULL,NULL,NULL,NULL,NULL,NULL,NULL,NULL,'patek philippe:5124J-001',1,'2026-03-17 05:31:13.396','2026-03-17 05:31:13.396','2026-03-17 05:31:13.396'),(994,2,NULL,'5130G','5130G',NULL,NULL,NULL,NULL,NULL,NULL,NULL,NULL,NULL,NULL,NULL,NULL,'patek philippe:5130G',1,'2026-03-17 05:31:13.399','2026-03-17 05:31:13.400','2026-03-17 05:31:13.400'),(995,2,NULL,'5130G-001','5130G-001',NULL,NULL,NULL,NULL,NULL,NULL,NULL,NULL,NULL,NULL,NULL,NULL,'patek philippe:5130G-001',1,'2026-03-17 05:31:13.402','2026-03-17 05:31:13.403','2026-03-17 05:31:13.403'),(996,2,NULL,'5130R','5130R',NULL,NULL,NULL,NULL,NULL,NULL,NULL,NULL,NULL,NULL,NULL,NULL,'patek philippe:5130R',1,'2026-03-17 05:31:13.405','2026-03-17 05:31:13.406','2026-03-17 05:31:13.406'),(997,2,NULL,'5135G-010','5135G-010',NULL,NULL,NULL,NULL,NULL,NULL,NULL,NULL,NULL,NULL,NULL,NULL,'patek philippe:5135G-010',1,'2026-03-17 05:31:13.409','2026-03-17 05:31:13.410','2026-03-17 05:31:13.410'),(998,2,NULL,'5140G-001','5140G-001',NULL,NULL,NULL,NULL,NULL,NULL,NULL,NULL,NULL,NULL,NULL,NULL,'patek philippe:5140G-001',1,'2026-03-17 05:31:13.413','2026-03-17 05:31:13.414','2026-03-17 05:31:13.414'),(999,2,NULL,'5146G-001','5146G-001',NULL,NULL,NULL,NULL,NULL,NULL,NULL,NULL,NULL,NULL,NULL,NULL,'patek philippe:5146G-001',1,'2026-03-17 05:31:13.416','2026-03-17 05:31:13.417','2026-03-17 05:31:13.417'),(1000,2,NULL,'5146G-010','5146G-010',NULL,NULL,NULL,NULL,NULL,NULL,NULL,NULL,NULL,NULL,NULL,NULL,'patek philippe:5146G-010',1,'2026-03-17 05:31:13.419','2026-03-17 05:31:13.420','2026-03-17 05:31:13.420'),(1001,2,NULL,'5146J-010','5146J-010',NULL,NULL,NULL,NULL,NULL,NULL,NULL,NULL,NULL,NULL,NULL,NULL,'patek philippe:5146J-010',1,'2026-03-17 05:31:13.422','2026-03-17 05:31:13.423','2026-03-17 05:31:13.423'),(1002,2,NULL,'5147G-001','5147G-001',NULL,NULL,NULL,NULL,NULL,NULL,NULL,NULL,NULL,NULL,NULL,NULL,'patek philippe:5147G-001',1,'2026-03-17 05:31:13.425','2026-03-17 05:31:13.426','2026-03-17 05:31:13.426'),(1003,2,NULL,'5160/500G-001','5160/500G-001',NULL,NULL,NULL,NULL,NULL,NULL,NULL,NULL,NULL,NULL,NULL,NULL,'patek philippe:5160/500G-001',1,'2026-03-17 05:31:13.429','2026-03-17 05:31:13.429','2026-03-17 05:31:13.429'),(1004,2,NULL,'5164A-001','5164A-001',NULL,NULL,NULL,NULL,NULL,NULL,NULL,NULL,NULL,NULL,NULL,NULL,'patek philippe:5164A-001',1,'2026-03-17 05:31:13.432','2026-03-17 05:31:13.432','2026-03-17 05:31:13.432'),(1005,2,NULL,'5164G-001','5164G-001',NULL,NULL,NULL,NULL,NULL,NULL,NULL,NULL,NULL,NULL,NULL,NULL,'patek philippe:5164G-001',1,'2026-03-17 05:31:13.434','2026-03-17 05:31:13.435','2026-03-17 05:31:13.435'),(1006,2,NULL,'5164R-001','5164R-001',NULL,NULL,NULL,NULL,NULL,NULL,NULL,NULL,NULL,NULL,NULL,NULL,'patek philippe:5164R-001',1,'2026-03-17 05:31:13.437','2026-03-17 05:31:13.438','2026-03-17 05:31:13.438'),(1007,2,NULL,'5167/1A-001','5167/1A-001',NULL,NULL,NULL,NULL,NULL,NULL,NULL,NULL,NULL,NULL,NULL,NULL,'patek philippe:5167/1A-001',1,'2026-03-17 05:31:13.440','2026-03-17 05:31:13.441','2026-03-17 05:31:13.441'),(1008,2,NULL,'5167A','5167A',NULL,NULL,NULL,NULL,NULL,NULL,NULL,NULL,NULL,NULL,NULL,NULL,'patek philippe:5167A',1,'2026-03-17 05:31:13.444','2026-03-17 05:31:13.445','2026-03-17 05:31:13.445'),(1009,2,NULL,'5167A-001','5167A-001',NULL,NULL,NULL,NULL,NULL,NULL,NULL,NULL,NULL,NULL,NULL,NULL,'patek philippe:5167A-001',1,'2026-03-17 05:31:13.447','2026-03-17 05:31:13.447','2026-03-17 05:31:13.447'),(1010,2,NULL,'5167R-001','5167R-001',NULL,NULL,NULL,NULL,NULL,NULL,NULL,NULL,NULL,NULL,NULL,NULL,'patek philippe:5167R-001',1,'2026-03-17 05:31:13.450','2026-03-17 05:31:13.451','2026-03-17 05:31:13.451'),(1011,2,NULL,'5168G-001','5168G-001',NULL,NULL,NULL,NULL,NULL,NULL,NULL,NULL,NULL,NULL,NULL,NULL,'patek philippe:5168G-001',1,'2026-03-17 05:31:13.453','2026-03-17 05:31:13.453','2026-03-17 05:31:13.453'),(1012,2,NULL,'5168G-010','5168G-010',NULL,NULL,NULL,NULL,NULL,NULL,NULL,NULL,NULL,NULL,NULL,NULL,'patek philippe:5168G-010',1,'2026-03-17 05:31:13.456','2026-03-17 05:31:13.457','2026-03-17 05:31:13.457'),(1013,2,NULL,'5170G-001','5170G-001',NULL,NULL,NULL,NULL,NULL,NULL,NULL,NULL,NULL,NULL,NULL,NULL,'patek philippe:5170G-001',1,'2026-03-17 05:31:13.459','2026-03-17 05:31:13.460','2026-03-17 05:31:13.460'),(1014,2,NULL,'5170P-001','5170P-001',NULL,NULL,NULL,NULL,NULL,NULL,NULL,NULL,NULL,NULL,NULL,NULL,'patek philippe:5170P-001',1,'2026-03-17 05:31:13.462','2026-03-17 05:31:13.463','2026-03-17 05:31:13.463'),(1015,2,NULL,'5172G-001','5172G-001',NULL,NULL,NULL,NULL,NULL,NULL,NULL,NULL,NULL,NULL,NULL,NULL,'patek philippe:5172G-001',1,'2026-03-17 05:31:13.465','2026-03-17 05:31:13.466','2026-03-17 05:31:13.466'),(1016,2,NULL,'5172G-010','5172G-010',NULL,NULL,NULL,NULL,NULL,NULL,NULL,NULL,NULL,NULL,NULL,NULL,'patek philippe:5172G-010',1,'2026-03-17 05:31:13.468','2026-03-17 05:31:13.469','2026-03-17 05:31:13.469'),(1017,2,NULL,'5196G-001','5196G-001',NULL,NULL,NULL,NULL,NULL,NULL,NULL,NULL,NULL,NULL,NULL,NULL,'patek philippe:5196G-001',1,'2026-03-17 05:31:13.471','2026-03-17 05:31:13.472','2026-03-17 05:31:13.472'),(1018,2,NULL,'5196J-001','5196J-001',NULL,NULL,NULL,NULL,NULL,NULL,NULL,NULL,NULL,NULL,NULL,NULL,'patek philippe:5196J-001',1,'2026-03-17 05:31:13.474','2026-03-17 05:31:13.475','2026-03-17 05:31:13.475'),(1019,2,NULL,'5196P-001','5196P-001',NULL,NULL,NULL,NULL,NULL,NULL,NULL,NULL,NULL,NULL,NULL,NULL,'patek philippe:5196P-001',1,'2026-03-17 05:31:13.477','2026-03-17 05:31:13.478','2026-03-17 05:31:13.478'),(1020,2,NULL,'5196R-001','5196R-001',NULL,NULL,NULL,NULL,NULL,NULL,NULL,NULL,NULL,NULL,NULL,NULL,'patek philippe:5196R-001',1,'2026-03-17 05:31:13.480','2026-03-17 05:31:13.481','2026-03-17 05:31:13.481'),(1021,2,NULL,'5204/1R-001','5204/1R-001',NULL,NULL,NULL,NULL,NULL,NULL,NULL,NULL,NULL,NULL,NULL,NULL,'patek philippe:5204/1R-001',1,'2026-03-17 05:31:13.483','2026-03-17 05:31:13.483','2026-03-17 05:31:13.483'),(1022,2,NULL,'5204G-001','5204G-001',NULL,NULL,NULL,NULL,NULL,NULL,NULL,NULL,NULL,NULL,NULL,NULL,'patek philippe:5204G-001',1,'2026-03-17 05:31:13.486','2026-03-17 05:31:13.487','2026-03-17 05:31:13.487'),(1023,2,NULL,'5205G','5205G',NULL,NULL,NULL,NULL,NULL,NULL,NULL,NULL,NULL,NULL,NULL,NULL,'patek philippe:5205G',1,'2026-03-17 05:31:13.489','2026-03-17 05:31:13.490','2026-03-17 05:31:13.490'),(1024,2,NULL,'5205G-001','5205G-001',NULL,NULL,NULL,NULL,NULL,NULL,NULL,NULL,NULL,NULL,NULL,NULL,'patek philippe:5205G-001',1,'2026-03-17 05:31:13.492','2026-03-17 05:31:13.493','2026-03-17 05:31:13.493'),(1025,2,NULL,'5205G-010','5205G-010',NULL,NULL,NULL,NULL,NULL,NULL,NULL,NULL,NULL,NULL,NULL,NULL,'patek philippe:5205G-010',1,'2026-03-17 05:31:13.495','2026-03-17 05:31:13.496','2026-03-17 05:31:13.496'),(1026,2,NULL,'5205G-013','5205G-013',NULL,NULL,NULL,NULL,NULL,NULL,NULL,NULL,NULL,NULL,NULL,NULL,'patek philippe:5205G-013',1,'2026-03-17 05:31:13.499','2026-03-17 05:31:13.499','2026-03-17 05:31:13.499'),(1027,2,NULL,'5205R-001','5205R-001',NULL,NULL,NULL,NULL,NULL,NULL,NULL,NULL,NULL,NULL,NULL,NULL,'patek philippe:5205R-001',1,'2026-03-17 05:31:13.501','2026-03-17 05:31:13.502','2026-03-17 05:31:13.502'),(1028,2,NULL,'5205R-010','5205R-010',NULL,NULL,NULL,NULL,NULL,NULL,NULL,NULL,NULL,NULL,NULL,NULL,'patek philippe:5205R-010',1,'2026-03-17 05:31:13.504','2026-03-17 05:31:13.505','2026-03-17 05:31:13.505'),(1029,2,NULL,'5205R-011','5205R-011',NULL,NULL,NULL,NULL,NULL,NULL,NULL,NULL,NULL,NULL,NULL,NULL,'patek philippe:5205R-011',1,'2026-03-17 05:31:13.508','2026-03-17 05:31:13.509','2026-03-17 05:31:13.509'),(1030,2,NULL,'5212A-001','5212A-001',NULL,NULL,NULL,NULL,NULL,NULL,NULL,NULL,NULL,NULL,NULL,NULL,'patek philippe:5212A-001',1,'2026-03-17 05:31:13.512','2026-03-17 05:31:13.512','2026-03-17 05:31:13.512'),(1031,2,NULL,'5224R-001','5224R-001',NULL,NULL,NULL,NULL,NULL,NULL,NULL,NULL,NULL,NULL,NULL,NULL,'patek philippe:5224R-001',1,'2026-03-17 05:31:13.515','2026-03-17 05:31:13.515','2026-03-17 05:31:13.515'),(1032,2,NULL,'5226G-001','5226G-001',NULL,NULL,NULL,NULL,NULL,NULL,NULL,NULL,NULL,NULL,NULL,NULL,'patek philippe:5226G-001',1,'2026-03-17 05:31:13.517','2026-03-17 05:31:13.518','2026-03-17 05:31:13.518'),(1033,2,NULL,'5227G-010','5227G-010',NULL,NULL,NULL,NULL,NULL,NULL,NULL,NULL,NULL,NULL,NULL,NULL,'patek philippe:5227G-010',1,'2026-03-17 05:31:13.521','2026-03-17 05:31:13.521','2026-03-17 05:31:13.521'),(1034,2,NULL,'5227J-001','5227J-001',NULL,NULL,NULL,NULL,NULL,NULL,NULL,NULL,NULL,NULL,NULL,NULL,'patek philippe:5227J-001',1,'2026-03-17 05:31:13.523','2026-03-17 05:31:13.524','2026-03-17 05:31:13.524'),(1035,2,NULL,'5227R-001','5227R-001',NULL,NULL,NULL,NULL,NULL,NULL,NULL,NULL,NULL,NULL,NULL,NULL,'patek philippe:5227R-001',1,'2026-03-17 05:31:13.526','2026-03-17 05:31:13.527','2026-03-17 05:31:13.527'),(1036,2,NULL,'5230G-001','5230G-001',NULL,NULL,NULL,NULL,NULL,NULL,NULL,NULL,NULL,NULL,NULL,NULL,'patek philippe:5230G-001',1,'2026-03-17 05:31:13.530','2026-03-17 05:31:13.531','2026-03-17 05:31:13.531'),(1037,2,NULL,'5230P-001','5230P-001',NULL,NULL,NULL,NULL,NULL,NULL,NULL,NULL,NULL,NULL,NULL,NULL,'patek philippe:5230P-001',1,'2026-03-17 05:31:13.533','2026-03-17 05:31:13.533','2026-03-17 05:31:13.533'),(1038,2,NULL,'5235/50R-001','5235/50R-001',NULL,NULL,NULL,NULL,NULL,NULL,NULL,NULL,NULL,NULL,NULL,NULL,'patek philippe:5235/50R-001',1,'2026-03-17 05:31:13.536','2026-03-17 05:31:13.536','2026-03-17 05:31:13.536'),(1039,2,NULL,'5235G-001','5235G-001',NULL,NULL,NULL,NULL,NULL,NULL,NULL,NULL,NULL,NULL,NULL,NULL,'patek philippe:5235G-001',1,'2026-03-17 05:31:13.539','2026-03-17 05:31:13.539','2026-03-17 05:31:13.539'),(1040,2,NULL,'5236P-001','5236P-001',NULL,NULL,NULL,NULL,NULL,NULL,NULL,NULL,NULL,NULL,NULL,NULL,'patek philippe:5236P-001',1,'2026-03-17 05:31:13.542','2026-03-17 05:31:13.542','2026-03-17 05:31:13.542'),(1041,2,NULL,'5261R-001','5261R-001',NULL,NULL,NULL,NULL,NULL,NULL,NULL,NULL,NULL,NULL,NULL,NULL,'patek philippe:5261R-001',1,'2026-03-17 05:31:13.545','2026-03-17 05:31:13.546','2026-03-17 05:31:13.546'),(1042,2,NULL,'5267/200A-001','5267/200A-001',NULL,NULL,NULL,NULL,NULL,NULL,NULL,NULL,NULL,NULL,NULL,NULL,'patek philippe:5267/200A-001',1,'2026-03-17 05:31:13.549','2026-03-17 05:31:13.549','2026-03-17 05:31:13.549'),(1043,2,NULL,'5267/200A-010','5267/200A-010',NULL,NULL,NULL,NULL,NULL,NULL,NULL,NULL,NULL,NULL,NULL,NULL,'patek philippe:5267/200A-010',1,'2026-03-17 05:31:13.552','2026-03-17 05:31:13.552','2026-03-17 05:31:13.552'),(1044,2,NULL,'5267/200A-011','5267/200A-011',NULL,NULL,NULL,NULL,NULL,NULL,NULL,NULL,NULL,NULL,NULL,NULL,'patek philippe:5267/200A-011',1,'2026-03-17 05:31:13.554','2026-03-17 05:31:13.555','2026-03-17 05:31:13.555'),(1045,2,NULL,'5268/200R-010','5268/200R-010',NULL,NULL,NULL,NULL,NULL,NULL,NULL,NULL,NULL,NULL,NULL,NULL,'patek philippe:5268/200R-010',1,'2026-03-17 05:31:13.557','2026-03-17 05:31:13.558','2026-03-17 05:31:13.558'),(1046,2,NULL,'5269/200R-001','5269/200R-001',NULL,NULL,NULL,NULL,NULL,NULL,NULL,NULL,NULL,NULL,NULL,NULL,'patek philippe:5269/200R-001',1,'2026-03-17 05:31:13.562','2026-03-17 05:31:13.562','2026-03-17 05:31:13.562'),(1047,2,NULL,'5269R-001','5269R-001',NULL,NULL,NULL,NULL,NULL,NULL,NULL,NULL,NULL,NULL,NULL,NULL,'patek philippe:5269R-001',1,'2026-03-17 05:31:13.565','2026-03-17 05:31:13.565','2026-03-17 05:31:13.565'),(1048,2,NULL,'5270/1R-001','5270/1R-001',NULL,NULL,NULL,NULL,NULL,NULL,NULL,NULL,NULL,NULL,NULL,NULL,'patek philippe:5270/1R-001',1,'2026-03-17 05:31:13.567','2026-03-17 05:31:13.568','2026-03-17 05:31:13.568'),(1049,2,NULL,'5270J-001','5270J-001',NULL,NULL,NULL,NULL,NULL,NULL,NULL,NULL,NULL,NULL,NULL,NULL,'patek philippe:5270J-001',1,'2026-03-17 05:31:13.571','2026-03-17 05:31:13.571','2026-03-17 05:31:13.571'),(1050,2,NULL,'5270P-001','5270P-001',NULL,NULL,NULL,NULL,NULL,NULL,NULL,NULL,NULL,NULL,NULL,NULL,'patek philippe:5270P-001',1,'2026-03-17 05:31:13.574','2026-03-17 05:31:13.575','2026-03-17 05:31:13.575'),(1051,2,NULL,'5270P-014','5270P-014',NULL,NULL,NULL,NULL,NULL,NULL,NULL,NULL,NULL,NULL,NULL,NULL,'patek philippe:5270P-014',1,'2026-03-17 05:31:13.577','2026-03-17 05:31:13.577','2026-03-17 05:31:13.577'),(1052,2,NULL,'5320G-001','5320G-001',NULL,NULL,NULL,NULL,NULL,NULL,NULL,NULL,NULL,NULL,NULL,NULL,'patek philippe:5320G-001',1,'2026-03-17 05:31:13.580','2026-03-17 05:31:13.580','2026-03-17 05:31:13.580'),(1053,2,NULL,'5320G-011','5320G-011',NULL,NULL,NULL,NULL,NULL,NULL,NULL,NULL,NULL,NULL,NULL,NULL,'patek philippe:5320G-011',1,'2026-03-17 05:31:13.583','2026-03-17 05:31:13.583','2026-03-17 05:31:13.583'),(1054,2,NULL,'5326G-001','5326G-001',NULL,NULL,NULL,NULL,NULL,NULL,NULL,NULL,NULL,NULL,NULL,NULL,'patek philippe:5326G-001',1,'2026-03-17 05:31:13.586','2026-03-17 05:31:13.586','2026-03-17 05:31:13.586'),(1055,2,NULL,'5327G-001','5327G-001',NULL,NULL,NULL,NULL,NULL,NULL,NULL,NULL,NULL,NULL,NULL,NULL,'patek philippe:5327G-001',1,'2026-03-17 05:31:13.589','2026-03-17 05:31:13.589','2026-03-17 05:31:13.589'),(1056,2,NULL,'5396G-011','5396G-011',NULL,NULL,NULL,NULL,NULL,NULL,NULL,NULL,NULL,NULL,NULL,NULL,'patek philippe:5396G-011',1,'2026-03-17 05:31:13.592','2026-03-17 05:31:13.592','2026-03-17 05:31:13.592'),(1057,2,NULL,'5396R-011','5396R-011',NULL,NULL,NULL,NULL,NULL,NULL,NULL,NULL,NULL,NULL,NULL,NULL,'patek philippe:5396R-011',1,'2026-03-17 05:31:13.595','2026-03-17 05:31:13.596','2026-03-17 05:31:13.596'),(1058,2,NULL,'5396R-015','5396R-015',NULL,NULL,NULL,NULL,NULL,NULL,NULL,NULL,NULL,NULL,NULL,NULL,'patek philippe:5396R-015',1,'2026-03-17 05:31:13.598','2026-03-17 05:31:13.598','2026-03-17 05:31:13.598'),(1059,2,NULL,'5520P-001','5520P-001',NULL,NULL,NULL,NULL,NULL,NULL,NULL,NULL,NULL,NULL,NULL,NULL,'patek philippe:5520P-001',1,'2026-03-17 05:31:13.601','2026-03-17 05:31:13.601','2026-03-17 05:31:13.601'),(1060,2,NULL,'5524G-001','5524G-001',NULL,NULL,NULL,NULL,NULL,NULL,NULL,NULL,NULL,NULL,NULL,NULL,'patek philippe:5524G-001',1,'2026-03-17 05:31:13.604','2026-03-17 05:31:13.604','2026-03-17 05:31:13.604'),(1061,2,NULL,'5524R-001','5524R-001',NULL,NULL,NULL,NULL,NULL,NULL,NULL,NULL,NULL,NULL,NULL,NULL,'patek philippe:5524R-001',1,'2026-03-17 05:31:13.606','2026-03-17 05:31:13.607','2026-03-17 05:31:13.607'),(1062,2,NULL,'5711/1A','5711/1A',NULL,NULL,NULL,NULL,NULL,NULL,NULL,NULL,NULL,NULL,NULL,NULL,'patek philippe:5711/1A',1,'2026-03-17 05:31:13.610','2026-03-17 05:31:13.611','2026-03-17 05:31:13.611'),(1063,2,NULL,'5711/1A-011','5711/1A-011',NULL,NULL,NULL,NULL,NULL,NULL,NULL,NULL,NULL,NULL,NULL,NULL,'patek philippe:5711/1A-011',1,'2026-03-17 05:31:13.616','2026-03-17 05:31:13.617','2026-03-17 05:31:13.617'),(1064,2,NULL,'5711/1A-014','5711/1A-014',NULL,NULL,NULL,NULL,NULL,NULL,NULL,NULL,NULL,NULL,NULL,NULL,'patek philippe:5711/1A-014',1,'2026-03-17 05:31:13.619','2026-03-17 05:31:13.620','2026-03-17 05:31:13.620'),(1065,2,NULL,'5711/1R-001','5711/1R-001',NULL,NULL,NULL,NULL,NULL,NULL,NULL,NULL,NULL,NULL,NULL,NULL,'patek philippe:5711/1R-001',1,'2026-03-17 05:31:13.622','2026-03-17 05:31:13.623','2026-03-17 05:31:13.623'),(1066,2,NULL,'5711G-001','5711G-001',NULL,NULL,NULL,NULL,NULL,NULL,NULL,NULL,NULL,NULL,NULL,NULL,'patek philippe:5711G-001',1,'2026-03-17 05:31:13.625','2026-03-17 05:31:13.625','2026-03-17 05:31:13.625'),(1067,2,NULL,'5712','5712',NULL,NULL,NULL,NULL,NULL,NULL,NULL,NULL,NULL,NULL,NULL,NULL,'patek philippe:5712',1,'2026-03-17 05:31:13.628','2026-03-17 05:31:13.628','2026-03-17 05:31:13.628'),(1068,2,NULL,'5712/1A-001','5712/1A-001',NULL,NULL,NULL,NULL,NULL,NULL,NULL,NULL,NULL,NULL,NULL,NULL,'patek philippe:5712/1A-001',1,'2026-03-17 05:31:13.631','2026-03-17 05:31:13.631','2026-03-17 05:31:13.631'),(1069,2,NULL,'5712/1R-001','5712/1R-001',NULL,NULL,NULL,NULL,NULL,NULL,NULL,NULL,NULL,NULL,NULL,NULL,'patek philippe:5712/1R-001',1,'2026-03-17 05:31:13.634','2026-03-17 05:31:13.634','2026-03-17 05:31:13.634'),(1070,2,NULL,'5712G-001','5712G-001',NULL,NULL,NULL,NULL,NULL,NULL,NULL,NULL,NULL,NULL,NULL,NULL,'patek philippe:5712G-001',1,'2026-03-17 05:31:13.636','2026-03-17 05:31:13.637','2026-03-17 05:31:13.637'),(1071,2,NULL,'5712R-001','5712R-001',NULL,NULL,NULL,NULL,NULL,NULL,NULL,NULL,NULL,NULL,NULL,NULL,'patek philippe:5712R-001',1,'2026-03-17 05:31:13.640','2026-03-17 05:31:13.640','2026-03-17 05:31:13.640'),(1072,2,NULL,'5726/1A-001','5726/1A-001',NULL,NULL,NULL,NULL,NULL,NULL,NULL,NULL,NULL,NULL,NULL,NULL,'patek philippe:5726/1A-001',1,'2026-03-17 05:31:13.643','2026-03-17 05:31:13.644','2026-03-17 05:31:13.644'),(1073,2,NULL,'5726/1A-010','5726/1A-010',NULL,NULL,NULL,NULL,NULL,NULL,NULL,NULL,NULL,NULL,NULL,NULL,'patek philippe:5726/1A-010',1,'2026-03-17 05:31:13.646','2026-03-17 05:31:13.646','2026-03-17 05:31:13.646'),(1074,2,NULL,'5726/1A-014','5726/1A-014',NULL,NULL,NULL,NULL,NULL,NULL,NULL,NULL,NULL,NULL,NULL,NULL,'patek philippe:5726/1A-014',1,'2026-03-17 05:31:13.649','2026-03-17 05:31:13.650','2026-03-17 05:31:13.650'),(1075,2,NULL,'5726A-001','5726A-001',NULL,NULL,NULL,NULL,NULL,NULL,NULL,NULL,NULL,NULL,NULL,NULL,'patek philippe:5726A-001',1,'2026-03-17 05:31:13.652','2026-03-17 05:31:13.652','2026-03-17 05:31:13.652'),(1076,2,NULL,'5738P-001','5738P-001',NULL,NULL,NULL,NULL,NULL,NULL,NULL,NULL,NULL,NULL,NULL,NULL,'patek philippe:5738P-001',1,'2026-03-17 05:31:13.655','2026-03-17 05:31:13.655','2026-03-17 05:31:13.655'),(1077,2,NULL,'5740/1G-001','5740/1G-001',NULL,NULL,NULL,NULL,NULL,NULL,NULL,NULL,NULL,NULL,NULL,NULL,'patek philippe:5740/1G-001',1,'2026-03-17 05:31:13.659','2026-03-17 05:31:13.659','2026-03-17 05:31:13.659'),(1078,2,NULL,'5811/1G-001','5811/1G-001',NULL,NULL,NULL,NULL,NULL,NULL,NULL,NULL,NULL,NULL,NULL,NULL,'patek philippe:5811/1G-001',1,'2026-03-17 05:31:13.662','2026-03-17 05:31:13.662','2026-03-17 05:31:13.662'),(1079,2,NULL,'5905/1A-001','5905/1A-001',NULL,NULL,NULL,NULL,NULL,NULL,NULL,NULL,NULL,NULL,NULL,NULL,'patek philippe:5905/1A-001',1,'2026-03-17 05:31:13.665','2026-03-17 05:31:13.665','2026-03-17 05:31:13.665'),(1080,2,NULL,'5905P-001','5905P-001',NULL,NULL,NULL,NULL,NULL,NULL,NULL,NULL,NULL,NULL,NULL,NULL,'patek philippe:5905P-001',1,'2026-03-17 05:31:13.667','2026-03-17 05:31:13.668','2026-03-17 05:31:13.668'),(1081,2,NULL,'5905P-010','5905P-010',NULL,NULL,NULL,NULL,NULL,NULL,NULL,NULL,NULL,NULL,NULL,NULL,'patek philippe:5905P-010',1,'2026-03-17 05:31:13.671','2026-03-17 05:31:13.671','2026-03-17 05:31:13.671'),(1082,2,NULL,'5905R-001','5905R-001',NULL,NULL,NULL,NULL,NULL,NULL,NULL,NULL,NULL,NULL,NULL,NULL,'patek philippe:5905R-001',1,'2026-03-17 05:31:13.673','2026-03-17 05:31:13.674','2026-03-17 05:31:13.674'),(1083,2,NULL,'5905R-010','5905R-010',NULL,NULL,NULL,NULL,NULL,NULL,NULL,NULL,NULL,NULL,NULL,NULL,'patek philippe:5905R-010',1,'2026-03-17 05:31:13.679','2026-03-17 05:31:13.679','2026-03-17 05:31:13.679'),(1084,2,NULL,'5930G-001','5930G-001',NULL,NULL,NULL,NULL,NULL,NULL,NULL,NULL,NULL,NULL,NULL,NULL,'patek philippe:5930G-001',1,'2026-03-17 05:31:13.682','2026-03-17 05:31:13.683','2026-03-17 05:31:13.683'),(1085,2,NULL,'5930G-010','5930G-010',NULL,NULL,NULL,NULL,NULL,NULL,NULL,NULL,NULL,NULL,NULL,NULL,'patek philippe:5930G-010',1,'2026-03-17 05:31:13.685','2026-03-17 05:31:13.686','2026-03-17 05:31:13.686'),(1086,2,NULL,'5930P-001','5930P-001',NULL,NULL,NULL,NULL,NULL,NULL,NULL,NULL,NULL,NULL,NULL,NULL,'patek philippe:5930P-001',1,'2026-03-17 05:31:13.688','2026-03-17 05:31:13.689','2026-03-17 05:31:13.689'),(1087,2,NULL,'5935A-001','5935A-001',NULL,NULL,NULL,NULL,NULL,NULL,NULL,NULL,NULL,NULL,NULL,NULL,'patek philippe:5935A-001',1,'2026-03-17 05:31:13.692','2026-03-17 05:31:13.692','2026-03-17 05:31:13.692'),(1088,2,NULL,'5960/01G-001','5960/01G-001',NULL,NULL,NULL,NULL,NULL,NULL,NULL,NULL,NULL,NULL,NULL,NULL,'patek philippe:5960/01G-001',1,'2026-03-17 05:31:13.694','2026-03-17 05:31:13.695','2026-03-17 05:31:13.695'),(1089,2,NULL,'5960/1A-001','5960/1A-001',NULL,NULL,NULL,NULL,NULL,NULL,NULL,NULL,NULL,NULL,NULL,NULL,'patek philippe:5960/1A-001',1,'2026-03-17 05:31:13.697','2026-03-17 05:31:13.698','2026-03-17 05:31:13.698'),(1090,2,NULL,'5960P-001','5960P-001',NULL,NULL,NULL,NULL,NULL,NULL,NULL,NULL,NULL,NULL,NULL,NULL,'patek philippe:5960P-001',1,'2026-03-17 05:31:13.700','2026-03-17 05:31:13.701','2026-03-17 05:31:13.701'),(1091,2,NULL,'5961P-001','5961P-001',NULL,NULL,NULL,NULL,NULL,NULL,NULL,NULL,NULL,NULL,NULL,NULL,'patek philippe:5961P-001',1,'2026-03-17 05:31:13.704','2026-03-17 05:31:13.704','2026-03-17 05:31:13.704'),(1092,2,NULL,'5968A-001','5968A-001',NULL,NULL,NULL,NULL,NULL,NULL,NULL,NULL,NULL,NULL,NULL,NULL,'patek philippe:5968A-001',1,'2026-03-17 05:31:13.707','2026-03-17 05:31:13.707','2026-03-17 05:31:13.707'),(1093,2,NULL,'5968G-001','5968G-001',NULL,NULL,NULL,NULL,NULL,NULL,NULL,NULL,NULL,NULL,NULL,NULL,'patek philippe:5968G-001',1,'2026-03-17 05:31:13.710','2026-03-17 05:31:13.711','2026-03-17 05:31:13.711'),(1094,2,NULL,'5968G-010','5968G-010',NULL,NULL,NULL,NULL,NULL,NULL,NULL,NULL,NULL,NULL,NULL,NULL,'patek philippe:5968G-010',1,'2026-03-17 05:31:13.713','2026-03-17 05:31:13.714','2026-03-17 05:31:13.714'),(1095,2,NULL,'5968R-001','5968R-001',NULL,NULL,NULL,NULL,NULL,NULL,NULL,NULL,NULL,NULL,NULL,NULL,'patek philippe:5968R-001',1,'2026-03-17 05:31:13.716','2026-03-17 05:31:13.717','2026-03-17 05:31:13.717'),(1096,2,NULL,'5976/1G-001','5976/1G-001',NULL,NULL,NULL,NULL,NULL,NULL,NULL,NULL,NULL,NULL,NULL,NULL,'patek philippe:5976/1G-001',1,'2026-03-17 05:31:13.719','2026-03-17 05:31:13.720','2026-03-17 05:31:13.720'),(1097,2,NULL,'5980/1A-001','5980/1A-001',NULL,NULL,NULL,NULL,NULL,NULL,NULL,NULL,NULL,NULL,NULL,NULL,'patek philippe:5980/1A-001',1,'2026-03-17 05:31:13.722','2026-03-17 05:31:13.723','2026-03-17 05:31:13.723'),(1098,2,NULL,'5980/1A-014','5980/1A-014',NULL,NULL,NULL,NULL,NULL,NULL,NULL,NULL,NULL,NULL,NULL,NULL,'patek philippe:5980/1A-014',1,'2026-03-17 05:31:13.725','2026-03-17 05:31:13.726','2026-03-17 05:31:13.726'),(1099,2,NULL,'5980/1AR-001','5980/1AR-001',NULL,NULL,NULL,NULL,NULL,NULL,NULL,NULL,NULL,NULL,NULL,NULL,'patek philippe:5980/1AR-001',1,'2026-03-17 05:31:13.729','2026-03-17 05:31:13.729','2026-03-17 05:31:13.729'),(1100,2,NULL,'5980/1R-001','5980/1R-001',NULL,NULL,NULL,NULL,NULL,NULL,NULL,NULL,NULL,NULL,NULL,NULL,'patek philippe:5980/1R-001',1,'2026-03-17 05:31:13.731','2026-03-17 05:31:13.732','2026-03-17 05:31:13.732'),(1101,2,NULL,'5980/60G-001','5980/60G-001',NULL,NULL,NULL,NULL,NULL,NULL,NULL,NULL,NULL,NULL,NULL,NULL,'patek philippe:5980/60G-001',1,'2026-03-17 05:31:13.734','2026-03-17 05:31:13.735','2026-03-17 05:31:13.735'),(1102,2,NULL,'5980R-001','5980R-001',NULL,NULL,NULL,NULL,NULL,NULL,NULL,NULL,NULL,NULL,NULL,NULL,'patek philippe:5980R-001',1,'2026-03-17 05:31:13.737','2026-03-17 05:31:13.738','2026-03-17 05:31:13.738'),(1103,2,NULL,'5990/1A-001','5990/1A-001',NULL,NULL,NULL,NULL,NULL,NULL,NULL,NULL,NULL,NULL,NULL,NULL,'patek philippe:5990/1A-001',1,'2026-03-17 05:31:13.740','2026-03-17 05:31:13.741','2026-03-17 05:31:13.741'),(1104,2,NULL,'5990/1A-011','5990/1A-011',NULL,NULL,NULL,NULL,NULL,NULL,NULL,NULL,NULL,NULL,NULL,NULL,'patek philippe:5990/1A-011',1,'2026-03-17 05:31:13.743','2026-03-17 05:31:13.744','2026-03-17 05:31:13.744'),(1105,2,NULL,'5990/1R-001','5990/1R-001',NULL,NULL,NULL,NULL,NULL,NULL,NULL,NULL,NULL,NULL,NULL,NULL,'patek philippe:5990/1R-001',1,'2026-03-17 05:31:13.747','2026-03-17 05:31:13.747','2026-03-17 05:31:13.747'),(1106,2,NULL,'6007A-001','6007A-001',NULL,NULL,NULL,NULL,NULL,NULL,NULL,NULL,NULL,NULL,NULL,NULL,'patek philippe:6007A-001',1,'2026-03-17 05:31:13.750','2026-03-17 05:31:13.751','2026-03-17 05:31:13.751'),(1107,2,NULL,'6007G-001','6007G-001',NULL,NULL,NULL,NULL,NULL,NULL,NULL,NULL,NULL,NULL,NULL,NULL,'patek philippe:6007G-001',1,'2026-03-17 05:31:13.753','2026-03-17 05:31:13.754','2026-03-17 05:31:13.754'),(1108,2,NULL,'6007G-010','6007G-010',NULL,NULL,NULL,NULL,NULL,NULL,NULL,NULL,NULL,NULL,NULL,NULL,'patek philippe:6007G-010',1,'2026-03-17 05:31:13.756','2026-03-17 05:31:13.757','2026-03-17 05:31:13.757'),(1109,2,NULL,'6007G-011','6007G-011',NULL,NULL,NULL,NULL,NULL,NULL,NULL,NULL,NULL,NULL,NULL,NULL,'patek philippe:6007G-011',1,'2026-03-17 05:31:13.759','2026-03-17 05:31:13.760','2026-03-17 05:31:13.760'),(1110,2,NULL,'6102P-001','6102P-001',NULL,NULL,NULL,NULL,NULL,NULL,NULL,NULL,NULL,NULL,NULL,NULL,'patek philippe:6102P-001',1,'2026-03-17 05:31:13.762','2026-03-17 05:31:13.763','2026-03-17 05:31:13.763'),(1111,2,NULL,'6102R-001','6102R-001',NULL,NULL,NULL,NULL,NULL,NULL,NULL,NULL,NULL,NULL,NULL,NULL,'patek philippe:6102R-001',1,'2026-03-17 05:31:13.765','2026-03-17 05:31:13.766','2026-03-17 05:31:13.766'),(1112,2,NULL,'6119G-001','6119G-001',NULL,NULL,NULL,NULL,NULL,NULL,NULL,NULL,NULL,NULL,NULL,NULL,'patek philippe:6119G-001',1,'2026-03-17 05:31:13.768','2026-03-17 05:31:13.769','2026-03-17 05:31:13.769'),(1113,2,NULL,'6119R-001','6119R-001',NULL,NULL,NULL,NULL,NULL,NULL,NULL,NULL,NULL,NULL,NULL,NULL,'patek philippe:6119R-001',1,'2026-03-17 05:31:13.772','2026-03-17 05:31:13.772','2026-03-17 05:31:13.772'),(1114,2,NULL,'7010/1R-013','7010/1R-013',NULL,NULL,NULL,NULL,NULL,NULL,NULL,NULL,NULL,NULL,NULL,NULL,'patek philippe:7010/1R-013',1,'2026-03-17 05:31:13.775','2026-03-17 05:31:13.775','2026-03-17 05:31:13.775'),(1115,2,NULL,'7010R-013','7010R-013',NULL,NULL,NULL,NULL,NULL,NULL,NULL,NULL,NULL,NULL,NULL,NULL,'patek philippe:7010R-013',1,'2026-03-17 05:31:13.778','2026-03-17 05:31:13.778','2026-03-17 05:31:13.778'),(1116,2,NULL,'7118/1200A-001','7118/1200A-001',NULL,NULL,NULL,NULL,NULL,NULL,NULL,NULL,NULL,NULL,NULL,NULL,'patek philippe:7118/1200A-001',1,'2026-03-17 05:31:13.781','2026-03-17 05:31:13.781','2026-03-17 05:31:13.781'),(1117,2,NULL,'7118/1200A-010','7118/1200A-010',NULL,NULL,NULL,NULL,NULL,NULL,NULL,NULL,NULL,NULL,NULL,NULL,'patek philippe:7118/1200A-010',1,'2026-03-17 05:31:13.784','2026-03-17 05:31:13.785','2026-03-17 05:31:13.785'),(1118,2,NULL,'7118/1200A-011','7118/1200A-011',NULL,NULL,NULL,NULL,NULL,NULL,NULL,NULL,NULL,NULL,NULL,NULL,'patek philippe:7118/1200A-011',1,'2026-03-17 05:31:13.787','2026-03-17 05:31:13.787','2026-03-17 05:31:13.787'),(1119,2,NULL,'7118/1200R-001','7118/1200R-001',NULL,NULL,NULL,NULL,NULL,NULL,NULL,NULL,NULL,NULL,NULL,NULL,'patek philippe:7118/1200R-001',1,'2026-03-17 05:31:13.792','2026-03-17 05:31:13.792','2026-03-17 05:31:13.792'),(1120,2,NULL,'7118/1200R-010','7118/1200R-010',NULL,NULL,NULL,NULL,NULL,NULL,NULL,NULL,NULL,NULL,NULL,NULL,'patek philippe:7118/1200R-010',1,'2026-03-17 05:31:13.795','2026-03-17 05:31:13.795','2026-03-17 05:31:13.795'),(1121,2,NULL,'7118/1A-001','7118/1A-001',NULL,NULL,NULL,NULL,NULL,NULL,NULL,NULL,NULL,NULL,NULL,NULL,'patek philippe:7118/1A-001',1,'2026-03-17 05:31:13.797','2026-03-17 05:31:13.798','2026-03-17 05:31:13.798'),(1122,2,NULL,'7118/1A-010','7118/1A-010',NULL,NULL,NULL,NULL,NULL,NULL,NULL,NULL,NULL,NULL,NULL,NULL,'patek philippe:7118/1A-010',1,'2026-03-17 05:31:13.801','2026-03-17 05:31:13.801','2026-03-17 05:31:13.801'),(1123,2,NULL,'7118/1A-011','7118/1A-011',NULL,NULL,NULL,NULL,NULL,NULL,NULL,NULL,NULL,NULL,NULL,NULL,'patek philippe:7118/1A-011',1,'2026-03-17 05:31:13.803','2026-03-17 05:31:13.804','2026-03-17 05:31:13.804'),(1124,2,NULL,'7118/1R-001','7118/1R-001',NULL,NULL,NULL,NULL,NULL,NULL,NULL,NULL,NULL,NULL,NULL,NULL,'patek philippe:7118/1R-001',1,'2026-03-17 05:31:13.806','2026-03-17 05:31:13.807','2026-03-17 05:31:13.807'),(1125,2,NULL,'7118/1R-010','7118/1R-010',NULL,NULL,NULL,NULL,NULL,NULL,NULL,NULL,NULL,NULL,NULL,NULL,'patek philippe:7118/1R-010',1,'2026-03-17 05:31:13.809','2026-03-17 05:31:13.810','2026-03-17 05:31:13.810'),(1126,2,NULL,'7150/250R-001','7150/250R-001',NULL,NULL,NULL,NULL,NULL,NULL,NULL,NULL,NULL,NULL,NULL,NULL,'patek philippe:7150/250R-001',1,'2026-03-17 05:31:13.812','2026-03-17 05:31:13.813','2026-03-17 05:31:13.813'),(1127,2,NULL,'7234G-001','7234G-001',NULL,NULL,NULL,NULL,NULL,NULL,NULL,NULL,NULL,NULL,NULL,NULL,'patek philippe:7234G-001',1,'2026-03-17 05:31:13.815','2026-03-17 05:31:13.816','2026-03-17 05:31:13.816'),(1128,2,NULL,'7234R-001','7234R-001',NULL,NULL,NULL,NULL,NULL,NULL,NULL,NULL,NULL,NULL,NULL,NULL,'patek philippe:7234R-001',1,'2026-03-17 05:31:13.818','2026-03-17 05:31:13.818','2026-03-17 05:31:13.818'),(1129,2,NULL,'7300/1200A-001','7300/1200A-001',NULL,NULL,NULL,NULL,NULL,NULL,NULL,NULL,NULL,NULL,NULL,NULL,'patek philippe:7300/1200A-001',1,'2026-03-17 05:31:13.821','2026-03-17 05:31:13.821','2026-03-17 05:31:13.821'),(1130,2,NULL,'7300/1200A-011','7300/1200A-011',NULL,NULL,NULL,NULL,NULL,NULL,NULL,NULL,NULL,NULL,NULL,NULL,'patek philippe:7300/1200A-011',1,'2026-03-17 05:31:13.824','2026-03-17 05:31:13.825','2026-03-17 05:31:13.825'),(1131,2,NULL,'7300/1200R-001','7300/1200R-001',NULL,NULL,NULL,NULL,NULL,NULL,NULL,NULL,NULL,NULL,NULL,NULL,'patek philippe:7300/1200R-001',1,'2026-03-17 05:31:13.827','2026-03-17 05:31:13.828','2026-03-17 05:31:13.828'),(1132,2,NULL,'7300/1200R-010','7300/1200R-010',NULL,NULL,NULL,NULL,NULL,NULL,NULL,NULL,NULL,NULL,NULL,NULL,'patek philippe:7300/1200R-010',1,'2026-03-17 05:31:13.831','2026-03-17 05:31:13.831','2026-03-17 05:31:13.831'),(1133,2,NULL,'7968/300R-001','7968/300R-001',NULL,NULL,NULL,NULL,NULL,NULL,NULL,NULL,NULL,NULL,NULL,NULL,'patek philippe:7968/300R-001',1,'2026-03-17 05:31:13.834','2026-03-17 05:31:13.835','2026-03-17 05:31:13.835'),(1134,8,NULL,'0001','0001',NULL,NULL,NULL,NULL,NULL,NULL,NULL,NULL,NULL,NULL,NULL,NULL,'tudor:0001',1,'2026-03-17 05:31:14.099','2026-03-17 05:31:14.100','2026-03-17 05:31:14.100'),(1135,8,NULL,'0005','0005',NULL,NULL,NULL,NULL,NULL,NULL,NULL,NULL,NULL,NULL,NULL,NULL,'tudor:0005',1,'2026-03-17 05:31:14.109','2026-03-17 05:31:14.110','2026-03-17 05:31:14.110'),(1136,8,NULL,'25407N','25407N',NULL,NULL,NULL,NULL,NULL,NULL,NULL,NULL,NULL,NULL,NULL,NULL,'tudor:25407N',1,'2026-03-17 05:31:14.115','2026-03-17 05:31:14.115','2026-03-17 05:31:14.115'),(1137,8,NULL,'25500TN','25500TN',NULL,NULL,NULL,NULL,NULL,NULL,NULL,NULL,NULL,NULL,NULL,NULL,'tudor:25500TN',1,'2026-03-17 05:31:14.119','2026-03-17 05:31:14.119','2026-03-17 05:31:14.119'),(1138,8,NULL,'25600TB','25600TB',NULL,NULL,NULL,NULL,NULL,NULL,NULL,NULL,NULL,NULL,NULL,NULL,'tudor:25600TB',1,'2026-03-17 05:31:14.122','2026-03-17 05:31:14.123','2026-03-17 05:31:14.123'),(1139,8,NULL,'25600TN','25600TN',NULL,NULL,NULL,NULL,NULL,NULL,NULL,NULL,NULL,NULL,NULL,NULL,'tudor:25600TN',1,'2026-03-17 05:31:14.129','2026-03-17 05:31:14.130','2026-03-17 05:31:14.130'),(1140,8,NULL,'25610TNL','25610TNL',NULL,NULL,NULL,NULL,NULL,NULL,NULL,NULL,NULL,NULL,NULL,NULL,'tudor:25610TNL',1,'2026-03-17 05:31:14.133','2026-03-17 05:31:14.133','2026-03-17 05:31:14.133'),(1141,8,NULL,'25707B/21','25707B/21',NULL,NULL,NULL,NULL,NULL,NULL,NULL,NULL,NULL,NULL,NULL,NULL,'tudor:25707B/21',1,'2026-03-17 05:31:14.136','2026-03-17 05:31:14.136','2026-03-17 05:31:14.136'),(1142,8,NULL,'25707B/22','25707B/22',NULL,NULL,NULL,NULL,NULL,NULL,NULL,NULL,NULL,NULL,NULL,NULL,'tudor:25707B/22',1,'2026-03-17 05:31:14.139','2026-03-17 05:31:14.139','2026-03-17 05:31:14.139'),(1143,8,NULL,'25707B/23','25707B/23',NULL,NULL,NULL,NULL,NULL,NULL,NULL,NULL,NULL,NULL,NULL,NULL,'tudor:25707B/23',1,'2026-03-17 05:31:14.142','2026-03-17 05:31:14.142','2026-03-17 05:31:14.142'),(1144,8,NULL,'25707KN','25707KN',NULL,NULL,NULL,NULL,NULL,NULL,NULL,NULL,NULL,NULL,NULL,NULL,'tudor:25707KN',1,'2026-03-17 05:31:14.145','2026-03-17 05:31:14.145','2026-03-17 05:31:14.145'),(1145,8,NULL,'28500','28500',NULL,NULL,NULL,NULL,NULL,NULL,NULL,NULL,NULL,NULL,NULL,NULL,'tudor:28500',1,'2026-03-17 05:31:14.148','2026-03-17 05:31:14.148','2026-03-17 05:31:14.148'),(1146,8,NULL,'28600','28600',NULL,NULL,NULL,NULL,NULL,NULL,NULL,NULL,NULL,NULL,NULL,NULL,'tudor:28600',1,'2026-03-17 05:31:14.151','2026-03-17 05:31:14.151','2026-03-17 05:31:14.151'),(1147,8,NULL,'28603','28603',NULL,NULL,NULL,NULL,NULL,NULL,NULL,NULL,NULL,NULL,NULL,NULL,'tudor:28603',1,'2026-03-17 05:31:14.154','2026-03-17 05:31:14.154','2026-03-17 05:31:14.154'),(1148,8,NULL,'56000','56000',NULL,NULL,NULL,NULL,NULL,NULL,NULL,NULL,NULL,NULL,NULL,NULL,'tudor:56000',1,'2026-03-17 05:31:14.158','2026-03-17 05:31:14.159','2026-03-17 05:31:14.159'),(1149,8,NULL,'70150','70150',NULL,NULL,NULL,NULL,NULL,NULL,NULL,NULL,NULL,NULL,NULL,NULL,'tudor:70150',1,'2026-03-17 05:31:14.162','2026-03-17 05:31:14.163','2026-03-17 05:31:14.163'),(1150,8,NULL,'70330B','70330B',NULL,NULL,NULL,NULL,NULL,NULL,NULL,NULL,NULL,NULL,NULL,NULL,'tudor:70330B',1,'2026-03-17 05:31:14.166','2026-03-17 05:31:14.167','2026-03-17 05:31:14.167'),(1151,8,NULL,'70330N','70330N',NULL,NULL,NULL,NULL,NULL,NULL,NULL,NULL,NULL,NULL,NULL,NULL,'tudor:70330N',1,'2026-03-17 05:31:14.169','2026-03-17 05:31:14.170','2026-03-17 05:31:14.170'),(1152,8,NULL,'72033','72033',NULL,NULL,NULL,NULL,NULL,NULL,NULL,NULL,NULL,NULL,NULL,NULL,'tudor:72033',1,'2026-03-17 05:31:14.172','2026-03-17 05:31:14.173','2026-03-17 05:31:14.173'),(1153,8,NULL,'73090','73090',NULL,NULL,NULL,NULL,NULL,NULL,NULL,NULL,NULL,NULL,NULL,NULL,'tudor:73090',1,'2026-03-17 05:31:14.175','2026-03-17 05:31:14.176','2026-03-17 05:31:14.176'),(1154,8,NULL,'74000','74000',NULL,NULL,NULL,NULL,NULL,NULL,NULL,NULL,NULL,NULL,NULL,NULL,'tudor:74000',1,'2026-03-17 05:31:14.179','2026-03-17 05:31:14.179','2026-03-17 05:31:14.179'),(1155,8,NULL,'74000N','74000N',NULL,NULL,NULL,NULL,NULL,NULL,NULL,NULL,NULL,NULL,NULL,NULL,'tudor:74000N',1,'2026-03-17 05:31:14.182','2026-03-17 05:31:14.182','2026-03-17 05:31:14.182'),(1156,8,NULL,'74033','74033',NULL,NULL,NULL,NULL,NULL,NULL,NULL,NULL,NULL,NULL,NULL,NULL,'tudor:74033',1,'2026-03-17 05:31:14.184','2026-03-17 05:31:14.185','2026-03-17 05:31:14.185'),(1157,8,NULL,'74034','74034',NULL,NULL,NULL,NULL,NULL,NULL,NULL,NULL,NULL,NULL,NULL,NULL,'tudor:74034',1,'2026-03-17 05:31:14.189','2026-03-17 05:31:14.190','2026-03-17 05:31:14.190'),(1158,8,NULL,'75090','75090',NULL,NULL,NULL,NULL,NULL,NULL,NULL,NULL,NULL,NULL,NULL,NULL,'tudor:75090',1,'2026-03-17 05:31:14.192','2026-03-17 05:31:14.193','2026-03-17 05:31:14.193'),(1159,8,NULL,'75190','75190',NULL,NULL,NULL,NULL,NULL,NULL,NULL,NULL,NULL,NULL,NULL,NULL,'tudor:75190',1,'2026-03-17 05:31:14.195','2026-03-17 05:31:14.195','2026-03-17 05:31:14.195'),(1160,8,NULL,'76100','76100',NULL,NULL,NULL,NULL,NULL,NULL,NULL,NULL,NULL,NULL,NULL,NULL,'tudor:76100',1,'2026-03-17 05:31:14.198','2026-03-17 05:31:14.199','2026-03-17 05:31:14.199'),(1161,8,NULL,'76200','76200',NULL,NULL,NULL,NULL,NULL,NULL,NULL,NULL,NULL,NULL,NULL,NULL,'tudor:76200',1,'2026-03-17 05:31:14.201','2026-03-17 05:31:14.202','2026-03-17 05:31:14.202'),(1162,8,NULL,'76213','76213',NULL,NULL,NULL,NULL,NULL,NULL,NULL,NULL,NULL,NULL,NULL,NULL,'tudor:76213',1,'2026-03-17 05:31:14.204','2026-03-17 05:31:14.205','2026-03-17 05:31:14.205'),(1163,8,NULL,'76214','76214',NULL,NULL,NULL,NULL,NULL,NULL,NULL,NULL,NULL,NULL,NULL,NULL,'tudor:76214',1,'2026-03-17 05:31:14.208','2026-03-17 05:31:14.208','2026-03-17 05:31:14.208'),(1164,8,NULL,'79000N','79000N',NULL,NULL,NULL,NULL,NULL,NULL,NULL,NULL,NULL,NULL,NULL,NULL,'tudor:79000N',1,'2026-03-17 05:31:14.211','2026-03-17 05:31:14.211','2026-03-17 05:31:14.211'),(1165,8,NULL,'79010SG','79010SG',NULL,NULL,NULL,NULL,NULL,NULL,NULL,NULL,NULL,NULL,NULL,NULL,'tudor:79010SG',1,'2026-03-17 05:31:14.214','2026-03-17 05:31:14.215','2026-03-17 05:31:14.215'),(1166,8,NULL,'79012M','79012M',NULL,NULL,NULL,NULL,NULL,NULL,NULL,NULL,NULL,NULL,NULL,NULL,'tudor:79012M',1,'2026-03-17 05:31:14.217','2026-03-17 05:31:14.218','2026-03-17 05:31:14.218'),(1167,8,NULL,'79030B','79030B',NULL,NULL,NULL,NULL,NULL,NULL,NULL,NULL,NULL,NULL,NULL,NULL,'tudor:79030B',1,'2026-03-17 05:31:14.220','2026-03-17 05:31:14.221','2026-03-17 05:31:14.221'),(1168,8,NULL,'79030N','79030N',NULL,NULL,NULL,NULL,NULL,NULL,NULL,NULL,NULL,NULL,NULL,NULL,'tudor:79030N',1,'2026-03-17 05:31:14.223','2026-03-17 05:31:14.224','2026-03-17 05:31:14.224'),(1169,8,NULL,'79090','79090',NULL,NULL,NULL,NULL,NULL,NULL,NULL,NULL,NULL,NULL,NULL,NULL,'tudor:79090',1,'2026-03-17 05:31:14.226','2026-03-17 05:31:14.227','2026-03-17 05:31:14.227'),(1170,8,NULL,'79170','79170',NULL,NULL,NULL,NULL,NULL,NULL,NULL,NULL,NULL,NULL,NULL,NULL,'tudor:79170',1,'2026-03-17 05:31:14.229','2026-03-17 05:31:14.230','2026-03-17 05:31:14.230'),(1171,8,NULL,'79180','79180',NULL,NULL,NULL,NULL,NULL,NULL,NULL,NULL,NULL,NULL,NULL,NULL,'tudor:79180',1,'2026-03-17 05:31:14.232','2026-03-17 05:31:14.233','2026-03-17 05:31:14.233'),(1172,8,NULL,'79210CNU','79210CNU',NULL,NULL,NULL,NULL,NULL,NULL,NULL,NULL,NULL,NULL,NULL,NULL,'tudor:79210CNU',1,'2026-03-17 05:31:14.235','2026-03-17 05:31:14.236','2026-03-17 05:31:14.236'),(1173,8,NULL,'79220B','79220B',NULL,NULL,NULL,NULL,NULL,NULL,NULL,NULL,NULL,NULL,NULL,NULL,'tudor:79220B',1,'2026-03-17 05:31:14.239','2026-03-17 05:31:14.239','2026-03-17 05:31:14.239'),(1174,8,NULL,'79220R','79220R',NULL,NULL,NULL,NULL,NULL,NULL,NULL,NULL,NULL,NULL,NULL,NULL,'tudor:79220R',1,'2026-03-17 05:31:14.242','2026-03-17 05:31:14.243','2026-03-17 05:31:14.243'),(1175,8,NULL,'79230','79230',NULL,NULL,NULL,NULL,NULL,NULL,NULL,NULL,NULL,NULL,NULL,NULL,'tudor:79230',1,'2026-03-17 05:31:14.245','2026-03-17 05:31:14.246','2026-03-17 05:31:14.246'),(1176,8,NULL,'79230B','79230B',NULL,NULL,NULL,NULL,NULL,NULL,NULL,NULL,NULL,NULL,NULL,NULL,'tudor:79230B',1,'2026-03-17 05:31:14.249','2026-03-17 05:31:14.249','2026-03-17 05:31:14.249'),(1177,8,NULL,'79230DK','79230DK',NULL,NULL,NULL,NULL,NULL,NULL,NULL,NULL,NULL,NULL,NULL,NULL,'tudor:79230DK',1,'2026-03-17 05:31:14.253','2026-03-17 05:31:14.253','2026-03-17 05:31:14.253'),(1178,8,NULL,'79230G','79230G',NULL,NULL,NULL,NULL,NULL,NULL,NULL,NULL,NULL,NULL,NULL,NULL,'tudor:79230G',1,'2026-03-17 05:31:14.256','2026-03-17 05:31:14.256','2026-03-17 05:31:14.256'),(1179,8,NULL,'79230N','79230N',NULL,NULL,NULL,NULL,NULL,NULL,NULL,NULL,NULL,NULL,NULL,NULL,'tudor:79230N',1,'2026-03-17 05:31:14.259','2026-03-17 05:31:14.260','2026-03-17 05:31:14.260'),(1180,8,NULL,'79230R','79230R',NULL,NULL,NULL,NULL,NULL,NULL,NULL,NULL,NULL,NULL,NULL,NULL,'tudor:79230R',1,'2026-03-17 05:31:14.262','2026-03-17 05:31:14.263','2026-03-17 05:31:14.263'),(1181,8,NULL,'79250BA','79250BA',NULL,NULL,NULL,NULL,NULL,NULL,NULL,NULL,NULL,NULL,NULL,NULL,'tudor:79250BA',1,'2026-03-17 05:31:14.265','2026-03-17 05:31:14.266','2026-03-17 05:31:14.266'),(1182,8,NULL,'79250BB','79250BB',NULL,NULL,NULL,NULL,NULL,NULL,NULL,NULL,NULL,NULL,NULL,NULL,'tudor:79250BB',1,'2026-03-17 05:31:14.268','2026-03-17 05:31:14.268','2026-03-17 05:31:14.268'),(1183,8,NULL,'79250BM','79250BM',NULL,NULL,NULL,NULL,NULL,NULL,NULL,NULL,NULL,NULL,NULL,NULL,'tudor:79250BM',1,'2026-03-17 05:31:14.271','2026-03-17 05:31:14.271','2026-03-17 05:31:14.271'),(1184,8,NULL,'79260','79260',NULL,NULL,NULL,NULL,NULL,NULL,NULL,NULL,NULL,NULL,NULL,NULL,'tudor:79260',1,'2026-03-17 05:31:14.274','2026-03-17 05:31:14.275','2026-03-17 05:31:14.275'),(1185,8,NULL,'79260P','79260P',NULL,NULL,NULL,NULL,NULL,NULL,NULL,NULL,NULL,NULL,NULL,NULL,'tudor:79260P',1,'2026-03-17 05:31:14.277','2026-03-17 05:31:14.278','2026-03-17 05:31:14.278'),(1186,8,NULL,'79270','79270',NULL,NULL,NULL,NULL,NULL,NULL,NULL,NULL,NULL,NULL,NULL,NULL,'tudor:79270',1,'2026-03-17 05:31:14.280','2026-03-17 05:31:14.281','2026-03-17 05:31:14.281'),(1187,8,NULL,'7928','7928',NULL,NULL,NULL,NULL,NULL,NULL,NULL,NULL,NULL,NULL,NULL,NULL,'tudor:7928',1,'2026-03-17 05:31:14.283','2026-03-17 05:31:14.284','2026-03-17 05:31:14.284'),(1188,8,NULL,'79280','79280',NULL,NULL,NULL,NULL,NULL,NULL,NULL,NULL,NULL,NULL,NULL,NULL,'tudor:79280',1,'2026-03-17 05:31:14.286','2026-03-17 05:31:14.287','2026-03-17 05:31:14.287'),(1189,8,NULL,'79280P','79280P',NULL,NULL,NULL,NULL,NULL,NULL,NULL,NULL,NULL,NULL,NULL,NULL,'tudor:79280P',1,'2026-03-17 05:31:14.289','2026-03-17 05:31:14.290','2026-03-17 05:31:14.290'),(1190,8,NULL,'79350','79350',NULL,NULL,NULL,NULL,NULL,NULL,NULL,NULL,NULL,NULL,NULL,NULL,'tudor:79350',1,'2026-03-17 05:31:14.293','2026-03-17 05:31:14.293','2026-03-17 05:31:14.293'),(1191,8,NULL,'79360N','79360N',NULL,NULL,NULL,NULL,NULL,NULL,NULL,NULL,NULL,NULL,NULL,NULL,'tudor:79360N',1,'2026-03-17 05:31:14.295','2026-03-17 05:31:14.296','2026-03-17 05:31:14.296'),(1192,8,NULL,'79360N-0001','79360N-0001',NULL,NULL,NULL,NULL,NULL,NULL,NULL,NULL,NULL,NULL,NULL,NULL,'tudor:79360N-0001',1,'2026-03-17 05:31:14.299','2026-03-17 05:31:14.299','2026-03-17 05:31:14.299'),(1193,8,NULL,'79360N-0002','79360N-0002',NULL,NULL,NULL,NULL,NULL,NULL,NULL,NULL,NULL,NULL,NULL,NULL,'tudor:79360N-0002',1,'2026-03-17 05:31:14.301','2026-03-17 05:31:14.302','2026-03-17 05:31:14.302'),(1194,8,NULL,'79363N','79363N',NULL,NULL,NULL,NULL,NULL,NULL,NULL,NULL,NULL,NULL,NULL,NULL,'tudor:79363N',1,'2026-03-17 05:31:14.304','2026-03-17 05:31:14.305','2026-03-17 05:31:14.305'),(1195,8,NULL,'79363N-0001','79363N-0001',NULL,NULL,NULL,NULL,NULL,NULL,NULL,NULL,NULL,NULL,NULL,NULL,'tudor:79363N-0001',1,'2026-03-17 05:31:14.308','2026-03-17 05:31:14.309','2026-03-17 05:31:14.309'),(1196,8,NULL,'7941A1A0RU','7941A1A0RU',NULL,NULL,NULL,NULL,NULL,NULL,NULL,NULL,NULL,NULL,NULL,NULL,'tudor:7941A1A0RU',1,'2026-03-17 05:31:14.313','2026-03-17 05:31:14.314','2026-03-17 05:31:14.314'),(1197,8,NULL,'79470','79470',NULL,NULL,NULL,NULL,NULL,NULL,NULL,NULL,NULL,NULL,NULL,NULL,'tudor:79470',1,'2026-03-17 05:31:14.318','2026-03-17 05:31:14.319','2026-03-17 05:31:14.319'),(1198,8,NULL,'79470-0001','79470-0001',NULL,NULL,NULL,NULL,NULL,NULL,NULL,NULL,NULL,NULL,NULL,NULL,'tudor:79470-0001',1,'2026-03-17 05:31:14.323','2026-03-17 05:31:14.323','2026-03-17 05:31:14.323'),(1199,8,NULL,'79500','79500',NULL,NULL,NULL,NULL,NULL,NULL,NULL,NULL,NULL,NULL,NULL,NULL,'tudor:79500',1,'2026-03-17 05:31:14.326','2026-03-17 05:31:14.327','2026-03-17 05:31:14.327'),(1200,8,NULL,'79540','79540',NULL,NULL,NULL,NULL,NULL,NULL,NULL,NULL,NULL,NULL,NULL,NULL,'tudor:79540',1,'2026-03-17 05:31:14.330','2026-03-17 05:31:14.330','2026-03-17 05:31:14.330'),(1201,8,NULL,'79540-0004','79540-0004',NULL,NULL,NULL,NULL,NULL,NULL,NULL,NULL,NULL,NULL,NULL,NULL,'tudor:79540-0004',1,'2026-03-17 05:31:14.334','2026-03-17 05:31:14.334','2026-03-17 05:31:14.334'),(1202,8,NULL,'79580','79580',NULL,NULL,NULL,NULL,NULL,NULL,NULL,NULL,NULL,NULL,NULL,NULL,'tudor:79580',1,'2026-03-17 05:31:14.338','2026-03-17 05:31:14.339','2026-03-17 05:31:14.339'),(1203,8,NULL,'79730','79730',NULL,NULL,NULL,NULL,NULL,NULL,NULL,NULL,NULL,NULL,NULL,NULL,'tudor:79730',1,'2026-03-17 05:31:14.341','2026-03-17 05:31:14.342','2026-03-17 05:31:14.342'),(1204,8,NULL,'79733N','79733N',NULL,NULL,NULL,NULL,NULL,NULL,NULL,NULL,NULL,NULL,NULL,NULL,'tudor:79733N',1,'2026-03-17 05:31:14.344','2026-03-17 05:31:14.345','2026-03-17 05:31:14.345'),(1205,8,NULL,'79830','79830',NULL,NULL,NULL,NULL,NULL,NULL,NULL,NULL,NULL,NULL,NULL,NULL,'tudor:79830',1,'2026-03-17 05:31:14.349','2026-03-17 05:31:14.350','2026-03-17 05:31:14.350'),(1206,8,NULL,'79830RB','79830RB',NULL,NULL,NULL,NULL,NULL,NULL,NULL,NULL,NULL,NULL,NULL,NULL,'tudor:79830RB',1,'2026-03-17 05:31:14.353','2026-03-17 05:31:14.353','2026-03-17 05:31:14.353'),(1207,8,NULL,'79833MN','79833MN',NULL,NULL,NULL,NULL,NULL,NULL,NULL,NULL,NULL,NULL,NULL,NULL,'tudor:79833MN',1,'2026-03-17 05:31:14.356','2026-03-17 05:31:14.356','2026-03-17 05:31:14.356'),(1208,8,NULL,'79910','79910',NULL,NULL,NULL,NULL,NULL,NULL,NULL,NULL,NULL,NULL,NULL,NULL,'tudor:79910',1,'2026-03-17 05:31:14.359','2026-03-17 05:31:14.360','2026-03-17 05:31:14.360'),(1209,8,NULL,'79950','79950',NULL,NULL,NULL,NULL,NULL,NULL,NULL,NULL,NULL,NULL,NULL,NULL,'tudor:79950',1,'2026-03-17 05:31:14.362','2026-03-17 05:31:14.363','2026-03-17 05:31:14.363'),(1210,8,NULL,'9411/0','9411/0',NULL,NULL,NULL,NULL,NULL,NULL,NULL,NULL,NULL,NULL,NULL,NULL,'tudor:9411/0',1,'2026-03-17 05:31:14.365','2026-03-17 05:31:14.366','2026-03-17 05:31:14.366'),(1211,8,NULL,'M25407N-0001','M25407N-0001',NULL,NULL,NULL,NULL,NULL,NULL,NULL,NULL,NULL,NULL,NULL,NULL,'tudor:M25407N-0001',1,'2026-03-17 05:31:14.369','2026-03-17 05:31:14.370','2026-03-17 05:31:14.370'),(1212,8,NULL,'M25600TB-0001','M25600TB-0001',NULL,NULL,NULL,NULL,NULL,NULL,NULL,NULL,NULL,NULL,NULL,NULL,'tudor:M25600TB-0001',1,'2026-03-17 05:31:14.372','2026-03-17 05:31:14.373','2026-03-17 05:31:14.373'),(1213,8,NULL,'M25600TN-0001','M25600TN-0001',NULL,NULL,NULL,NULL,NULL,NULL,NULL,NULL,NULL,NULL,NULL,NULL,'tudor:M25600TN-0001',1,'2026-03-17 05:31:14.375','2026-03-17 05:31:14.376','2026-03-17 05:31:14.376'),(1214,8,NULL,'M25610TNL-0001','M25610TNL-0001',NULL,NULL,NULL,NULL,NULL,NULL,NULL,NULL,NULL,NULL,NULL,NULL,'tudor:M25610TNL-0001',1,'2026-03-17 05:31:14.378','2026-03-17 05:31:14.378','2026-03-17 05:31:14.378'),(1215,8,NULL,'M25717N-0001','M25717N-0001',NULL,NULL,NULL,NULL,NULL,NULL,NULL,NULL,NULL,NULL,NULL,NULL,'tudor:M25717N-0001',1,'2026-03-17 05:31:14.381','2026-03-17 05:31:14.382','2026-03-17 05:31:14.382'),(1216,8,NULL,'M28600-0005','M28600-0005',NULL,NULL,NULL,NULL,NULL,NULL,NULL,NULL,NULL,NULL,NULL,NULL,'tudor:M28600-0005',1,'2026-03-17 05:31:14.384','2026-03-17 05:31:14.384','2026-03-17 05:31:14.384'),(1217,8,NULL,'M70150-0001','M70150-0001',NULL,NULL,NULL,NULL,NULL,NULL,NULL,NULL,NULL,NULL,NULL,NULL,'tudor:M70150-0001',1,'2026-03-17 05:31:14.387','2026-03-17 05:31:14.387','2026-03-17 05:31:14.387'),(1218,8,NULL,'M79010SG-0001','M79010SG-0001',NULL,NULL,NULL,NULL,NULL,NULL,NULL,NULL,NULL,NULL,NULL,NULL,'tudor:M79010SG-0001',1,'2026-03-17 05:31:14.390','2026-03-17 05:31:14.390','2026-03-17 05:31:14.390'),(1219,8,NULL,'M79010SG-0002','M79010SG-0002',NULL,NULL,NULL,NULL,NULL,NULL,NULL,NULL,NULL,NULL,NULL,NULL,'tudor:M79010SG-0002',1,'2026-03-17 05:31:14.393','2026-03-17 05:31:14.393','2026-03-17 05:31:14.393'),(1220,8,NULL,'M79012M-0001','M79012M-0001',NULL,NULL,NULL,NULL,NULL,NULL,NULL,NULL,NULL,NULL,NULL,NULL,'tudor:M79012M-0001',1,'2026-03-17 05:31:14.396','2026-03-17 05:31:14.397','2026-03-17 05:31:14.397'),(1221,8,NULL,'M79018V-0001','M79018V-0001',NULL,NULL,NULL,NULL,NULL,NULL,NULL,NULL,NULL,NULL,NULL,NULL,'tudor:M79018V-0001',1,'2026-03-17 05:31:14.400','2026-03-17 05:31:14.401','2026-03-17 05:31:14.401'),(1222,8,NULL,'M79030B-0001','M79030B-0001',NULL,NULL,NULL,NULL,NULL,NULL,NULL,NULL,NULL,NULL,NULL,NULL,'tudor:M79030B-0001',1,'2026-03-17 05:31:14.403','2026-03-17 05:31:14.404','2026-03-17 05:31:14.404'),(1223,8,NULL,'M79030N-0001','M79030N-0001',NULL,NULL,NULL,NULL,NULL,NULL,NULL,NULL,NULL,NULL,NULL,NULL,'tudor:M79030N-0001',1,'2026-03-17 05:31:14.406','2026-03-17 05:31:14.407','2026-03-17 05:31:14.407'),(1224,8,NULL,'M79210CNU-0001','M79210CNU-0001',NULL,NULL,NULL,NULL,NULL,NULL,NULL,NULL,NULL,NULL,NULL,NULL,'tudor:M79210CNU-0001',1,'2026-03-17 05:31:14.410','2026-03-17 05:31:14.410','2026-03-17 05:31:14.410'),(1225,8,NULL,'M79230B-0008','M79230B-0008',NULL,NULL,NULL,NULL,NULL,NULL,NULL,NULL,NULL,NULL,NULL,NULL,'tudor:M79230B-0008',1,'2026-03-17 05:31:14.413','2026-03-17 05:31:14.413','2026-03-17 05:31:14.413'),(1226,8,NULL,'M79230N-0009','M79230N-0009',NULL,NULL,NULL,NULL,NULL,NULL,NULL,NULL,NULL,NULL,NULL,NULL,'tudor:M79230N-0009',1,'2026-03-17 05:31:14.416','2026-03-17 05:31:14.416','2026-03-17 05:31:14.416'),(1227,8,NULL,'M79230R-0012','M79230R-0012',NULL,NULL,NULL,NULL,NULL,NULL,NULL,NULL,NULL,NULL,NULL,NULL,'tudor:M79230R-0012',1,'2026-03-17 05:31:14.419','2026-03-17 05:31:14.420','2026-03-17 05:31:14.420'),(1228,8,NULL,'M79360N-0001','M79360N-0001',NULL,NULL,NULL,NULL,NULL,NULL,NULL,NULL,NULL,NULL,NULL,NULL,'tudor:M79360N-0001',1,'2026-03-17 05:31:14.422','2026-03-17 05:31:14.423','2026-03-17 05:31:14.423'),(1229,8,NULL,'M79360N-0002','M79360N-0002',NULL,NULL,NULL,NULL,NULL,NULL,NULL,NULL,NULL,NULL,NULL,NULL,'tudor:M79360N-0002',1,'2026-03-17 05:31:14.425','2026-03-17 05:31:14.426','2026-03-17 05:31:14.426'),(1230,8,NULL,'M79363N-0007','M79363N-0007',NULL,NULL,NULL,NULL,NULL,NULL,NULL,NULL,NULL,NULL,NULL,NULL,'tudor:M79363N-0007',1,'2026-03-17 05:31:14.429','2026-03-17 05:31:14.430','2026-03-17 05:31:14.430'),(1231,8,NULL,'M7941A1A0RU-0001','M7941A1A0RU-0001',NULL,NULL,NULL,NULL,NULL,NULL,NULL,NULL,NULL,NULL,NULL,NULL,'tudor:M7941A1A0RU-0001',1,'2026-03-17 05:31:14.432','2026-03-17 05:31:14.432','2026-03-17 05:31:14.432'),(1232,8,NULL,'M7941A1A0RU-0003','M7941A1A0RU-0003',NULL,NULL,NULL,NULL,NULL,NULL,NULL,NULL,NULL,NULL,NULL,NULL,'tudor:M7941A1A0RU-0003',1,'2026-03-17 05:31:14.434','2026-03-17 05:31:14.435','2026-03-17 05:31:14.435'),(1233,8,NULL,'M79470-0001','M79470-0001',NULL,NULL,NULL,NULL,NULL,NULL,NULL,NULL,NULL,NULL,NULL,NULL,'tudor:M79470-0001',1,'2026-03-17 05:31:14.437','2026-03-17 05:31:14.438','2026-03-17 05:31:14.438'),(1234,8,NULL,'M79470-0003','M79470-0003',NULL,NULL,NULL,NULL,NULL,NULL,NULL,NULL,NULL,NULL,NULL,NULL,'tudor:M79470-0003',1,'2026-03-17 05:31:14.441','2026-03-17 05:31:14.442','2026-03-17 05:31:14.442'),(1235,8,NULL,'M79830RB-0001','M79830RB-0001',NULL,NULL,NULL,NULL,NULL,NULL,NULL,NULL,NULL,NULL,NULL,NULL,'tudor:M79830RB-0001',1,'2026-03-17 05:31:14.444','2026-03-17 05:31:14.445','2026-03-17 05:31:14.445'),(1236,8,NULL,'M79830RB-0010','M79830RB-0010',NULL,NULL,NULL,NULL,NULL,NULL,NULL,NULL,NULL,NULL,NULL,NULL,'tudor:M79830RB-0010',1,'2026-03-17 05:31:14.447','2026-03-17 05:31:14.448','2026-03-17 05:31:14.448'),(1237,8,NULL,'M79833MN-0001','M79833MN-0001',NULL,NULL,NULL,NULL,NULL,NULL,NULL,NULL,NULL,NULL,NULL,NULL,'tudor:M79833MN-0001',1,'2026-03-17 05:31:14.451','2026-03-17 05:31:14.452','2026-03-17 05:31:14.452'),(1238,8,NULL,'M79950-0001','M79950-0001',NULL,NULL,NULL,NULL,NULL,NULL,NULL,NULL,NULL,NULL,NULL,NULL,'tudor:M79950-0001',1,'2026-03-17 05:31:14.455','2026-03-17 05:31:14.456','2026-03-17 05:31:14.456');
/*!40000 ALTER TABLE `WatchReference` ENABLE KEYS */;
UNLOCK TABLES;

--
-- Table structure for table `WatchReferenceSpec`
--

DROP TABLE IF EXISTS `WatchReferenceSpec`;
/*!40101 SET @saved_cs_client     = @@character_set_client */;
/*!50503 SET character_set_client = utf8mb4 */;
CREATE TABLE `WatchReferenceSpec` (
  `id` int NOT NULL AUTO_INCREMENT,
  `watchReferenceId` int NOT NULL,
  `specKey` varchar(191) COLLATE utf8mb4_unicode_ci NOT NULL,
  `specValue` text COLLATE utf8mb4_unicode_ci NOT NULL,
  PRIMARY KEY (`id`),
  KEY `WatchReferenceSpec_watchReferenceId_idx` (`watchReferenceId`),
  CONSTRAINT `WatchReferenceSpec_watchReferenceId_fkey` FOREIGN KEY (`watchReferenceId`) REFERENCES `WatchReference` (`id`) ON DELETE RESTRICT ON UPDATE CASCADE
) ENGINE=InnoDB DEFAULT CHARSET=utf8mb4 COLLATE=utf8mb4_unicode_ci;
/*!40101 SET character_set_client = @saved_cs_client */;

--
-- Dumping data for table `WatchReferenceSpec`
--

LOCK TABLES `WatchReferenceSpec` WRITE;
/*!40000 ALTER TABLE `WatchReferenceSpec` DISABLE KEYS */;
/*!40000 ALTER TABLE `WatchReferenceSpec` ENABLE KEYS */;
UNLOCK TABLES;

--
-- Table structure for table `_prisma_migrations`
--

DROP TABLE IF EXISTS `_prisma_migrations`;
/*!40101 SET @saved_cs_client     = @@character_set_client */;
/*!50503 SET character_set_client = utf8mb4 */;
CREATE TABLE `_prisma_migrations` (
  `id` varchar(36) COLLATE utf8mb4_unicode_ci NOT NULL,
  `checksum` varchar(64) COLLATE utf8mb4_unicode_ci NOT NULL,
  `finished_at` datetime(3) DEFAULT NULL,
  `migration_name` varchar(255) COLLATE utf8mb4_unicode_ci NOT NULL,
  `logs` text COLLATE utf8mb4_unicode_ci,
  `rolled_back_at` datetime(3) DEFAULT NULL,
  `started_at` datetime(3) NOT NULL DEFAULT CURRENT_TIMESTAMP(3),
  `applied_steps_count` int unsigned NOT NULL DEFAULT '0',
  PRIMARY KEY (`id`)
) ENGINE=InnoDB DEFAULT CHARSET=utf8mb4 COLLATE=utf8mb4_unicode_ci;
/*!40101 SET character_set_client = @saved_cs_client */;

--
-- Dumping data for table `_prisma_migrations`
--

LOCK TABLES `_prisma_migrations` WRITE;
/*!40000 ALTER TABLE `_prisma_migrations` DISABLE KEYS */;
INSERT INTO `_prisma_migrations` VALUES ('04f992d3-988b-4c13-8a64-f08d9a5d63ed','9b5776b4e8c1a0cb881be506e9ce3084152f768f0b9f5df765e254249a16af6b','2026-03-17 07:16:00.834','20260317071600_add_enrichment_run_state',NULL,NULL,'2026-03-17 07:16:00.807',1),('54788912-872d-4bf3-aae3-30606c11cbd9','c8f75dd602e38af6eeeb568caf9e158d02051717ed4dfce68227db771657f68d','2026-03-17 08:03:26.858','20260317080326_phase3_foundations',NULL,NULL,'2026-03-17 08:03:26.696',1),('5c9cfe65-e8ec-47fc-b439-d13d0cb42282','1f4db6ba282d9e82584fec8dfa6ae121f1cc9a3fd2541438625e1e2ea70ffbc4','2026-03-16 04:48:31.008','20260316044830_init',NULL,NULL,'2026-03-16 04:48:30.833',1),('86283b55-bddf-4d93-b03c-f22ab18bd249','551803304831f947c008149a1e03e2780a1e468c81a5dc81f15442f0a24830ac','2026-03-16 11:15:41.163','20260316111541_fix_allocation_relations',NULL,NULL,'2026-03-16 11:15:41.096',1),('9ee3eb58-72c7-4053-adb4-2cdba38123b7','6f479dc9661787e2984221f4bf499b5a75b14d9fe64fd0fa0e22fbee075a80ce','2026-03-14 15:44:39.683','20260314154438_init',NULL,NULL,'2026-03-14 15:44:38.587',1);
/*!40000 ALTER TABLE `_prisma_migrations` ENABLE KEYS */;
UNLOCK TABLES;
/*!40103 SET TIME_ZONE=@OLD_TIME_ZONE */;

/*!40101 SET SQL_MODE=@OLD_SQL_MODE */;
/*!40014 SET FOREIGN_KEY_CHECKS=@OLD_FOREIGN_KEY_CHECKS */;
/*!40014 SET UNIQUE_CHECKS=@OLD_UNIQUE_CHECKS */;
/*!40101 SET CHARACTER_SET_CLIENT=@OLD_CHARACTER_SET_CLIENT */;
/*!40101 SET CHARACTER_SET_RESULTS=@OLD_CHARACTER_SET_RESULTS */;
/*!40101 SET COLLATION_CONNECTION=@OLD_COLLATION_CONNECTION */;
/*!40111 SET SQL_NOTES=@OLD_SQL_NOTES */;

-- Dump completed on 2026-03-17 12:34:40
